DULUTH,SAN DIEGO,SACRAMENTO,MT TAMALPAIS,SAN FRANCISCO,SAN JOSE,EUREKA,RED BLUFF,LOS ANGELES,INDEPENDENCE,FRESNO,SAN LUIS OBIS,mean_col
"(0, 0, 0, 0, 0, 0, 0, 0, 0, 0, 0, 0)","(225, 262, 244, 269, 281, 215, 306, 272, 282, 249, 226, 282, 3113)","(0, 0, 0, 0, 0, 0, 0, 0, 0, 0, 0, 0)","(168, 203, 270, 249, 322, 338, 420, 365, 271, 243, 156, 179, 3184)","(147, 222, 227, 267, 358, 296, 358, 328, 310, 269, 203, 180, 3164)","(0, 0, 0, 0, 0, 0, 0, 0, 0, 0, 0, 0)","(130, 117, 131, 232, 224, 184, 246, 255, 214, 154, 96, 131, 2115)","(0, 0, 0, 0, 0, 0, 0, 0, 0, 0, 0, 0)","(204, 255, 229, 242, 308, 282, 331, 286, 297, 254, 239, 275, 3201)","(0, 0, 0, 0, 0, 0, 0, 0, 0, 0, 0, 0)","(47, 237, 304, 296, 338, 399, 425, 397, 339, 268, 122, 27, 3199)","(0, 0, 0, 0, 0, 0, 0, 0, 0, 0, 0, 0)","(153.5, 216.0, 234.17, 259.17, 305.17, 285.67, 347.67, 317.17, 285.5, 239.5, 173.67, 179.0)"
"(0, 0, 0, 0, 0, 0, 0, 0, 0, 0, 0, 0)","(199, 200, 296, 286, 169, 251, 300, 300, 267, 235, 229, 271, 3002)","(0, 0, 0, 0, 0, 0, 0, 0, 0, 0, 0, 0)","(159, 148, 300, 312, 361, 427, 246, 371, 295, 271, 141, 218, 3247)","(177, 166, 320, 321, 301, 378, 332, 195, 248, 240, 116, 217, 3011)","(0, 0, 0, 0, 0, 0, 0, 0, 0, 0, 0, 0)","(126, 99, 212, 247, 187, 281, 269, 162, 200, 151, 124, 158, 2215)","(0, 0, 0, 0, 0, 0, 0, 0, 0, 0, 0, 0)","(190, 204, 308, 274, 208, 273, 353, 343, 257, 257, 223, 260, 3151)","(0, 0, 0, 0, 0, 0, 0, 0, 0, 0, 0, 0)","(60, 138, 296, 340, 367, 429, 432, 390, 362, 306, 249, 218, 3587)","(0, 0, 0, 0, 0, 0, 0, 0, 0, 0, 0, 0)","(151.83, 159.17, 288.67, 296.67, 265.5, 339.83, 322.0, 293.5, 271.5, 243.33, 180.33, 223.67)"
"(0, 0, 0, 0, 0, 0, 0, 0, 0, 0, 0, 0)","(219, 207, 260, 290, 297, 246, 239, 275, 233, 234, 241, 230, 2970)","(0, 0, 0, 0, 0, 0, 0, 0, 0, 0, 0, 0)","(175, 53, 226, 201, 317, 426, 395, 351, 333, 208, 165, 156, 3006)","(188, 75, 260, 206, 284, 404, 359, 223, 198, 157, 138, 145, 2637)","(0, 0, 0, 0, 0, 0, 0, 0, 0, 0, 0, 0)","(102, 78, 171, 180, 219, 298, 267, 169, 180, 128, 122, 96, 2008)","(0, 0, 0, 0, 0, 0, 0, 0, 0, 0, 0, 0)","(227, 178, 271, 273, 319, 295, 269, 314, 275, 236, 234, 207, 3097)","(0, 0, 0, 0, 0, 0, 0, 0, 0, 0, 0, 0)","(93, 140, 266, 310, 368, 433, 426, 400, 327, 300, 199, 154, 3416)","(0, 0, 0, 0, 0, 0, 0, 0, 0, 0, 0, 0)","(167.33, 121.83, 242.33, 243.33, 300.67, 350.33, 325.83, 288.67, 257.67, 210.5, 183.17, 164.67)"
"(0, 0, 0, 0, 0, 0, 0, 0, 0, 0, 0, 0)","(229, 214, 238, 257, 179, 238, 233, 309, 252, 266, 257, 261, 2933)","(0, 0, 0, 0, 0, 0, 0, 0, 0, 0, 0, 0)","(179, 239, 146, 324, 425, 397, 412, 415, 339, 296, 149, 211, 3533)","(151, 203, 171, 282, 345, 354, 324, 289, 257, 266, 119, 184, 2943)","(0, 0, 0, 0, 0, 0, 0, 0, 0, 0, 0, 0)","(89, 182, 135, 224, 255, 195, 193, 163, 204, 114, 81, 156, 1989)","(0, 0, 0, 0, 0, 0, 0, 0, 0, 0, 0, 0)","(223, 253, 189, 241, 199, 267, 368, 329, 265, 294, 242, 268, 3137)","(0, 0, 0, 0, 0, 0, 0, 0, 0, 0, 0, 0)","(93, 213, 201, 307, 388, 386, 442, 419, 316, 316, 148, 190, 3417)","(0, 0, 0, 0, 0, 0, 0, 0, 0, 0, 0, 0)","(160.67, 217.33, 180.0, 272.5, 298.5, 306.17, 328.67, 320.67, 272.17, 258.67, 166.0, 211.67)"
"(0, 0, 0, 0, 0, 0, 0, 0, 0, 0, 0, 0)","(281, 212, 229, 307, 211, 289, 328, 296, 295, 282, 278, 223, 3232)","(0, 0, 0, 0, 0, 0, 0, 0, 0, 0, 0, 0)","(242, 105, 118, 218, 380, 398, 413, 396, 290, 258, 207, 173, 3199)","(232, 100, 136, 197, 346, 305, 250, 226, 231, 212, 194, 137, 2567)","(0, 0, 0, 0, 0, 0, 0, 0, 0, 0, 0, 0)","(154, 61, 56, 178, 308, 275, 144, 116, 119, 120, 127, 126, 1785)","(0, 0, 0, 0, 0, 0, 0, 0, 0, 0, 0, 0)","(274, 210, 211, 322, 242, 316, 343, 324, 290, 282, 274, 227, 3314)","(0, 0, 0, 0, 0, 0, 0, 0, 0, 0, 0, 0)","(215, 160, 218, 276, 389, 423, 441, 398, 290, 264, 177, 113, 3365)","(-99, -99, -99, -99, -99, -99, 352, 301, 269, 221, 235, 207, -99)","(233.0, 141.33, 161.33, 249.67, 312.67, 334.33, 324.43, 293.86, 254.86, 234.14, 213.14, 172.29)"
"(0, 0, 0, 0, 0, 0, 0, 0, 0, 0, 0, 0)","(195, 135, 180, 199, 252, 273, 206, 310, 259, 272, 197, 273, 2749)","(138, 225, 260, 332, 355, 430, 442, 404, 336, 331, 227, 187, 3667)","(113, 180, 185, 277, 278, 390, 439, 407, 323, 329, 232, 198, 3349)","(133, 192, 231, 288, 298, 306, 257, 255, 246, 278, 154, 144, 2783)","(0, 0, 0, 0, 0, 0, 0, 0, 0, 0, 0, 0)","(106, 156, 106, 225, 247, 189, 178, 216, 174, 196, 146, 134, 2074)","(0, 0, 0, 0, 0, 0, 0, 0, 0, 0, 0, 0)","(212, 158, 189, 185, 286, 296, 277, 330, 290, 281, 205, 263, 2971)","(0, 0, 0, 0, 0, 0, 0, 0, 0, 0, 0, 0)","(99, 174, 204, 283, 325, 417, 446, 415, 339, 322, 243, 119, 3386)","(158, 192, 256, 257, 334, 305, 342, 336, 297, 314, 252, 264, 3306)","(144.25, 176.5, 201.38, 255.75, 296.88, 325.75, 323.38, 334.12, 283.0, 290.38, 207.0, 197.75)"
"(0, 0, 0, 0, 0, 0, 0, 0, 0, 0, 0, 0)","(218, 137, 201, 263, 198, 301, 248, 253, 278, 282, 251, 179, 2810)","(167, 157, 194, 316, 339, 351, 451, 404, 348, 326, 218, 106, 3377)","(178, 128, 166, 303, 316, 351, 449, 400, 364, 334, 233, 146, 3370)","(140, 79, 120, 151, -99, -99, 265, 343, 288, 305, 250, 158, -99)","(0, 0, 0, 0, 0, 0, 0, 0, 0, 0, 0, 0)","(101, 106, 137, 239, 203, 212, 133, 132, 173, 222, 134, 58, 1850)","(0, 0, 0, 0, 0, 0, 0, 0, 0, 0, 0, 0)","(215, 139, 177, 246, 205, 311, 330, 303, 302, 313, 230, 165, 2937)","(0, 0, 0, 0, 0, 0, 0, 0, 0, 0, 0, 0)","(180, 162, 188, 286, 327, 381, 428, 413, 350, 327, 186, 83, 3311)","(234, 222, 240, 311, 268, 344, 373, 303, 304, 312, 213, 164, 3290)","(179.12, 141.25, 177.88, 264.38, 265.14, 321.57, 334.62, 318.88, 300.88, 302.62, 214.38, 132.38)"
"(0, 0, 0, 0, 0, 0, 0, 0, 0, 0, 0, 0)","(199, 212, 257, 255, 309, 304, 328, 294, 274, 206, 275, 244, 3156)","(124, 137, 181, 324, 386, 398, 438, 401, 343, 248, 239, 90, 3309)","(101, 175, 146, 309, 364, 388, 424, 377, 327, 249, 264, 144, 3268)","(106, 139, 188, 299, 323, 302, 260, 254, 264, 215, 225, 124, 2700)","(0, 0, 0, 0, 0, 0, 0, 0, 0, 0, 0, 0)","(65, 56, 148, 166, 163, 205, 168, 221, 160, 94, 121, 40, 1606)","(0, 0, 0, 0, 0, 0, 0, 0, 0, 0, 0, 0)","(185, 201, 220, 203, 272, 305, 362, 299, 308, 231, 269, 226, 3080)","(0, 0, 0, 0, 0, 0, 0, 0, 0, 0, 0, 0)","(94, 68, 124, 290, 370, 401, 427, 377, 339, 214, 236, 78, 3018)","(143, 203, 166, 233, 297, 302, 320, 280, 286, 199, 233, 151, 2813)","(127.12, 148.88, 178.75, 259.88, 310.5, 325.62, 340.88, 312.88, 287.62, 207.0, 232.75, 137.12)"
"(0, 0, 0, 0, 0, 0, 0, 0, 0, 0, 0, 0)","(211, 208, 275, 306, 317, 303, 326, 299, 273, 296, 182, 192, 3190)","(92, 180, 323, 342, 379, 415, 441, 409, 309, 274, 176, 71, 3412)","(136, 190, 330, 334, 370, 417, 436, 415, 327, 290, 226, 183, 3653)","(136, 191, 304, 289, 245, 334, 300, 238, 253, 254, 171, 158, 2873)","(203, 232, 322, 324, 363, 381, 396, 344, 287, 281, 206, 166, 3506)","(101, 159, 246, 256, 302, 326, 294, 155, 162, 150, 162, 156, 2470)","(0, 0, 0, 0, 0, 0, 0, 0, 0, 0, 0, 0)","(186, 213, 288, 308, 341, 333, 382, 319, 286, 291, 181, 205, 3333)","(0, 0, 0, 0, 0, 0, 0, 0, 0, 0, 0, 0)","(106, 199, 319, 364, 416, 436, 432, 412, 325, 315, 226, 69, 3618)","(149, 153, 196, 284, 338, 335, 323, 323, 259, 270, 152, 178, 2960)","(146.67, 191.67, 289.22, 311.89, 341.22, 364.44, 370.0, 323.78, 275.67, 269.0, 186.89, 153.11)"
"(0, 0, 0, 0, 0, 0, 0, 0, 0, 0, 0, 0)","(150, 179, 226, 252, 204, 204, 252, 328, 280, 268, 227, 175, 2744)","(60, 123, 208, 353, 397, 392, 448, 413, 332, 235, 126, 106, 3193)","(58, 150, 241, 371, 421, 408, 449, 420, 303, 248, 190, 126, 3384)","(55, 132, 209, 317, 374, 359, 377, 308, 258, 199, 139, 143, 2869)","(184, 223, 292, 350, 382, 352, 408, 340, 287, 231, 227, 151, 3428)","(125, 102, 187, 323, 305, 263, 224, 200, 170, 145, 81, 152, 2278)","(0, 0, 0, 0, 0, 0, 0, 0, 0, 0, 0, 0)","(173, 191, 258, 294, 301, 303, 337, 374, 278, 259, 229, 178, 3176)","(0, 0, 0, 0, 0, 0, 0, 0, 0, 0, 0, 0)","(94, 129, 245, 362, 423, 406, 444, 397, 323, 282, 216, 117, 3438)","(69, 136, 213, 270, 264, 299, 349, 327, 244, 218, 197, 132, 2718)","(107.56, 151.67, 231.0, 321.33, 341.22, 331.78, 365.33, 345.22, 275.0, 231.67, 181.33, 142.22)"
"(0, 0, 0, 0, 0, 0, 0, 0, 0, 0, 0, 0)","(220, 230, 212, 282, 276, 268, 294, 320, 268, 268, 201, 236, 3074)","(135, 174, 240, 319, 389, 415, 431, 422, 343, 286, 150, 102, 3404)","(140, 160, 222, 306, 352, 394, 412, 415, 346, 250, 132, 130, 3258)","(158, 185, 249, 319, 310, 367, 348, 309, 251, 248, 127, 149, 3019)","(147, 178, 198, 286, 340, 393, 378, 345, 290, 254, 204, 157, 3168)","(83, 106, 118, 149, 203, 160, 144, 143, 132, 148, 81, 93, 1560)","(0, 0, 0, 0, 0, 0, 0, 0, 0, 0, 0, 0)","(237, 231, 236, 289, 306, 320, 358, 343, 282, 295, 203, 225, 3325)","(0, 0, 0, 0, 0, 0, 0, 0, 0, 0, 0, 0)","(153, 202, 279, 344, 412, 431, 430, 418, 338, 300, 240, 120, 3669)","(142, 151, 174, 270, 290, 315, 310, 304, 252, 243, 165, 143, 2758)","(157.22, 179.67, 214.22, 284.89, 319.78, 340.33, 345.0, 335.44, 278.0, 254.67, 167.0, 150.56)"
"(0, 0, 0, 0, 0, 0, 0, 0, 0, 0, 0, 0)","(172, 193, 209, 244, 286, 235, 251, 322, 282, 290, 248, 246, 2978)","(142, 197, 221, 279, 288, 332, 414, 382, 319, 276, 209, 188, 3248)","(91, 156, 215, 299, 309, 393, 435, 408, 297, 267, 224, 174, 3270)","(124, 179, 177, 233, 257, 230, 264, 200, 222, 244, 212, 204, 2544)","(130, 183, 195, 284, 343, 345, 361, 340, 312, 288, 275, 245, 3302)","(103, 158, 184, 192, 187, 179, 165, 142, 180, 178, 111, 93, 1872)","(0, 0, 0, 0, 0, 0, 0, 0, 0, 0, 0, 0)","(183, 207, 164, 214, 304, 279, 315, 343, 292, 283, 259, 264, 3107)","(0, 0, 0, 0, 0, 0, 0, 0, 0, 0, 0, 0)","(144, 223, 212, 317, 394, 424, 421, 419, 307, 324, 281, 208, 3673)","(123, 164, 129, 241, 259, 254, 295, 327, 270, 273, 237, 211, 2782)","(134.67, 184.44, 189.56, 255.89, 291.89, 296.78, 324.56, 320.33, 275.67, 269.22, 228.44, 203.67)"
"(0, 0, 0, 0, 0, 0, 0, 0, 0, 0, 0, 0)","(235, 246, 178, 238, 225, 245, 292, 281, 278, 242, 244, 268, 2973)","(91, 186, 194, 222, 273, 329, 418, 422, 330, 268, 170, 215, 3116)","(91, 146, 172, 203, 275, 273, 385, 402, 274, 271, 192, 197, 2882)","(114, 161, 158, 192, 310, 301, 273, 335, 243, 317, 171, 192, 2767)","(169, 211, 196, 240, 346, 351, 350, 367, 293, 301, 212, 225, 3259)","(60, 89, 179, 141, 185, 164, 132, 115, 112, 66, 46, 75, 1363)","(0, 0, 0, 0, 0, 0, 0, 0, 0, 0, 0, 0)","(232, 260, 204, 250, 289, 291, 313, 319, 287, 231, 246, 276, 3198)","(0, 0, 0, 0, 0, 0, 0, 0, 0, 0, 0, 0)","(146, 257, 219, 301, 374, 404, 410, 416, 348, 299, 238, 230, 3644)","(140, 215, 134, 214, 234, 299, 285, 329, 276, 255, 224, 258, 2864)","(142.0, 196.78, 181.56, 222.33, 279.0, 295.22, 317.56, 331.78, 271.22, 250.0, 193.67, 215.11)"
"(0, 0, 0, 0, 0, 0, 0, 0, 0, 0, 0, 0)","(230, 175, 260, 322, 268, 238, 320, 318, 310, 291, 248, 223, 3203)","(192, 251, 308, 317, 358, 374, 405, 389, 361, 326, 172, 133, 3586)","(194, 220, 270, 292, 354, 368, 407, 370, 348, 315, 142, 160, 3440)","(186, 205, 261, 292, 281, 279, 301, 295, 318, 297, 148, 129, 2991)","(194, 210, 269, 300, 357, 349, 371, 357, 332, 300, 138, 149, 3326)","(133, 177, 124, 231, 261, 220, 215, 203, 217, 221, 67, 75, 2145)","(0, 0, 0, 0, 0, 0, 0, 0, 0, 0, 0, 0)","(224, 179, 302, 309, 284, 245, 307, 322, 305, 282, 240, 210, 3209)","(0, 0, 0, 0, 0, 0, 0, 0, 0, 0, 0, 0)","(178, 220, 299, 333, 396, 390, 405, 374, 353, 323, 139, 120, 3531)","(193, 152, 250, 269, 305, 288, 327, 322, 293, 265, 160, 141, 2965)","(191.56, 198.78, 260.33, 296.11, 318.22, 305.67, 339.78, 327.78, 315.22, 291.11, 161.56, 148.89)"
"(0, 0, 0, 0, 0, 0, 0, 0, 0, 0, 0, 0)","(191, 207, 309, 320, 236, 313, 280, 280, 256, 240, 228, 178, 3037)","(153, 203, 274, 254, 351, 376, 414, 419, 340, 274, 262, 156, 3477)","(148, 190, 281, 282, 338, 395, 432, 404, 327, 254, 258, 118, 3426)","(134, 195, 268, 276, 238, 275, 209, 226, 259, 237, 240, 118, 2673)","(141, 183, 278, 265, 312, 330, 338, 338, 330, 269, 252, 180, 3217)","(50, 112, 144, 195, 156, 168, 148, 92, 178, 159, 125, 96, 1625)","(0, 0, 0, 0, 0, 0, 0, 0, 0, 0, 0, 0)","(179, 247, 281, 287, 226, 296, 303, 297, 276, 258, 238, 162, 3051)","(0, 0, 0, 0, 0, 0, 0, 0, 0, 0, 0, 0)","(133, 206, 291, 262, 385, 388, 428, 412, 343, 276, 260, 121, 3505)","(142, 205, 233, 268, 236, 306, 292, 285, 291, 266, 226, 140, 2890)","(141.22, 194.22, 262.11, 267.67, 275.33, 316.33, 316.0, 305.89, 288.89, 248.11, 232.11, 141.0)"
"(0, 0, 0, 0, 0, 0, 0, 0, 0, 0, 0, 0)","(192, 180, 272, 179, 265, 284, 340, 318, 277, 278, 268, 227, 3081)","(138, 120, 217, 228, 234, 443, 435, 394, 332, 315, 163, 122, 3141)","(96, 55, 182, 192, 214, 442, 423, 413, 352, 326, 171, 165, 3031)","(135, 108, 208, 193, 228, 377, 317, 273, 301, 269, 209, 138, 2756)","(142, 117, 217, 194, 225, 383, 408, 359, 346, 298, 227, 165, 3079)","(73, 58, 142, 140, 128, 242, 186, 139, 148, 146, 89, 148, 1639)","(0, 0, 0, 0, 0, 0, 0, 0, 0, 0, 0, 0)","(199, 170, 256, 184, 265, 330, 318, 328, 279, 296, 261, 241, 3128)","(0, 0, 0, 0, 0, 0, 0, 0, 0, 0, 0, 0)","(126, 135, 254, 248, 296, 438, 438, 418, 348, 343, 244, 169, 3455)","(148, 114, 211, 167, 222, 364, 320, 340, 291, 261, 195, 172, 2805)","(138.78, 117.44, 217.67, 191.67, 230.78, 367.0, 353.89, 331.33, 297.11, 281.33, 203.0, 171.89)"
"(0, 0, 0, 0, 0, 0, 0, 0, 0, 0, 0, 0)","(152, 211, 256, 298, 314, 266, 257, 293, 229, 243, 253, 192, 2963)","(110, 160, 295, 366, 392, 416, 445, 374, 330, 232, 200, 135, 3455)","(52, 146, 263, 377, 391, 400, 435, 400, 338, 269, 242, 169, 3481)","(65, 139, 246, 333, 342, 347, 394, 275, 260, 148, 206, 176, 2931)","(72, 160, 251, 358, 366, 360, 417, 351, 278, 173, 233, 151, 3172)","(118, 112, 175, 280, 274, 250, 274, 195, 204, 133, 187, 131, 2332)","(0, 0, 0, 0, 0, 0, 0, 0, 0, 0, 0, 0)","(129, 229, 274, 316, 346, 330, 318, 322, 255, 201, 271, 185, 3175)","(0, 0, 0, 0, 0, 0, 0, 0, 0, 0, 0, 0)","(97, 173, 277, 373, 402, 434, 445, 403, 350, 264, 242, 191, 3649)","(94, 157, 261, 327, 334, 346, 340, 289, 272, 197, 235, 172, 3024)","(98.78, 165.22, 255.33, 336.44, 351.22, 349.89, 369.44, 322.44, 279.56, 206.67, 229.89, 166.89)"
"(0, 0, 0, 0, 0, 0, 0, 0, 0, 0, 0, 0)","(166, 221, 315, 260, 237, 299, 286, 315, 300, 256, 256, 265, 3178)","(180, 180, 301, 301, 349, 436, 420, 383, 321, 302, 201, 140, 3515)","(239, 172, 295, 288, 343, 436, 422, 390, 306, 308, 169, 204, 3573)","(217, 182, 310, 330, 331, 400, 361, 193, 262, 199, 162, 200, 3146)","(204, 155, 312, 301, 290, 421, 395, 309, 310, 244, 191, 164, 3296)","(178, 125, 226, 217, 202, 302, 247, 109, 189, 144, 134, 147, 2219)","(0, 0, 0, 0, 0, 0, 0, 0, 0, 0, 0, 0)","(168, 202, 326, 282, 246, 343, 354, 338, 334, 239, 237, 270, 3337)","(0, 0, 0, 0, 0, 0, 0, 0, 0, 0, 0, 0)","(179, 212, 330, 340, 388, 439, 421, 401, 346, 341, 236, 203, 3836)","(189, 166, 319, 318, 291, 384, 346, 278, 292, 220, 210, 214, 3226)","(191.11, 179.44, 303.78, 293.0, 297.44, 384.44, 361.33, 301.78, 295.56, 250.33, 199.56, 200.78)"
"(0, 0, 0, 0, 0, 0, 0, 0, 0, 0, 0, 0)","(234, 223, 232, 275, 268, 266, 321, 303, 224, 219, 220, 235, 3021)","(153, 159, 236, 349, 405, 410, 428, 388, 242, 278, 191, 188, 3427)","(182, 125, 145, 307, 380, 408, 415, 356, 196, 263, 211, 209, 3197)","(224, 186, 218, 313, 365, 334, 308, 341, 200, 279, 216, 216, 3200)","(190, 156, 186, 342, 343, 391, 388, 362, 214, 239, 170, 178, 3158)","(150, 162, 180, 287, 292, 257, 176, 261, 103, 163, 143, 167, 2340)","(0, 0, 0, 0, 0, 0, 0, 0, 0, 0, 0, 0)","(245, 202, 199, 262, 313, 288, 318, 316, 230, 252, 225, 252, 3103)","(-99, -99, -99, -99, -99, 368, 390, 365, 309, 292, 226, 233, -99)","(176, 184, 246, 362, 408, 411, 430, 402, 302, 304, 192, 172, 3589)","(220, 131, 184, 316, 356, 360, 345, 311, 206, 267, 216, 249, 3162)","(197.11, 169.78, 202.89, 312.56, 347.78, 349.3, 351.9, 340.5, 222.6, 255.6, 201.0, 209.9)"
"(0, 0, 0, 0, 0, 0, 0, 0, 0, 0, 0, 0)","(236, 193, 229, 264, 218, 337, 336, 266, 248, 264, 229, 215, 3033)","(191, 122, 210, 295, 408, 443, 442, 402, 313, 298, 236, 100, 3461)","(195, 119, 207, 335, 386, 435, 445, 414, 331, 325, 267, 168, 3626)","(224, 180, 214, 247, 365, 415, 293, 202, 265, 270, 248, 140, 3063)","(224, 124, 175, 225, 365, 422, 385, 338, 293, 287, 245, 162, 3244)","(125, 88, 161, 199, 275, 319, 230, 182, 198, 242, 130, 112, 2261)","(0, 0, 0, 0, 0, 0, 0, 0, 0, 0, 0, 0)","(259, 212, 263, 280, 178, 392, 388, 336, 268, 294, 258, 262, 3390)","(256, 203, 283, 356, 393, 406, 393, 363, 336, 332, 280, 237, 3839)","(234, 154, 231, 330, 392, 439, 443, 410, 322, 324, 268, 159, 3706)","(233, 158, 198, 267, 260, 380, 368, 341, 300, 315, 278, 213, 3311)","(217.7, 155.3, 217.1, 279.8, 324.0, 398.8, 372.3, 325.4, 287.4, 295.1, 243.9, 176.8)"
"(0, 0, 0, 0, 0, 0, 0, 0, 0, 0, 0, 0)","(155, 146, 240, 286, 217, 278, 339, 333, 286, 288, 244, 223, 3036)","(164, 222, 252, 318, 368, 352, 412, 400, 332, 282, 140, 117, 3357)","(216, 216, 244, 304, 382, 329, 425, 381, 328, 247, 148, 176, 3396)","(211, 205, 276, 319, 375, 364, 310, 336, 277, 280, 154, 163, 3270)","(197, 190, 246, 309, 362, 364, 378, 359, 309, 264, 147, 139, 3265)","(156, 166, 205, 299, 304, 278, 225, 222, 170, 180, 116, 56, 2377)","(0, 0, 0, 0, 0, 0, 0, 0, 0, 0, 0, 0)","(235, 200, 267, 274, 264, 301, 392, 320, 267, 256, 231, 212, 3219)","(222, 215, 298, 341, 374, 376, 408, 359, 335, 290, 227, 223, 3669)","(178, 226, 280, 351, 424, 412, 443, 405, 356, 305, 212, 142, 3734)","(217, 191, 251, 285, 321, 313, 365, 314, 288, 280, 217, 188, 3230)","(195.1, 197.7, 255.9, 308.6, 339.1, 336.7, 369.7, 342.9, 294.8, 267.2, 183.6, 163.9)"
"(0, 0, 0, 0, 0, 0, 0, 0, 0, 0, 0, 0)","(213, 224, 253, 314, 210, 234, 278, 291, 281, 189, 219, 161, 2868)","(140, 208, 243, 350, 361, 416, 449, 419, 345, 296, 211, 152, 3589)","(0, 0, 0, 0, 0, 0, 0, 0, 0, 0, 0, 0)","(143, 160, 187, 266, 253, 376, 299, 276, 300, 225, 194, 148, 2825)","(134, -99, 174, 272, 221, 376, 388, 354, 317, 253, 219, 142, -99)","(88, 98, 122, 217, 215, 228, 248, 200, 277, 117, 93, 100, 2002)","(0, 0, 0, 0, 0, 0, 0, 0, 0, 0, 0, 0)","(210, 243, 253, 304, 184, 252, 351, 335, 277, 231, 239, 171, 3050)","(182, 252, 307, 349, 304, 390, 398, 361, 351, 294, 234, 164, 3586)","(138, 214, 283, 360, 354, 425, 430, 414, 347, 294, 246, 154, 3659)","(186, 238, 236, 328, 290, 361, 333, 324, 265, 246, 234, 159, 3200)","(159.33, 204.62, 228.67, 306.67, 265.78, 339.78, 352.67, 330.44, 306.67, 238.33, 209.89, 150.11)"
"(0, 0, 0, 0, 0, 0, 0, 0, 0, 0, 0, 0)","(224, 218, 278, 271, 289, 294, 313, 316, 305, 291, 274, 204, 3276)","(177, 134, 241, 345, 387, 409, 431, 395, 368, 254, 198, 82, 3420)","(0, 0, 0, 0, 0, 0, 0, 0, 0, 0, 0, 0)","(219, 158, 243, 339, 360, 343, 349, 342, 322, 195, 219, 125, 3213)","(235, 167, 264, 333, 351, 356, 386, 369, 330, 237, 222, 129, 3380)","(144, 124, 151, 240, 235, 266, 191, 248, 218, 148, 163, 73, 2201)","(0, 0, 0, 0, 0, 0, 0, 0, 0, 0, 0, 0)","(228, 179, 269, 281, 303, 353, 347, 359, 330, 286, 265, 165, 3365)","(256, 194, 321, 348, 396, 392, 380, 346, 357, 303, 213, 162, 3668)","(172, 166, 275, 358, 400, 406, 433, 407, 369, 307, 186, 61, 3539)","(223, 167, 248, 289, 323, 349, 330, 349, 327, 262, 226, 162, 3255)","(208.67, 167.44, 254.44, 311.56, 338.22, 352.0, 351.11, 347.89, 325.11, 253.67, 218.44, 129.22)"
"(0, 0, 0, 0, 0, 0, 0, 0, 0, 0, 0, 0)","(237, 228, 326, 260, 332, 293, 302, 296, 276, 286, 280, 235, 3353)","(68, 220, 309, 267, 395, 394, 447, 392, 318, 280, 238, 190, 3518)","(0, 0, 0, 0, 0, 0, 0, 0, 0, 0, 0, 0)","(160, 238, 320, 291, 362, 305, 358, 298, 304, 257, 231, 212, 3337)","(174, 220, 319, 291, 381, 309, 406, 357, 308, 266, 244, 207, 3482)","(94, 162, 252, 191, 246, 216, 256, 244, 213, 216, 187, 135, 2412)","(0, 0, 0, 0, 0, 0, 0, 0, 0, 0, 0, 0)","(194, 218, 307, 230, 311, 305, 336, 279, 236, 275, 276, 220, 3188)","(225, 259, 340, 292, 411, 384, 416, 372, 298, 308, 270, 236, 3813)","(104, 236, 309, 285, 402, 401, 440, 398, 334, 296, 258, 197, 3661)","(233, 230, 322, 254, 357, 337, 365, 341, 293, 294, 257, 232, 3516)","(165.44, 223.44, 311.56, 262.33, 355.22, 327.11, 369.56, 330.78, 286.67, 275.33, 249.0, 207.11)"
"(0, 0, 0, 0, 0, 0, 0, 0, 0, 0, 0, 0)","(283, 276, 275, 242, 261, 302, 296, 259, 295, 245, 231, 184, 3150)","(192, 229, 268, 347, 430, 433, 441, 417, 367, 254, 212, 97, 3687)","(0, 0, 0, 0, 0, 0, 0, 0, 0, 0, 0, 0)","(201, 213, 277, 288, 303, 317, 346, 229, 313, 265, 217, 183, 3152)","(238, 223, 267, 292, 390, 401, 410, 350, 320, 250, 217, 137, 3497)","(171, 134, 256, 308, 286, 313, 317, 187, 204, 189, 145, 108, 2616)","(0, 0, 0, 0, 0, 0, 0, 0, 0, 0, 0, 0)","(279, 264, 267, 227, 279, 345, 356, 328, 306, 257, 266, 199, 3374)","(286, 283, 299, 351, 398, 432, 415, 401, 342, 294, 242, -99, -99)","(205, 254, 271, 342, 422, 437, 445, 416, 368, 309, 254, 128, 3853)","(250, 256, 298, 268, 335, 356, 345, 324, 320, 273, 248, 203, 3476)","(233.89, 236.89, 275.33, 296.11, 344.89, 370.67, 374.56, 323.44, 315.0, 259.56, 225.78, 154.88)"
"(0, 0, 0, 0, 0, 0, 0, 0, 0, 0, 0, 0)","(234, 149, 225, 193, 226, 240, 318, 304, 254, 166, 216, 220, 2745)","(160, 132, 276, 267, 326, 408, 418, 399, 342, 308, 184, 132, 3352)","(0, 0, 0, 0, 0, 0, 0, 0, 0, 0, 0, 0)","(222, 165, 294, 268, 283, 346, 285, 211, 217, 205, 167, 230, 2893)","(174, 130, 245, 224, 282, 369, 370, 362, 286, 245, 180, 193, 3061)","(81, 85, 207, 174, 179, 250, 170, 198, 150, 176, 126, 169, 1964)","(0, 0, 0, 0, 0, 0, 0, 0, 0, 0, 0, 0)","(256, 188, 251, 240, 233, 291, 356, 344, 309, 248, 224, 236, 3175)","(0, 0, 0, 0, 0, 0, 0, 0, 0, 0, 0, 0)","(144, 203, 278, 288, 369, 403, 425, 406, 348, 303, 199, 124, 3491)","(251, 175, 216, 218, 234, 359, 336, 326, 333, 251, 199, 240, 3138)","(190.25, 153.38, 249.0, 234.0, 266.5, 333.25, 334.75, 318.75, 279.88, 237.75, 186.88, 193.0)"
"(0, 0, 0, 0, 0, 0, 0, 0, 0, 0, 0, 0)","(254, 224, 258, 198, 268, 230, 286, 300, 273, 266, 247, 177, 2982)","(105, 173, 344, 281, 397, 424, 442, 404, 354, 302, 144, 190, 3561)","(0, 0, 0, 0, 0, 0, 0, 0, 0, 0, 0, 0)","(188, 182, 318, 235, 318, 299, 339, 232, 257, 228, 129, 181, 2905)","(174, 169, 269, 252, 396, 396, 436, 372, 327, 261, 190, 220, 3462)","(132, 106, 224, 184, 316, 244, 281, 173, 226, 153, 65, 119, 2224)","(0, 0, 0, 0, 0, 0, 0, 0, 0, 0, 0, 0)","(275, 230, 211, 166, 290, 239, 317, 322, 303, 286, 211, 187, 3036)","(0, 0, 0, 0, 0, 0, 0, 0, 0, 0, 0, 0)","(115, 193, 311, 291, 408, 399, 437, 401, 368, 311, 180, 162, 3574)","(253, 184, 221, 225, 392, 328, 356, 334, 299, 262, 189, 246, 3290)","(187.0, 182.62, 269.5, 229.0, 348.12, 319.88, 361.75, 317.25, 300.88, 258.62, 169.38, 185.25)"
"(0, 0, 0, 0, 0, 0, 0, 0, 0, 0, 0, 0)","(196, 137, 230, 231, 266, 204, 342, 312, 248, 232, 235, 217, 2851)","(126, 104, 225, 322, 382, 400, 436, 416, 338, 286, 126, 161, 3321)","(0, 0, 0, 0, 0, 0, 0, 0, 0, 0, 0, 0)","(142, 125, 243, 285, 339, 294, 279, 243, 298, 256, 162, 192, 2858)","(166, 152, 229, 300, 369, 358, 375, 332, 318, 263, 186, 194, 3241)","(91, 123, 185, 210, 242, 221, 217, 185, 261, 173, 101, 156, 2165)","(0, 0, 0, 0, 0, 0, 0, 0, 0, 0, 0, 0)","(202, 124, 207, 244, 303, 260, 374, 356, 278, 246, 243, 188, 3024)","(0, 0, 0, 0, 0, 0, 0, 0, 0, 0, 0, 0)","(158, 171, 270, 333, 402, 409, 446, 405, 342, 287, 143, 167, 3533)","(0, 0, 0, 0, 0, 0, 0, 0, 0, 0, 0, 0)","(154.43, 133.71, 227.0, 275.0, 329.0, 306.57, 352.71, 321.29, 297.57, 249.0, 170.86, 182.14)"
"(0, 0, 0, 0, 0, 0, 0, 0, 0, 0, 0, 0)","(266, 255, 276, 331, 223, 249, 320, 299, 297, 253, 233, 242, 3244)","(109, 186, 162, 281, 376, 428, 423, 421, 334, 271, 212, 122, 3325)","(0, 0, 0, 0, 0, 0, 0, 0, 0, 0, 0, 0)","(177, 212, 210, 313, 277, 388, 281, 267, 276, 248, 194, 204, 3046)","(165, 202, 179, 293, 317, 385, 360, 347, 298, 266, 214, 212, 3238)","(116, 150, 150, 231, 266, 239, 193, 182, 152, 120, 120, 128, 2047)","(0, 0, 0, 0, 0, 0, 0, 0, 0, 0, 0, 0)","(278, 252, 214, 335, 207, 278, 347, 349, 337, 287, 253, 252, 3390)","(0, 0, 0, 0, 0, 0, 0, 0, 0, 0, 0, 0)","(160, 245, 241, 340, 384, 430, 437, 419, 364, 317, 238, 132, 3707)","(0, 0, 0, 0, 0, 0, 0, 0, 0, 0, 0, 0)","(181.57, 214.57, 204.57, 303.43, 292.86, 342.43, 337.29, 326.29, 294.0, 251.71, 209.14, 184.57)"
"(0, 0, 0, 0, 0, 0, 0, 0, 0, 0, 0, 0)","(195, 208, 250, 237, 296, 315, 276, 328, 202, 242, 280, 236, 3064)","(64, 235, 240, 270, 395, 365, 443, 417, 365, 334, 292, 102, 3522)","(0, 0, 0, 0, 0, 0, 0, 0, 0, 0, 0, 0)","(150, 229, 247, 284, 292, 333, 298, 300, 270, 273, 280, 125, 3081)","(186, 227, 223, 229, 329, 359, 399, 360, 309, 302, 274, 140, 3338)","(132, 202, 200, 188, 265, 266, 289, 243, 216, 196, 112, 87, 2396)","(0, 0, 0, 0, 0, 0, 0, 0, 0, 0, 0, 0)","(209, 236, 275, 259, 300, 350, 352, 374, 266, 283, 299, 246, 3447)","(0, 0, 0, 0, 0, 0, 0, 0, 0, 0, 0, 0)","(116, 255, 279, 326, 391, 367, 427, 405, 340, 325, 302, 128, 3661)","(0, 0, 0, 0, 0, 0, 0, 0, 0, 0, 0, 0)","(150.29, 227.43, 244.86, 256.14, 324.0, 336.43, 354.86, 346.71, 281.14, 279.29, 262.71, 152.0)"
"(0, 0, 0, 0, 0, 0, 0, 0, 0, 0, 0, 0)","(176, 229, 260, 282, 313, 272, 319, 284, 255, 278, 251, 264, 3182)","(121, 230, 290, 323, 360, 418, 435, 410, 295, 308, 231, 185, 3604)","(0, 0, 0, 0, 0, 0, 0, 0, 0, 0, 0, 0)","(113, 201, 272, 302, 356, 362, 318, 304, 220, 278, 207, 205, 3136)","(122, 182, 258, 267, 288, 381, 380, 343, 250, 287, 192, 214, 3164)","(85, 126, 258, 204, 286, 305, 257, 221, 124, 231, 184, 214, 2496)","(0, 0, 0, 0, 0, 0, 0, 0, 0, 0, 0, 0)","(180, 241, 249, 298, 314, 296, 361, 329, 256, 309, 258, 280, 3371)","(0, 0, 0, 0, 0, 0, 0, 0, 0, 0, 0, 0)","(126, 235, 295, 331, 345, 431, 420, 386, 315, 320, 244, 210, 3659)","(0, 0, 0, 0, 0, 0, 0, 0, 0, 0, 0, 0)","(131.86, 206.29, 268.86, 286.71, 323.14, 352.14, 355.71, 325.29, 245.0, 287.29, 223.86, 224.57)"
"(0, 0, 0, 0, 0, 0, 0, 0, 0, 0, 0, 0)","(235, 208, 294, 256, 254, 288, 272, 252, 274, 242, 204, 174, 2953)","(141, 157, 288, 322, 387, 394, 430, 400, 360, 303, 228, 101, 3510)","(0, 0, 0, 0, 0, 0, 0, 0, 0, 0, 0, 0)","(168, 159, 288, 304, 307, 335, 370, 297, 300, 242, 222, 102, 3096)","(166, 150, 296, 299, 336, 351, 412, 337, 299, 250, 206, 109, 3213)","(173, 196, 199, 300, 276, 370, 331, 229, 219, 142, 172, 127, 2734)","(0, 0, 0, 0, 0, 0, 0, 0, 0, 0, 0, 0)","(251, 214, 335, 269, 284, 322, 371, 318, 299, 272, 228, 190, 3353)","(0, 0, 0, 0, 0, 0, 0, 0, 0, 0, 0, 0)","(156, 207, 320, 343, 407, 400, 434, 365, 354, 316, 227, 128, 3657)","(0, 0, 0, 0, 0, 0, 0, 0, 0, 0, 0, 0)","(184.29, 184.43, 288.57, 299.0, 321.57, 351.43, 374.29, 314.0, 300.71, 252.43, 212.43, 133.0)"
"(0, 0, 0, 0, 0, 0, 0, 0, 0, 0, 0, 0)","(235, 179, 263, 265, 266, 268, 259, 254, 208, 211, 246, 227, 2881)","(166, 226, 287, 280, 383, 433, 444, 421, 372, 334, 248, 187, 3781)","(0, 0, 0, 0, 0, 0, 0, 0, 0, 0, 0, 0)","(190, 225, 250, 296, 279, 338, 340, 332, 275, 268, 227, 202, 3222)","(182, 190, 256, 266, 294, 370, 391, 385, 308, 267, 220, 191, 3320)","(151, 214, 202, 223, 251, 323, 293, 274, 206, 185, 107, 132, 2561)","(0, 0, 0, 0, 0, 0, 0, 0, 0, 0, 0, 0)","(248, 193, 304, 339, 270, 302, 324, 313, 237, 248, 271, 226, 3275)","(0, 0, 0, 0, 0, 0, 0, 0, 0, 0, 0, 0)","(192, 214, 332, 357, 397, 439, 446, 420, 360, 339, 274, 155, 3925)","(0, 0, 0, 0, 0, 0, 0, 0, 0, 0, 0, 0)","(194.86, 205.86, 270.57, 289.43, 305.71, 353.29, 356.71, 342.71, 280.86, 264.57, 227.57, 188.57)"
"(0, 0, 0, 0, 0, 0, 0, 0, 0, 0, 0, 0)","(211, 268, 291, 232, 278, 267, 276, 279, 184, 207, 254, 208, 2956)","(111, 236, 273, 355, 365, 413, 447, 417, 357, 309, 284, 84, 3650)","(0, 0, 0, 0, 0, 0, 0, 0, 0, 0, 0, 0)","(162, 260, 278, 304, 347, 340, 330, 270, 266, 220, 257, 151, 3183)","(132, 250, 236, 280, 285, 355, 400, 351, 316, 250, 250, 120, 3225)","(141, 178, 160, 224, 190, 247, 257, 189, 161, 112, 169, 100, 2130)","(138, 207, 171, 324, 270, 380, 430, 395, 337, 298, 275, 82, 3307)","(226, 293, 328, 256, 336, 310, 332, 330, 254, 239, 280, 198, 3382)","(0, 0, 0, 0, 0, 0, 0, 0, 0, 0, 0, 0)","(124, 248, 303, 359, 363, 400, 435, 414, 366, 317, 279, 102, 3710)","(0, 0, 0, 0, 0, 0, 0, 0, 0, 0, 0, 0)","(155.62, 242.5, 255.0, 291.75, 304.25, 339.0, 363.38, 330.62, 280.12, 244.0, 256.0, 130.62)"
"(0, 0, 0, 0, 0, 0, 0, 0, 0, 0, 0, 0)","(268, 180, 263, 275, 336, 262, 315, 304, 286, 241, 232, 186, 3148)","(125, 137, 288, 342, 386, 388, 448, 405, 344, 267, 127, 130, 3387)","(0, 0, 0, 0, 0, 0, 0, 0, 0, 0, 0, 0)","(179, 154, 248, 294, 324, 320, 298, 234, 288, 230, 146, 188, 2903)","(157, 151, 199, 284, 327, 350, 403, 346, 312, 237, 138, 159, 3063)","(128, 148, 146, 184, 264, 289, 279, 154, 242, 156, 89, 164, 2243)","(0, 0, 0, 0, 0, 0, 0, 0, 0, 0, 0, 0)","(284, 166, 289, 285, 353, 236, 337, 323, 290, 248, 211, 198, 3220)","(0, 0, 0, 0, 0, 0, 0, 0, 0, 0, 0, 0)","(134, 188, 324, 387, 391, 395, 440, 396, 347, 292, 190, 140, 3624)","(0, 0, 0, 0, 0, 0, 0, 0, 0, 0, 0, 0)","(182.14, 160.57, 251.0, 293.0, 340.14, 320.0, 360.0, 308.86, 301.29, 238.71, 161.86, 166.43)"
"(0, 0, 0, 0, 0, 0, 0, 0, 0, 0, 0, 0)","(164, 183, 233, 218, 248, 232, 317, 252, 253, 246, 210, 198, 2754)","(116, 132, 260, 228, 357, 433, 426, 408, 361, 295, 171, 110, 3297)","(0, 0, 0, 0, 0, 0, 0, 0, 0, 0, 0, 0)","(168, 166, 276, 253, 286, 383, 343, 271, 174, 260, 210, 165, 2955)","(164, 164, 220, 223, 346, 414, 421, 348, 280, 273, 197, 162, 3212)","(102, 150, 224, 225, 280, 308, 273, 249, 95, 170, 147, 104, 2327)","(0, 0, 0, 0, 0, 0, 0, 0, 0, 0, 0, 0)","(207, 207, 239, 223, 243, 280, 367, 308, 279, 265, 225, 229, 3072)","(0, 0, 0, 0, 0, 0, 0, 0, 0, 0, 0, 0)","(119, 160, 256, 295, 411, 439, 434, 402, 354, 312, 210, 199, 3591)","(0, 0, 0, 0, 0, 0, 0, 0, 0, 0, 0, 0)","(148.57, 166.0, 244.0, 237.86, 310.14, 355.57, 368.71, 319.71, 256.57, 260.14, 195.71, 166.71)"
"(0, 0, 0, 0, 0, 0, 0, 0, 0, 0, 0, 0)","(202, 173, 232, 229, 288, 263, 284, 295, 285, 218, 232, 188, 2888)","(118, 126, 266, 296, 348, 348, 420, 402, 362, 300, 261, 129, 3376)","(0, 0, 0, 0, 0, 0, 0, 0, 0, 0, 0, 0)","(137, 154, 284, 276, 339, 342, 374, 282, 318, 254, 240, 181, 3182)","(141, 152, 254, 269, 341, 332, 398, 339, 330, 258, 223, 156, 3192)","(87, 123, 232, 172, 278, 240, 274, 217, 256, 188, 126, 106, 2300)","(0, 0, 0, 0, 0, 0, 0, 0, 0, 0, 0, 0)","(216, 166, 243, 244, 326, 355, 321, 334, 304, 237, 272, 205, 3224)","(0, 0, 0, 0, 0, 0, 0, 0, 0, 0, 0, 0)","(169, 169, 308, 336, 411, 388, 418, 399, 367, 293, 275, 132, 3666)","(0, 0, 0, 0, 0, 0, 0, 0, 0, 0, 0, 0)","(152.86, 151.86, 259.86, 260.29, 333.0, 324.0, 355.57, 324.0, 317.43, 249.71, 232.71, 156.71)"
"(0, 0, 0, 0, 0, 0, 0, 0, 0, 0, 0, 0)","(197, 177, 248, 316, 243, 287, 276, 266, 267, 262, 214, 206, 2959)","(161, 158, 221, 318, 417, 404, 444, 415, 358, 283, 171, 146, 3496)","(0, 0, 0, 0, 0, 0, 0, 0, 0, 0, 0, 0)","(205, 198, 250, 320, 380, 303, 268, 309, 234, 220, 143, 172, 3002)","(162, 152, 182, 280, 364, 310, 393, 378, 318, 259, 211, 195, 3204)","(140, 105, 135, 218, 258, 185, 273, 279, 158, 174, 108, 118, 2151)","(0, 0, 0, 0, 0, 0, 0, 0, 0, 0, 0, 0)","(223, 177, 270, 321, 227, 321, 327, 333, 292, 286, 240, 235, 3252)","(0, 0, 0, 0, 0, 0, 0, 0, 0, 0, 0, 0)","(181, 183, 250, 352, 415, 410, 421, 419, 366, 318, 229, 158, 3702)","(0, 0, 0, 0, 0, 0, 0, 0, 0, 0, 0, 0)","(181.29, 164.29, 222.29, 303.57, 329.14, 317.14, 343.14, 342.71, 284.71, 257.43, 188.0, 175.71)"
"(0, 0, 0, 0, 0, 0, 0, 0, 0, 0, 0, 0)","(230, 170, 248, 249, 275, 266, 309, 280, 285, 255, 271, 205, 3043)","(98, 124, 195, 288, 403, 407, 441, 410, 327, 236, 239, 103, 3271)","(0, 0, 0, 0, 0, 0, 0, 0, 0, 0, 0, 0)","(178, 132, 187, 218, 292, 255, 240, 267, 223, 240, 249, 166, 2647)","(146, 117, 168, 227, 351, 382, 360, 374, 308, 241, 241, 160, 3075)","(138, 98, 133, 148, 245, 230, 210, 237, 146, 186, 171, 104, 2046)","(0, 0, 0, 0, 0, 0, 0, 0, 0, 0, 0, 0)","(230, 185, 259, 237, 281, 247, 346, 338, 288, 281, 270, 236, 3198)","(0, 0, 0, 0, 0, 0, 0, 0, 0, 0, 0, 0)","(113, 147, 219, 293, 395, 405, 432, 407, 326, 263, 265, 117, 3382)","(0, 0, 0, 0, 0, 0, 0, 0, 0, 0, 0, 0)","(161.86, 139.0, 201.29, 237.14, 320.29, 313.14, 334.0, 330.43, 271.86, 243.14, 243.71, 155.86)"
"(0, 0, 0, 0, 0, 0, 0, 0, 0, 0, 0, 0)","(206, 232, 208, 214, 252, 290, 318, 284, 214, 290, 207, 263, 2978)","(173, 205, 219, 361, 374, 425, 427, 407, 296, 295, 264, 91, 3537)","(0, 0, 0, 0, 0, 0, 0, 0, 0, 0, 0, 0)","(169, 222, 178, 284, 311, 373, 312, 280, 279, 294, 242, 127, 3071)","(175, 222, 192, 314, 337, 401, 360, 342, 296, 297, 257, 136, 3329)","(109, 149, 166, 247, 309, 280, 271, 202, 248, 186, 158, 69, 2394)","(0, 0, 0, 0, 0, 0, 0, 0, 0, 0, 0, 0)","(209, 243, 214, 262, 284, 350, 345, 338, 265, 296, 236, 242, 3284)","(0, 0, 0, 0, 0, 0, 0, 0, 0, 0, 0, 0)","(134, 191, 253, 341, 397, 428, 428, 401, 308, 305, 276, 141, 3603)","(0, 0, 0, 0, 0, 0, 0, 0, 0, 0, 0, 0)","(167.86, 209.14, 204.29, 289.0, 323.43, 363.86, 351.57, 322.0, 272.29, 280.43, 234.29, 152.71)"
"(0, 0, 0, 0, 0, 0, 0, 0, 0, 0, 0, 0)","(199, 231, 253, 273, 260, 185, 280, 260, 246, 265, 251, 195, 2898)","(72, 117, 235, 277, 373, 426, 444, 401, 309, 218, 155, 151, 3178)","(0, 0, 0, 0, 0, 0, 0, 0, 0, 0, 0, 0)","(132, 168, 251, 279, 302, 327, 314, 249, 249, 231, 172, 146, 2820)","(0, 0, 0, 0, 0, 0, 0, 0, 0, 0, 0, 0)","(105, 99, 194, 235, 281, 276, 288, 253, 218, 184, 138, 109, 2380)","(0, 0, 0, 0, 0, 0, 0, 0, 0, 0, 0, 0)","(146, 210, 233, 290, 309, 284, 358, 342, 330, 304, 262, 197, 3265)","(0, 0, 0, 0, 0, 0, 0, 0, 0, 0, 0, 0)","(65, 156, 260, 326, 398, 418, 445, 408, 356, 292, 218, 150, 3492)","(0, 0, 0, 0, 0, 0, 0, 0, 0, 0, 0, 0)","(119.83, 163.5, 237.67, 280.0, 320.5, 319.33, 354.83, 318.83, 284.67, 249.0, 199.33, 158.0)"
"(0, 0, 0, 0, 0, 0, 0, 0, 0, 0, 0, 0)","(206, 210, 289, 285, 298, 239, 271, 232, 247, 207, 254, 194, 2932)","(95, 87, 244, 266, 316, 373, 444, 374, 359, 240, 172, 92, 3062)","(0, 0, 0, 0, 0, 0, 0, 0, 0, 0, 0, 0)","(101, 97, 250, 243, 255, 335, 264, 247, 317, 253, 173, 134, 2668)","(0, 0, 0, 0, 0, 0, 0, 0, 0, 0, 0, 0)","(115, 132, 238, 209, 210, 276, 224, 188, 255, 198, 124, 62, 2231)","(0, 0, 0, 0, 0, 0, 0, 0, 0, 0, 0, 0)","(195, 150, 274, 245, 335, 294, 330, 281, 297, 268, 260, 173, 3102)","(0, 0, 0, 0, 0, 0, 0, 0, 0, 0, 0, 0)","(101, 78, 244, 297, 393, 403, 436, 387, 368, 261, 205, 110, 3283)","(0, 0, 0, 0, 0, 0, 0, 0, 0, 0, 0, 0)","(135.5, 125.67, 256.5, 257.5, 301.17, 320.0, 328.17, 284.83, 307.17, 237.83, 198.0, 127.5)"
"(0, 0, 0, 0, 0, 0, 0, 0, 0, 0, 0, 0)","(225, 214, 279, 199, 276, 239, 330, 296, 262, 237, 262, 229, 3048)","(75, 183, 283, 241, 369, 434, 441, 397, 350, 271, 145, 94, 3283)","(0, 0, 0, 0, 0, 0, 0, 0, 0, 0, 0, 0)","(129, 202, 306, 223, 341, 381, 312, 239, 252, 265, 194, 181, 3025)","(0, 0, 0, 0, 0, 0, 0, 0, 0, 0, 0, 0)","(98, 154, 230, 173, 187, 278, 211, 152, 179, 169, 107, 68, 2006)","(0, 0, 0, 0, 0, 0, 0, 0, 0, 0, 0, 0)","(208, 231, 318, 214, 353, 274, 374, 335, 286, 251, 255, 233, 3332)","(0, 0, 0, 0, 0, 0, 0, 0, 0, 0, 0, 0)","(85, 194, 301, 270, 402, 439, 438, 405, 369, 323, 190, 109, 3525)","(0, 0, 0, 0, 0, 0, 0, 0, 0, 0, 0, 0)","(136.67, 196.33, 286.17, 220.0, 321.33, 340.83, 351.0, 304.0, 283.0, 252.67, 192.17, 152.33)"
"(0, 0, 0, 0, 0, 0, 0, 0, 0, 0, 0, 0)","(203, 227, 238, 230, 252, 272, 290, 259, 261, 229, 260, 166, 2887)","(169, 160, 220, 269, 382, 404, 427, 422, 356, 251, 208, 139, 3407)","(0, 0, 0, 0, 0, 0, 0, 0, 0, 0, 0, 0)","(211, 218, 247, 305, 371, 350, 318, 324, 249, 261, 212, 155, 3221)","(0, 0, 0, 0, 0, 0, 0, 0, 0, 0, 0, 0)","(157, 180, 205, 227, 307, 301, 281, 221, 203, 137, 135, 128, 2482)","(0, 0, 0, 0, 0, 0, 0, 0, 0, 0, 0, 0)","(206, 231, 225, 260, 298, 316, 348, 344, 314, 264, 261, 180, 3247)","(0, 0, 0, 0, 0, 0, 0, 0, 0, 0, 0, 0)","(149, 197, 231, 286, 411, 416, 441, 418, 360, 303, 220, 137, 3569)","(0, 0, 0, 0, 0, 0, 0, 0, 0, 0, 0, 0)","(182.5, 202.17, 227.67, 262.83, 336.83, 343.17, 350.83, 331.33, 290.5, 240.83, 216.0, 150.83)"
"(0, 0, 0, 0, 0, 0, 0, 0, 0, 0, 0, 0)","(215, 228, 300, 294, 242, 243, 280, 308, 187, 199, 201, 222, 2919)","(126, 191, 304, 255, 363, 365, 436, 415, 355, 287, 130, 94, 3321)","(0, 0, 0, 0, 0, 0, 0, 0, 0, 0, 0, 0)","(144, 200, 325, 282, 322, 291, 245, 291, 303, 214, 171, 142, 2930)","(0, 0, 0, 0, 0, 0, 0, 0, 0, 0, 0, 0)","(106, 143, 239, 187, 283, 207, 228, 213, 189, 164, 133, 119, 2211)","(0, 0, 0, 0, 0, 0, 0, 0, 0, 0, 0, 0)","(217, 202, 286, 308, 280, 297, 314, 371, 266, 269, 221, 230, 3261)","(0, 0, 0, 0, 0, 0, 0, 0, 0, 0, 0, 0)","(135, 157, 302, 278, 381, 403, 443, 419, 368, 302, 138, 106, 3432)","(0, 0, 0, 0, 0, 0, 0, 0, 0, 0, 0, 0)","(157.17, 186.83, 292.67, 267.33, 311.83, 301.0, 324.33, 336.17, 278.0, 239.17, 165.67, 152.17)"
"(0, 0, 0, 0, 0, 0, 0, 0, 0, 0, 0, 0)","(222, 187, 239, 230, 278, 169, 252, 250, 229, 180, 235, 202, 2673)","(124, 185, 194, 348, 292, 369, 430, 393, 344, 262, 146, 55, 3142)","(0, 0, 0, 0, 0, 0, 0, 0, 0, 0, 0, 0)","(176, 215, 233, 370, 284, 357, 261, 270, 274, 195, 162, 125, 2922)","(0, 0, 0, 0, 0, 0, 0, 0, 0, 0, 0, 0)","(150, 172, 169, 257, 193, 355, 305, 141, 250, 107, 97, 86, 2282)","(152, 195, 195, 356, 250, 374, 434, 402, 339, 238, 127, 114, 3176)","(244, 202, 261, 284, 306, 216, 345, 340, 281, 212, 256, 185, 3132)","(0, 0, 0, 0, 0, 0, 0, 0, 0, 0, 0, 0)","(96, 191, 211, 367, 344, 418, 426, 388, 340, 248, 184, 112, 3325)","(0, 0, 0, 0, 0, 0, 0, 0, 0, 0, 0, 0)","(166.29, 192.43, 214.57, 316.0, 278.14, 322.57, 350.43, 312.0, 293.86, 206.0, 172.43, 125.57)"
"(0, 0, 0, 0, 0, 0, 0, 0, 0, 0, 0, 0)","(262, 250, 261, 245, 272, 330, 326, 300, 259, 241, 225, 167, 3138)","(168, 177, 245, 349, 378, 427, 426, 409, 352, 279, 162, 83, 3455)","(0, 0, 0, 0, 0, 0, 0, 0, 0, 0, 0, 0)","(221, 165, 212, 294, 234, 347, 302, 223, 282, 283, 174, 119, 2856)","(0, 0, 0, 0, 0, 0, 0, 0, 0, 0, 0, 0)","(158, 137, 185, 220, 212, 301, 252, 151, 221, 217, 121, 104, 2279)","(190, 165, 200, 324, 367, 408, 417, 406, 347, 259, 164, 106, 3353)","(272, 254, 253, 266, 184, 338, 342, 344, 314, 276, 234, 167, 3244)","(0, 0, 0, 0, 0, 0, 0, 0, 0, 0, 0, 0)","(187, 234, 285, 364, 390, 426, 421, 413, 338, 307, 182, 76, 3623)","(0, 0, 0, 0, 0, 0, 0, 0, 0, 0, 0, 0)","(208.29, 197.43, 234.43, 294.57, 291.0, 368.14, 355.14, 320.86, 301.86, 266.0, 180.29, 117.43)"
"(0, 0, 0, 0, 0, 0, 0, 0, 0, 0, 0, 0)","(252, 214, 238, 253, 242, 242, 329, 299, 265, 256, 236, 223, 3049)","(182, 143, 214, 321, 380, 384, 449, 415, 344, 191, 191, 155, 3369)","(0, 0, 0, 0, 0, 0, 0, 0, 0, 0, 0, 0)","(197, 116, 174, 280, 317, 326, 359, 284, 281, 207, 205, 123, 2869)","(0, 0, 0, 0, 0, 0, 0, 0, 0, 0, 0, 0)","(133, 91, 107, 217, 235, 249, 287, 212, 208, 116, 157, 97, 2109)","(190, 180, 206, 314, 361, 359, 430, 388, 347, 184, 200, 154, 3313)","(266, 192, 244, 264, 236, 263, 406, 353, 287, 235, 245, 234, 3225)","(0, 0, 0, 0, 0, 0, 0, 0, 0, 0, 0, 0)","(164, 145, 288, 359, 406, 411, 444, 412, 353, 272, 238, 152, 3644)","(0, 0, 0, 0, 0, 0, 0, 0, 0, 0, 0, 0)","(197.71, 154.43, 210.14, 286.86, 311.0, 319.14, 386.29, 337.57, 297.86, 208.71, 210.29, 162.57)"
"(0, 0, 0, 0, 0, 0, 0, 0, 0, 0, 0, 0)","(216, 219, 253, 230, 276, 233, 290, 294, 273, 158, 288, 191, 2921)","(239, 219, 257, 205, 315, 362, 426, 407, 337, 267, 219, 66, 3319)","(0, 0, 0, 0, 0, 0, 0, 0, 0, 0, 0, 0)","(178, 177, 187, 171, 258, 220, 259, 273, 276, 215, 219, 111, 2544)","(0, 0, 0, 0, 0, 0, 0, 0, 0, 0, 0, 0)","(125, 116, 138, 145, 205, 243, 215, 189, 189, 146, 157, 119, 1987)","(233, 194, 205, 184, 298, 346, 438, 401, 312, 273, 212, 119, 3215)","(255, 266, 268, 266, 328, 300, 350, 336, 314, 209, 291, 230, 3413)","(0, 0, 0, 0, 0, 0, 0, 0, 0, 0, 0, 0)","(255, 232, 278, 284, 382, 415, 445, 419, 366, 315, 278, 96, 3765)","(0, 0, 0, 0, 0, 0, 0, 0, 0, 0, 0, 0)","(214.43, 203.29, 226.57, 212.14, 294.57, 302.71, 346.14, 331.29, 295.29, 226.14, 237.71, 133.14)"
"(0, 0, 0, 0, 0, 0, 0, 0, 0, 0, 0, 0)","(162, 180, 285, 208, 240, 259, 263, 287, 249, 252, 248, 225, 2858)","(249, 158, 202, 341, 332, 418, 446, 389, 356, 327, 207, 165, 3590)","(0, 0, 0, 0, 0, 0, 0, 0, 0, 0, 0, 0)","(220, 126, 186, 286, 273, 315, 289, 248, 232, 260, 204, 191, 2830)","(0, 0, 0, 0, 0, 0, 0, 0, 0, 0, 0, 0)","(222, 114, 177, 254, 231, 312, 270, 277, 195, 230, 146, 147, 2575)","(252, 162, 160, 356, 336, 423, 437, 413, 353, 320, 224, 194, 3630)","(232, 195, 288, 252, 257, 307, 346, 362, 314, 272, 269, 249, 3343)","(0, 0, 0, 0, 0, 0, 0, 0, 0, 0, 0, 0)","(245, 195, 221, 347, 367, 416, 434, 389, 368, 338, 239, 181, 3740)","(0, 0, 0, 0, 0, 0, 0, 0, 0, 0, 0, 0)","(226.0, 161.43, 217.0, 292.0, 290.86, 350.0, 355.0, 337.86, 295.29, 285.57, 219.57, 193.14)"
"(0, 0, 0, 0, 0, 0, 0, 0, 0, 0, 0, 0)","(228, 192, 268, 232, 220, 221, 233, 281, 217, 279, 230, 238, 2839)","(141, 225, 245, 339, 403, 410, 445, 410, 320, 239, 165, 58, 3400)","(0, 0, 0, 0, 0, 0, 0, 0, 0, 0, 0, 0)","(159, 204, 264, 353, 334, 330, 307, 295, 264, 222, 167, 95, 2994)","(0, 0, 0, 0, 0, 0, 0, 0, 0, 0, 0, 0)","(76, 146, 169, 261, 290, 161, 213, 168, 162, 98, 81, 33, 1858)","(122, 204, 219, 324, 405, 386, 453, 418, 317, 207, 180, 88, 3323)","(222, 202, 270, 246, 241, 304, 309, 351, 224, 278, 229, 231, 3107)","(0, 0, 0, 0, 0, 0, 0, 0, 0, 0, 0, 0)","(195, 236, 300, 369, 414, 434, 431, 415, 325, 302, 215, 114, 3750)","(0, 0, 0, 0, 0, 0, 0, 0, 0, 0, 0, 0)","(163.29, 201.29, 247.86, 303.43, 329.57, 320.86, 341.57, 334.0, 261.29, 232.14, 181.0, 122.43)"
"(0, 0, 0, 0, 0, 0, 0, 0, 0, 0, 0, 0)","(241, 245, 264, 174, 264, 241, 285, 272, 221, 243, 239, 203, 2892)","(83, 144, 282, 277, 368, 427, 443, 402, 345, 277, 158, 122, 3328)","(0, 0, 0, 0, 0, 0, 0, 0, 0, 0, 0, 0)","(140, 170, 299, 175, 307, 252, 252, 225, 198, 268, 146, 124, 2556)","(0, 0, 0, 0, 0, 0, 0, 0, 0, 0, 0, 0)","(64, 74, 187, 105, 207, 155, 130, 143, 64, 150, 78, 85, 1442)","(93, 147, 284, 290, 345, 443, 454, 397, 331, 278, 158, 158, 3378)","(223, 239, 286, 196, 339, 252, 355, 331, 303, 297, 226, 189, 3236)","(0, 0, 0, 0, 0, 0, 0, 0, 0, 0, 0, 0)","(150, 241, 322, 333, 418, 431, 443, 419, 369, 336, 255, 170, 3887)","(0, 0, 0, 0, 0, 0, 0, 0, 0, 0, 0, 0)","(142.0, 180.0, 274.86, 221.43, 321.14, 314.43, 337.43, 312.71, 261.57, 264.14, 180.0, 150.14)"
"(0, 0, 0, 0, 0, 0, 0, 0, 0, 0, 0, 0)","(183, 220, 227, 205, 277, 263, 305, 273, 264, 197, 195, 221, 2830)","(80, 138, 206, 243, 379, 361, 400, 404, 325, 287, 183, 30, 3036)","(0, 0, 0, 0, 0, 0, 0, 0, 0, 0, 0, 0)","(107, 153, 252, 257, 349, 289, 235, 243, 282, 149, 217, 103, 2636)","(0, 0, 0, 0, 0, 0, 0, 0, 0, 0, 0, 0)","(83, 115, 164, 204, 268, 224, 229, 218, 148, 100, 169, 30, 1952)","(94, 182, 241, 310, 400, 345, 412, 418, 341, 290, 235, 83, 3351)","(189, 252, 258, 235, 346, 294, 368, 360, 321, 264, 207, 198, 3292)","(0, 0, 0, 0, 0, 0, 0, 0, 0, 0, 0, 0)","(0, 0, 0, 0, 0, 0, 0, 0, 0, 0, 0, 0)","(0, 0, 0, 0, 0, 0, 0, 0, 0, 0, 0, 0)","(122.67, 176.67, 224.67, 242.33, 336.5, 296.0, 324.83, 319.33, 280.17, 214.5, 201.0, 110.83)"
"(0, 0, 0, 0, 0, 0, 0, 0, 0, 0, 0, 0)","(228, 272, 288, 209, 311, 278, 293, 254, 250, 290, 235, 277, 3185)","(102, 215, 253, 278, 278, 391, 451, 386, 348, 297, 108, 189, 3296)","(0, 0, 0, 0, 0, 0, 0, 0, 0, 0, 0, 0)","(135, 222, 280, 252, 315, 349, 313, 221, 204, 282, 143, 239, 2955)","(0, 0, 0, 0, 0, 0, 0, 0, 0, 0, 0, 0)","(47, 150, 193, 166, 198, 236, 227, 162, 140, 196, 48, 127, 1890)","(135, 256, 298, 302, 338, 377, 455, 366, 351, 299, 106, 194, 3477)","(237, 278, 313, 257, 359, 307, 375, 348, 302, 315, 254, 284, 3629)","(0, 0, 0, 0, 0, 0, 0, 0, 0, 0, 0, 0)","(182, 268, 333, 356, 380, 406, 438, 413, 360, 329, 193, 217, 3875)","(0, 0, 0, 0, 0, 0, 0, 0, 0, 0, 0, 0)","(152.29, 237.29, 279.71, 260.0, 311.29, 334.86, 364.57, 307.14, 279.29, 286.86, 155.29, 218.14)"
"(0, 0, 0, 0, 0, 0, 0, 0, 0, 0, 0, 0)","(211, 250, 212, 192, 198, 214, 271, 263, 290, 238, 235, 214, 2788)","(117, 132, 184, 282, 373, 370, 429, 370, 365, 313, 141, 73, 3149)","(0, 0, 0, 0, 0, 0, 0, 0, 0, 0, 0, 0)","(145, 234, 228, 260, 349, 355, 320, 220, 303, 301, 196, 186, 3097)","(0, 0, 0, 0, 0, 0, 0, 0, 0, 0, 0, 0)","(75, 105, 132, 211, 243, 226, 199, 145, 207, 192, 86, 143, 1964)","(129, 188, 241, 278, 412, 355, 439, 369, 362, 297, 144, 120, 3334)","(215, 271, 232, 232, 277, 301, 361, 293, 316, 287, 231, 242, 3258)","(0, 0, 0, 0, 0, 0, 0, 0, 0, 0, 0, 0)","(190, 175, 257, 340, 412, 413, 430, 410, 366, 339, 166, 104, 3602)","(0, 0, 0, 0, 0, 0, 0, 0, 0, 0, 0, 0)","(154.57, 193.57, 212.29, 256.43, 323.43, 319.14, 349.86, 295.71, 315.57, 281.0, 171.29, 154.57)"
"(0, 0, 0, 0, 0, 0, 0, 0, 0, 0, 0, 0)","(213, 234, 296, 319, 216, 229, 248, 280, 243, 163, 211, 160, 2812)","(105, 229, 311, 230, 355, 409, 442, 411, 351, 300, 171, 90, 3404)","(0, 0, 0, 0, 0, 0, 0, 0, 0, 0, 0, 0)","(202, 234, 310, 276, 375, 286, 319, 263, 291, 228, 191, 123, 3098)","(0, 0, 0, 0, 0, 0, 0, 0, 0, 0, 0, 0)","(156, 190, 245, 232, 316, 266, 238, 179, 239, 148, 96, 77, 2382)","(170, 233, 320, 241, 419, 401, 447, 421, 358, 322, 197, 107, 3636)","(215, 247, 298, 321, 264, 269, 343, 365, 313, 225, 230, 149, 3239)","(0, 0, 0, 0, 0, 0, 0, 0, 0, 0, 0, 0)","(115, 261, 346, 298, 360, 431, 434, 398, 368, 317, 225, 77, 3630)","(0, 0, 0, 0, 0, 0, 0, 0, 0, 0, 0, 0)","(168.0, 232.57, 303.71, 273.86, 329.29, 327.29, 353.0, 331.0, 309.0, 243.29, 188.71, 111.86)"
"(0, 0, 0, 0, 0, 0, 0, 0, 0, 0, 0, 0)","(166, 235, 281, 202, 233, 279, 309, 273, 324, 247, 285, 274, 3108)","(82, 236, 329, 288, 365, 437, 441, 411, 339, 279, 287, 213, 3707)","(0, 0, 0, 0, 0, 0, 0, 0, 0, 0, 0, 0)","(87, 237, 294, 269, 304, 393, 239, 285, 279, 243, 270, 254, 3154)","(0, 0, 0, 0, 0, 0, 0, 0, 0, 0, 0, 0)","(68, 132, 215, 200, 203, 308, 190, 211, 223, 193, 146, 127, 2216)","(104, 226, 324, 280, 355, 423, 442, 421, 348, 255, 280, 248, 3706)","(188, 249, 319, 220, 232, 326, 345, 309, 351, 241, 301, 271, 3352)","(0, 0, 0, 0, 0, 0, 0, 0, 0, 0, 0, 0)","(84, 251, 353, 312, 344, 437, 441, 419, 365, 282, 298, 221, 3807)","(0, 0, 0, 0, 0, 0, 0, 0, 0, 0, 0, 0)","(111.29, 223.71, 302.14, 253.0, 290.86, 371.86, 343.86, 332.71, 318.43, 248.57, 266.71, 229.71)"
"(0, 0, 0, 0, 0, 0, 0, 0, 0, 0, 0, 0)","(157, 139, 224, 243, 232, 249, 320, 302, 280, 192, 233, 249, 2820)","(210, 122, 271, 344, 344, 433, 445, 423, 343, 267, 250, 108, 3560)","(0, 0, 0, 0, 0, 0, 0, 0, 0, 0, 0, 0)","(193, 100, 209, 306, 211, 389, 356, 339, 249, 216, 197, 182, 2947)","(0, 0, 0, 0, 0, 0, 0, 0, 0, 0, 0, 0)","(145, 96, 85, 211, 219, 310, 260, 254, 179, 159, 158, 111, 2187)","(221, 151, 214, 332, 328, 432, 441, 422, 313, 218, 217, 128, 3417)","(148, 151, 259, 235, 271, 290, 384, 361, 312, 216, 248, 232, 3107)","(0, 0, 0, 0, 0, 0, 0, 0, 0, 0, 0, 0)","(168, 108, 255, 297, 276, 418, 436, 415, 360, 270, 222, 122, 3347)","(0, 0, 0, 0, 0, 0, 0, 0, 0, 0, 0, 0)","(177.43, 123.86, 216.71, 281.14, 268.71, 360.14, 377.43, 359.43, 290.86, 219.71, 217.86, 161.71)"
"(0, 0, 0, 0, 0, 0, 0, 0, 0, 0, 0, 0)","(263, 216, 232, 282, 279, 306, 314, 231, 301, 264, 244, 269, 3201)","(126, 123, 219, 349, 394, 405, 431, 411, 359, 342, 255, 231, 3645)","(0, 0, 0, 0, 0, 0, 0, 0, 0, 0, 0, 0)","(185, 106, 227, 320, 316, 319, 201, 266, 331, 247, 244, 221, 2983)","(0, 0, 0, 0, 0, 0, 0, 0, 0, 0, 0, 0)","(126, 97, 196, 238, 202, 200, 136, 197, 284, 161, 89, 103, 2029)","(145, 95, 232, 317, 377, 381, 409, 402, 342, 323, 228, 217, 3468)","(251, 189, 208, 301, 310, 367, 355, 342, 338, 282, 245, 269, 3457)","(0, 0, 0, 0, 0, 0, 0, 0, 0, 0, 0, 0)","(155, 156, 232, 323, 386, 411, 430, 401, 345, 325, 254, 235, 3653)","(0, 0, 0, 0, 0, 0, 0, 0, 0, 0, 0, 0)","(178.71, 140.29, 220.86, 304.29, 323.43, 341.29, 325.14, 321.43, 328.57, 277.71, 222.71, 220.71)"
"(0, 0, 0, 0, 0, 0, 0, 0, 0, 0, 0, 0)","(254, 220, 326, 218, 243, 276, 316, 303, 219, 239, 239, 201, 3054)","(136, 188, 318, 370, 423, 444, 449, 416, 354, 318, 286, 242, 3944)","(0, 0, 0, 0, 0, 0, 0, 0, 0, 0, 0, 0)","(189, 208, 323, 345, 359, 394, 366, 319, 295, 284, 200, 210, 3492)","(0, 0, 0, 0, 0, 0, 0, 0, 0, 0, 0, 0)","(136, 166, 231, 211, 323, 252, 274, 236, 227, 175, 174, 174, 2579)","(150, 181, 312, 367, 382, 425, 450, 408, 341, 316, 282, 227, 3841)","(257, 226, 348, 269, 294, 337, 387, 337, 232, 269, 278, 208, 3442)","(0, 0, 0, 0, 0, 0, 0, 0, 0, 0, 0, 0)","(152, 213, 346, 357, 405, 438, 436, 389, 337, 345, 303, 261, 3982)","(0, 0, 0, 0, 0, 0, 0, 0, 0, 0, 0, 0)","(182.0, 200.29, 314.86, 305.29, 347.0, 366.57, 382.57, 344.0, 286.43, 278.0, 251.71, 217.57)"
"(0, 0, 0, 0, 0, 0, 0, 0, 0, 0, 0, 0)","(218, 214, 214, 293, 267, 213, 349, 323, 312, 278, 198, 261, 3140)","(141, 210, 223, 326, 370, 444, 442, 421, 355, 329, 168, 145, 3574)","(0, 0, 0, 0, 0, 0, 0, 0, 0, 0, 0, 0)","(139, 210, 231, 334, 372, 301, 290, 295, 247, 247, 153, 172, 2991)","(0, 0, 0, 0, 0, 0, 0, 0, 0, 0, 0, 0)","(96, 176, 113, 175, 239, 263, 213, 217, 140, 182, 117, 168, 2099)","(117, 226, 229, 310, 368, 437, 447, 420, 356, 311, 164, 168, 3553)","(238, 225, 272, 324, 346, 302, 396, 350, 324, 291, 234, 283, 3585)","(0, 0, 0, 0, 0, 0, 0, 0, 0, 0, 0, 0)","(229, 169, 274, 330, 421, 438, 426, 419, 363, 324, 172, 154, 3719)","(0, 0, 0, 0, 0, 0, 0, 0, 0, 0, 0, 0)","(168.29, 204.29, 222.29, 298.86, 340.43, 342.57, 366.14, 349.29, 299.57, 280.29, 172.29, 193.0)"
"(0, 0, 0, 0, 0, 0, 0, 0, 0, 0, 0, 0)","(240, 261, 261, 292, 242, 231, 249, 295, 267, 275, 216, 192, 3021)","(55, 204, 248, 364, 384, 419, 441, 383, 353, 318, 210, 114, 3493)","(0, 0, 0, 0, 0, 0, 0, 0, 0, 0, 0, 0)","(209, 226, 291, 339, 317, 340, 326, 241, 296, 260, 198, 161, 3204)","(0, 0, 0, 0, 0, 0, 0, 0, 0, 0, 0, 0)","(165, 134, 182, 274, 194, 263, 233, 163, 274, 195, 155, 146, 2378)","(132, 197, 223, 354, 350, 408, 448, 372, 355, 300, 197, 144, 3480)","(251, 269, 279, 319, 308, 329, 363, 357, 284, 256, 241, 212, 3468)","(0, 0, 0, 0, 0, 0, 0, 0, 0, 0, 0, 0)","(108, 230, 302, 366, 386, 414, 423, 361, 352, 324, 241, 83, 3590)","(0, 0, 0, 0, 0, 0, 0, 0, 0, 0, 0, 0)","(165.71, 217.29, 255.14, 329.71, 311.57, 343.43, 354.71, 310.29, 311.57, 275.43, 208.29, 150.29)"
"(0, 0, 0, 0, 0, 0, 0, 0, 0, 0, 0, 0)","(254, 157, 230, 238, 243, 189, 305, 311, 248, 236, 195, 201, 2807)","(192, 120, 255, 371, 388, 430, 450, 416, 352, 221, 222, 100, 3517)","(0, 0, 0, 0, 0, 0, 0, 0, 0, 0, 0, 0)","(241, 171, 229, 329, 348, 297, 257, 291, 209, 220, 221, 106, 2919)","(0, 0, 0, 0, 0, 0, 0, 0, 0, 0, 0, 0)","(208, 145, 156, 227, 274, 272, 248, 186, 144, 140, 146, 135, 2281)","(236, 132, 257, 360, 381, 436, 449, 401, 350, 229, 217, 192, 3640)","(262, 158, 264, 299, 295, 258, 360, 374, 297, 244, 229, 244, 3284)","(0, 0, 0, 0, 0, 0, 0, 0, 0, 0, 0, 0)","(149, 125, 302, 384, 376, 411, 441, 412, 367, 304, 252, 173, 3696)","(0, 0, 0, 0, 0, 0, 0, 0, 0, 0, 0, 0)","(220.29, 144.0, 241.86, 315.43, 329.29, 327.57, 358.57, 341.57, 281.0, 227.71, 211.71, 164.43)"
"(0, 0, 0, 0, 0, 0, 0, 0, 0, 0, 0, 0)","(215, 211, 289, 308, 236, 207, 308, 301, 269, 239, 231, 278, 3092)","(172, 169, 255, 249, 339, 429, 451, 387, 306, 272, 108, 53, 3190)","(0, 0, 0, 0, 0, 0, 0, 0, 0, 0, 0, 0)","(168, 188, 294, 272, 249, 344, 348, 287, 290, 235, 135, 222, 3032)","(0, 0, 0, 0, 0, 0, 0, 0, 0, 0, 0, 0)","(179, 125, 174, 221, 183, 321, 315, 182, 195, 145, 126, 162, 2328)","(235, 193, 244, 231, 312, 406, 442, 396, 307, 258, 148, 103, 3275)","(218, 218, 323, 295, 223, 241, 386, 350, 299, 249, 227, 282, 3311)","(0, 0, 0, 0, 0, 0, 0, 0, 0, 0, 0, 0)","(219, 187, 308, 291, 378, 410, 445, 398, 319, 263, 117, 47, 3382)","(0, 0, 0, 0, 0, 0, 0, 0, 0, 0, 0, 0)","(200.86, 184.43, 269.57, 266.71, 274.29, 336.86, 385.0, 328.71, 283.57, 237.29, 156.0, 163.86)"
"(0, 0, 0, 0, 0, 0, 0, 0, 0, 0, 0, 0)","(255, 284, 266, 244, 276, 207, 335, 232, 271, 224, 241, 183, 3017)","(136, 296, 287, 372, 385, 356, 445, 408, 369, 312, 174, 129, 3668)","(0, 0, 0, 0, 0, 0, 0, 0, 0, 0, 0, 0)","(207, 297, 311, 318, 327, 304, 316, 307, 290, 276, 187, 125, 3265)","(0, 0, 0, 0, 0, 0, 0, 0, 0, 0, 0, 0)","(135, 270, 225, 257, 230, 258, 255, 268, 266, 185, 139, 95, 2583)","(129, 293, 273, 367, 380, 340, 431, 403, 364, 291, 169, 132, 3572)","(268, 305, 297, 289, 321, 284, 417, 318, 278, 238, 206, 134, 3355)","(0, 0, 0, 0, 0, 0, 0, 0, 0, 0, 0, 0)","(168, 284, 289, 341, 373, 390, 434, 397, 369, 325, 210, 113, 3693)","(0, 0, 0, 0, 0, 0, 0, 0, 0, 0, 0, 0)","(185.43, 289.86, 278.29, 312.57, 327.43, 305.57, 376.14, 333.29, 315.29, 264.43, 189.43, 130.14)"
"(0, 0, 0, 0, 0, 0, 0, 0, 0, 0, 0, 0)","(247, 256, 257, 258, 280, 203, 296, 296, 273, 273, 175, 202, 3014)","(98, 243, 221, 264, 411, 422, 435, 386, 341, 337, 187, 124, 3469)","(0, 0, 0, 0, 0, 0, 0, 0, 0, 0, 0, 0)","(164, 242, 247, 213, 346, 230, 303, 291, 216, 253, 189, 186, 2879)","(0, 0, 0, 0, 0, 0, 0, 0, 0, 0, 0, 0)","(104, 181, 224, 162, 286, 213, 212, 224, 200, 162, 134, 150, 2250)","(134, 238, 247, 207, 405, 409, 431, 346, 356, 309, 120, 142, 3344)","(206, 236, 178, 204, 217, 163, 318, 296, 257, 271, 126, 194, 2667)","(0, 0, 0, 0, 0, 0, 0, 0, 0, 0, 0, 0)","(115, 222, 297, 288, 420, 414, 415, 393, 349, 337, 170, 123, 3545)","(0, 0, 0, 0, 0, 0, 0, 0, 0, 0, 0, 0)","(152.57, 231.14, 238.71, 228.0, 337.86, 293.43, 344.29, 318.86, 284.57, 277.43, 157.29, 160.14)"
"(0, 0, 0, 0, 0, 0, 0, 0, 0, 0, 0, 0)","(273, 259, 265, 257, 172, 263, 325, 347, 274, 258, 227, 233, 3153)","(193, 210, 307, 363, 395, 414, 435, 415, 363, 329, 184, 102, 3711)","(0, 0, 0, 0, 0, 0, 0, 0, 0, 0, 0, 0)","(209, 201, 237, 305, 297, 369, 326, 304, 294, 262, 142, 142, 3088)","(0, 0, 0, 0, 0, 0, 0, 0, 0, 0, 0, 0)","(150, 170, 133, 255, 261, 338, 249, 247, 253, 171, 124, 150, 2500)","(167, 191, 257, 360, 397, 389, 437, 405, 350, 314, 127, 116, 3510)","(227, 182, 192, 240, 176, 268, 331, 367, 241, 231, 157, 204, 2816)","(0, 0, 0, 0, 0, 0, 0, 0, 0, 0, 0, 0)","(215, 242, 318, 362, 379, 403, 418, 414, 343, 321, 207, 87, 3709)","(0, 0, 0, 0, 0, 0, 0, 0, 0, 0, 0, 0)","(204.86, 207.86, 244.14, 306.0, 296.71, 349.14, 360.14, 357.0, 302.57, 269.43, 166.86, 147.71)"
"(0, 0, 0, 0, 0, 0, 0, 0, 0, 0, 0, 0)","(263, 272, 237, 267, 263, 230, 302, 277, 197, 298, 204, 245, 3053)","(161, 175, 226, 233, 396, 384, 447, 417, 354, 312, 215, 234, 3553)","(0, 0, 0, 0, 0, 0, 0, 0, 0, 0, 0, 0)","(187, 234, 262, 285, 379, 293, 320, 278, 260, 300, 222, 247, 3267)","(0, 0, 0, 0, 0, 0, 0, 0, 0, 0, 0, 0)","(121, 178, 162, 192, 254, 181, 238, 186, 210, 224, 145, 168, 2258)","(155, 216, 175, 172, 393, 377, 436, 399, 349, 288, 155, 197, 3311)","(256, 271, 238, 342, 339, 284, 370, 345, 194, 249, 137, 216, 3242)","(0, 0, 0, 0, 0, 0, 0, 0, 0, 0, 0, 0)","(158, 160, 245, 251, 388, 384, 411, 394, 318, 323, 125, 175, 3332)","(0, 0, 0, 0, 0, 0, 0, 0, 0, 0, 0, 0)","(185.86, 215.14, 220.71, 248.86, 344.57, 304.71, 360.57, 328.0, 268.86, 284.86, 171.86, 211.71)"
"(0, 0, 0, 0, 0, 0, 0, 0, 0, 0, 0, 0)","(267, 201, 274, 290, 269, 240, 306, 315, 239, 222, 254, 242, 3118)","(169, 162, 292, 354, 409, 428, 429, 387, 367, 300, 165, 153, 3614)","(0, 0, 0, 0, 0, 0, 0, 0, 0, 0, 0, 0)","(194, 173, 303, 375, 318, 340, 297, 279, 277, 245, 180, 158, 3138)","(0, 0, 0, 0, 0, 0, 0, 0, 0, 0, 0, 0)","(174, 109, 222, 285, 300, 299, 193, 189, 201, 201, 92, 110, 2374)","(151, 147, 251, 359, 384, 412, 425, 357, 359, 282, 140, 130, 3395)","(205, 148, 312, -99, -99, 209, 303, 317, 254, -99, 211, 254, -99)","(0, 0, 0, 0, 0, 0, 0, 0, 0, 0, 0, 0)","(146, 126, 267, 356, 365, 398, 396, 386, 369, 287, 137, 92, 3325)","(0, 0, 0, 0, 0, 0, 0, 0, 0, 0, 0, 0)","(186.57, 152.29, 274.43, 336.5, 340.83, 332.29, 335.57, 318.57, 295.14, 256.17, 168.43, 162.71)"
"(0, 0, 0, 0, 0, 0, 0, 0, 0, 0, 0, 0)","(181, 201, 320, 283, 219, 128, 311, 321, 239, 271, 232, 229, 2934)","(105, 120, 310, 360, 435, 416, 451, 421, 365, 301, 257, 168, 3709)","(0, 0, 0, 0, 0, 0, 0, 0, 0, 0, 0, 0)","(129, 154, 323, 338, 333, 248, 345, 380, 285, 242, 232, 163, 3171)","(0, 0, 0, 0, 0, 0, 0, 0, 0, 0, 0, 0)","(102, 104, 285, 243, 218, 175, 274, 304, 241, 221, 188, 142, 2497)","(88, 86, 278, 301, 412, 339, 449, 418, 342, 259, 245, 126, 3342)","(206, 231, 306, 267, 223, 154, 422, 380, 340, 302, 240, 194, 3265)","(0, 0, 0, 0, 0, 0, 0, 0, 0, 0, 0, 0)","(43, 128, 309, 353, 428, 402, 429, 403, 363, 292, 251, 199, 3602)","(0, 0, 0, 0, 0, 0, 0, 0, 0, 0, 0, 0)","(122.0, 146.29, 304.43, 306.43, 324.0, 266.0, 383.0, 375.29, 310.71, 269.71, 235.0, 174.43)"
"(0, 0, 0, 0, 0, 0, 0, 0, 0, 0, 0, 0)","(200, 226, 276, 313, 291, 243, 321, 323, 296, 236, 231, 204, 3160)","(145, 217, 312, 357, 399, 409, 449, 422, 365, 303, 158, 111, 3647)","(0, 0, 0, 0, 0, 0, 0, 0, 0, 0, 0, 0)","(142, 243, 314, 366, 340, 288, 278, 250, 349, 233, 117, 98, 3018)","(0, 0, 0, 0, 0, 0, 0, 0, 0, 0, 0, 0)","(111, 220, 286, 313, 279, 221, 217, 186, 293, 189, 107, 126, 2546)","(85, 197, 302, 350, 404, 390, 451, 426, 367, 286, 116, 97, 3471)","(147, 222, 275, 367, 315, 304, 395, 387, 339, 173, 216, 244, 3384)","(0, 0, 0, 0, 0, 0, 0, 0, 0, 0, 0, 0)","(174, 220, 330, 362, 422, 392, 420, 418, 372, 299, 196, 76, 3681)","(0, 0, 0, 0, 0, 0, 0, 0, 0, 0, 0, 0)","(143.43, 220.71, 299.29, 346.86, 350.0, 321.0, 361.57, 344.57, 340.14, 245.57, 163.0, 136.57)"
"(0, 0, 0, 0, 0, 0, 0, 0, 0, 0, 0, 0)","(219, 217, 290, 278, 244, 247, 297, 316, 263, 275, 204, 204, 3054)","(159, 214, 278, 354, 319, 420, 440, 417, 354, 297, 239, 158, 3650)","(0, 0, 0, 0, 0, 0, 0, 0, 0, 0, 0, 0)","(205, 242, 268, 289, 271, 322, 302, 298, 320, 292, 198, 194, 3200)","(0, 0, 0, 0, 0, 0, 0, 0, 0, 0, 0, 0)","(150, 127, 186, 209, 262, 274, 290, 278, 241, 191, 144, 139, 2491)","(188, 227, 257, 346, 347, 402, 443, 412, 352, 297, 195, 153, 3619)","(242, 247, 281, 311, 153, 234, 341, 379, 291, -99, 214, 184, -99)","(0, 0, 0, 0, 0, 0, 0, 0, 0, 0, 0, 0)","(172, 214, 323, 344, 327, 429, 431, 394, 353, 307, 212, 122, 3627)","(0, 0, 0, 0, 0, 0, 0, 0, 0, 0, 0, 0)","(190.71, 212.57, 269.0, 304.43, 274.71, 332.57, 363.43, 356.29, 310.57, 276.5, 200.86, 164.86)"
"(0, 0, 0, 0, 0, 0, 0, 0, 0, 0, 0, 0)","(261, 232, 230, 313, 284, 229, 341, 296, 242, 204, 242, 210, 3084)","(146, 201, 332, 332, 402, 406, 440, 415, 331, 232, 128, 137, 3502)","(0, 0, 0, 0, 0, 0, 0, 0, 0, 0, 0, 0)","(208, 172, 303, 334, 332, 328, 350, 338, 304, 178, 166, 138, 3150)","(0, 0, 0, 0, 0, 0, 0, 0, 0, 0, 0, 0)","(154, 121, 176, 296, 202, 250, 176, 253, 199, 162, 143, 163, 2295)","(198, 196, 295, 347, 393, 424, 448, 402, 344, 261, 143, 143, 3593)","(-99, 224, 284, 339, 368, 345, 363, 338, 268, 201, 213, 238, -99)","(0, 0, 0, 0, 0, 0, 0, 0, 0, 0, 0, 0)","(82, 213, 351, 347, 416, 400, 420, 397, 307, 222, 93, 98, 3344)","(0, 0, 0, 0, 0, 0, 0, 0, 0, 0, 0, 0)","(174.83, 194.14, 281.57, 329.71, 342.43, 340.29, 362.57, 348.43, 285.0, 208.57, 161.14, 161.0)"
"(0, 0, 0, 0, 0, 0, 0, 0, 0, 0, 0, 0)","(249, 241, 247, 247, 201, 239, 234, 258, 196, 259, 195, 234, 2798)","(162, 152, 267, 366, 405, 421, 450, 417, 342, 274, 106, 73, 3435)","(0, 0, 0, 0, 0, 0, 0, 0, 0, 0, 0, 0)","(147, 118, 197, 332, 328, 329, 295, 233, 171, 246, 82, 155, 2632)","(0, 0, 0, 0, 0, 0, 0, 0, 0, 0, 0, 0)","(141, 172, 249, 304, 296, 243, 243, 204, 223, 170, 55, 48, 2346)","(162, 174, 264, 382, 414, 428, 448, 415, 342, 280, 82, 85, 3476)","(215, 137, 208, -99, 258, 291, 352, 336, 236, 279, 219, 190, -99)","(0, 0, 0, 0, 0, 0, 0, 0, 0, 0, 0, 0)","(182, 163, 217, 363, 379, 403, 440, 394, 366, 310, 165, 70, 3450)","(0, 0, 0, 0, 0, 0, 0, 0, 0, 0, 0, 0)","(179.71, 165.29, 235.57, 332.33, 325.86, 336.29, 351.71, 322.43, 268.0, 259.71, 129.14, 122.14)"
"(0, 0, 0, 0, 0, 0, 0, 0, 0, 0, 0, 0)","(199, 266, 254, 329, 209, 264, 292, 239, 224, 174, 231, 270, 2951)","(129, 210, 182, 314, 429, 418, 410, 402, 373, 259, 190, 120, 3435)","(0, 0, 0, 0, 0, 0, 0, 0, 0, 0, 0, 0)","(192, 247, 189, 235, 366, 328, 323, 246, 238, 218, 159, 154, 2894)","(0, 0, 0, 0, 0, 0, 0, 0, 0, 0, 0, 0)","(161, 133, 151, 276, 336, 253, 296, 227, 141, 233, 160, 101, 2467)","(170, 250, 279, 361, 436, 432, 429, 411, 373, 293, 234, 156, 3823)","(145, 261, 190, 359, 247, 315, 350, 308, -99, -99, 255, 251, -99)","(0, 0, 0, 0, 0, 0, 0, 0, 0, 0, 0, 0)","(135, 224, 250, 343, 430, 431, 419, 411, 371, 259, 198, 108, 3578)","(0, 0, 0, 0, 0, 0, 0, 0, 0, 0, 0, 0)","(161.57, 227.29, 213.57, 316.71, 350.43, 348.71, 359.86, 320.57, 286.67, 239.33, 203.86, 165.71)"
"(0, 0, 0, 0, 0, 0, 0, 0, 0, 0, 0, 0)","(280, 210, 254, 257, 238, 211, 277, 291, 249, 256, 247, 249, 3017)","(137, 165, 195, 287, 426, 422, 427, 375, 327, 245, 271, 242, 3518)","(0, 0, 0, 0, 0, 0, 0, 0, 0, 0, 0, 0)","(0, 0, 0, 0, 0, 0, 0, 0, 0, 0, 0, 0)","(0, 0, 0, 0, 0, 0, 0, 0, 0, 0, 0, 0)","(150, 115, 203, 207, 311, 326, 238, 179, 121, 144, 97, 84, 2175)","(214, 183, 235, 324, 433, 428, 439, 399, 356, 276, 215, 201, 3703)","(263, 232, -99, 312, 367, 354, 398, -99, -99, 256, 246, 224, -99)","(0, 0, 0, 0, 0, 0, 0, 0, 0, 0, 0, 0)","(171, 195, 249, 325, 427, 427, 428, 400, 346, 287, 217, 202, 3674)","(0, 0, 0, 0, 0, 0, 0, 0, 0, 0, 0, 0)","(202.5, 183.33, 227.2, 285.33, 367.0, 361.33, 367.83, 328.8, 279.8, 244.0, 215.5, 200.33)"
"(0, 0, 0, 0, 0, 0, 0, 0, 0, 0, 0, 0)","(278, 195, 306, 263, 219, 333, 174, 329, 118, 266, 273, 271, 3024)","(261, 240, 332, 250, 439, 444, 445, 392, 309, 313, 184, 251, 3859)","(0, 0, 0, 0, 0, 0, 0, 0, 0, 0, 0, 0)","(0, 0, 0, 0, 0, 0, 0, 0, 0, 0, 0, 0)","(0, 0, 0, 0, 0, 0, 0, 0, 0, 0, 0, 0)","(73, 81, 165, 164, 247, 239, 221, 137, 164, 165, 107, 151, 1915)","(210, 179, 324, 323, 423, 390, 420, 369, 327, 317, 219, 248, 3748)","(282, 182, 324, 308, -99, 380, 356, 390, 250, 290, 254, 246, -99)","(0, 0, 0, 0, 0, 0, 0, 0, 0, 0, 0, 0)","(240, 201, 305, 310, 422, 404, 427, 363, 303, 318, 157, 269, 3718)","(0, 0, 0, 0, 0, 0, 0, 0, 0, 0, 0, 0)","(224.0, 179.67, 292.67, 269.67, 350.0, 365.0, 340.5, 330.0, 245.17, 278.17, 199.0, 239.33)"
"(0, 0, 0, 0, 0, 0, 0, 0, 0, 0, 0, 0)","(239, 264, 311, 277, 257, 229, 328, 268, 288, 223, 258, 191, 3133)","(121, 233, 313, 348, 358, 382, 435, 388, 308, 274, 190, 43, 3394)","(0, 0, 0, 0, 0, 0, 0, 0, 0, 0, 0, 0)","(0, 0, 0, 0, 0, 0, 0, 0, 0, 0, 0, 0)","(0, 0, 0, 0, 0, 0, 0, 0, 0, 0, 0, 0)","(159, 115, 193, 262, 285, 229, 317, 145, 156, 113, 86, 64, 2123)","(189, 238, 305, 370, 361, 412, 446, 387, 320, 295, 221, 140, 3684)","(212, 260, 321, 302, 333, -99, -99, -99, 350, 333, 303, -99, -99)","(0, 0, 0, 0, 0, 0, 0, 0, 0, 0, 0, 0)","(88, 248, 332, 378, 359, 384, 441, 397, 341, 321, 226, 114, 3628)","(0, 0, 0, 0, 0, 0, 0, 0, 0, 0, 0, 0)","(168.0, 226.33, 295.83, 322.83, 325.5, 327.2, 393.4, 317.0, 293.83, 259.83, 214.0, 110.4)"
"(0, 0, 0, 0, 0, 0, 0, 0, 0, 0, 0, 0)","(180, 200, 208, 291, 341, 333, 342, 319, 268, 224, 206, 245, 3157)","(74, 189, 289, 251, 413, 400, 434, 407, 300, 284, 156, 129, 3325)","(0, 0, 0, 0, 0, 0, 0, 0, 0, 0, 0, 0)","(0, 0, 0, 0, 0, 0, 0, 0, 0, 0, 0, 0)","(0, 0, 0, 0, 0, 0, 0, 0, 0, 0, 0, 0)","(144, 106, 192, 280, 379, 277, 171, 221, 221, 146, 147, 162, 2445)","(106, 172, 252, 308, 423, 423, 441, 403, 332, 324, 225, 241, 3649)","(0, 0, 0, 0, 0, 0, 0, 0, 0, 0, 0, 0)","(0, 0, 0, 0, 0, 0, 0, 0, 0, 0, 0, 0)","(89, 131, 259, 287, 427, 434, 439, 414, 338, 342, 211, 151, 3521)","(0, 0, 0, 0, 0, 0, 0, 0, 0, 0, 0, 0)","(118.6, 159.6, 240.0, 283.4, 396.6, 373.4, 365.4, 352.8, 291.8, 264.0, 189.0, 185.6)"
"(0, 0, 0, 0, 0, 0, 0, 0, 0, 0, 0, 0)","(206, 251, 260, 298, 233, 271, 302, 262, 304, 241, 251, 267, 3144)","(114, 135, 237, 346, 426, 444, 440, 413, 362, 272, 213, 150, 3552)","(0, 0, 0, 0, 0, 0, 0, 0, 0, 0, 0, 0)","(0, 0, 0, 0, 0, 0, 0, 0, 0, 0, 0, 0)","(0, 0, 0, 0, 0, 0, 0, 0, 0, 0, 0, 0)","(139, 66, 183, 240, 275, 363, 381, 365, 277, 132, 137, 144, 2703)","(185, 171, 278, 336, 419, 443, 436, 401, 368, 242, 179, 195, 3651)","(0, 0, 0, 0, 0, 0, 0, 0, 0, 0, 0, 0)","(0, 0, 0, 0, 0, 0, 0, 0, 0, 0, 0, 0)","(129, 183, 272, 361, 424, 437, 433, 406, 367, 292, 216, 170, 3690)","(0, 0, 0, 0, 0, 0, 0, 0, 0, 0, 0, 0)","(154.6, 161.2, 246.0, 316.2, 355.4, 391.6, 398.4, 369.4, 335.6, 235.8, 199.2, 185.2)"
"(0, 0, 0, 0, 0, 0, 0, 0, 0, 0, 0, 0)","(185, 250, 300, 297, 225, 331, 343, 306, 209, 241, 257, 260, 3203)","(92, 128, 334, 364, 425, 429, 441, 420, 362, 325, 249, 142, 3710)","(0, 0, 0, 0, 0, 0, 0, 0, 0, 0, 0, 0)","(0, 0, 0, 0, 0, 0, 0, 0, 0, 0, 0, 0)","(0, 0, 0, 0, 0, 0, 0, 0, 0, 0, 0, 0)","(136, 108, 256, 257, 176, 182, 215, 181, 193, 130, 110, 70, 2014)","(207, 213, 328, 370, 433, 396, 441, 418, 349, 305, 209, 193, 3862)","(0, 0, 0, 0, 0, 0, 0, 0, 0, 0, 0, 0)","(0, 0, 0, 0, 0, 0, 0, 0, 0, 0, 0, 0)","(104, 153, 276, 312, 369, 418, 429, 416, 359, 311, 244, 143, 3531)","(0, 0, 0, 0, 0, 0, 0, 0, 0, 0, 0, 0)","(144.8, 170.4, 298.8, 320.0, 325.6, 351.2, 373.8, 348.2, 294.4, 262.4, 213.8, 161.6)"
"(0, 0, 0, 0, 0, 0, 0, 0, 0, 0, 0, 0)","(262, 250, 261, 225, 211, 299, 317, 313, 260, 247, 250, 232, 3128)","(107, 215, 290, 377, 424, 439, 446, 421, 361, 317, 173, 79, 3650)","(0, 0, 0, 0, 0, 0, 0, 0, 0, 0, 0, 0)","(0, 0, 0, 0, 0, 0, 0, 0, 0, 0, 0, 0)","(0, 0, 0, 0, 0, 0, 0, 0, 0, 0, 0, 0)","(60, 88, 207, 266, 316, 331, 292, 253, 214, 152, 104, 62, 2344)","(151, 220, 282, 361, 408, 424, 447, 421, 339, 281, 166, 122, 3620)","(0, 0, 0, 0, 0, 0, 0, 0, 0, 0, 0, 0)","(0, 0, 0, 0, 0, 0, 0, 0, 0, 0, 0, 0)","(116, 183, 265, 345, 411, 434, 443, 419, 351, 284, 155, 73, 3479)","(0, 0, 0, 0, 0, 0, 0, 0, 0, 0, 0, 0)","(139.2, 191.2, 261.0, 314.8, 354.0, 385.4, 389.0, 365.4, 305.0, 256.2, 169.6, 113.6)"
"(0, 0, 0, 0, 0, 0, 0, 0, 0, 0, 0, 0)","(223, 171, 220, 266, 168, 178, 337, 268, 213, 295, 219, 248, 2807)","(142, 220, 213, 305, 429, 426, 442, 411, 339, 278, 123, 149, 3477)","(0, 0, 0, 0, 0, 0, 0, 0, 0, 0, 0, 0)","(0, 0, 0, 0, 0, 0, 0, 0, 0, 0, 0, 0)","(0, 0, 0, 0, 0, 0, 0, 0, 0, 0, 0, 0)","(108, 128, 203, 250, 308, 272, 291, 233, 185, 184, 159, 120, 2440)","(191, 210, 274, 318, 412, 363, 419, 394, 313, 241, 155, 179, 3468)","(0, 0, 0, 0, 0, 0, 0, 0, 0, 0, 0, 0)","(0, 0, 0, 0, 0, 0, 0, 0, 0, 0, 0, 0)","(148, 174, 202, 321, 407, 382, 425, 397, 310, 269, 126, 123, 3284)","(0, 0, 0, 0, 0, 0, 0, 0, 0, 0, 0, 0)","(162.4, 180.6, 222.4, 292.0, 344.8, 324.2, 382.8, 340.6, 272.0, 253.4, 156.4, 163.8)"
"(0, 0, 0, 0, 0, 0, 0, 0, 0, 0, 0, 0)","(273, 163, 212, 324, 257, 199, 332, 280, 264, 252, 228, 212, 2997)","(85, 156, 246, 340, 431, 436, 448, 413, 359, 323, 160, 97, 3494)","(0, 0, 0, 0, 0, 0, 0, 0, 0, 0, 0, 0)","(0, 0, 0, 0, 0, 0, 0, 0, 0, 0, 0, 0)","(0, 0, 0, 0, 0, 0, 0, 0, 0, 0, 0, 0)","(140, 126, 193, 279, 316, 371, 373, 331, 299, 164, 91, 34, 2718)","(169, 169, 269, 335, 408, 402, 430, 367, 335, 271, 135, 87, 3377)","(0, 0, 0, 0, 0, 0, 0, 0, 0, 0, 0, 0)","(0, 0, 0, 0, 0, 0, 0, 0, 0, 0, 0, 0)","(94, 106, 160, 245, 394, 408, 436, 326, 322, 306, 158, 113, 3067)","(0, 0, 0, 0, 0, 0, 0, 0, 0, 0, 0, 0)","(152.2, 144.0, 216.0, 304.6, 361.2, 363.2, 403.8, 343.4, 315.8, 263.2, 154.4, 108.6)"
"(0, 0, 0, 0, 0, 0, 0, 0, 0, 0, 0, 0)","(262, 277, 302, 295, 310, 244, 313, 256, 274, 251, 207, 190, 3182)","(165, 227, 312, 338, 426, 429, 438, 415, 367, 299, 173, 154, 3743)","(0, 0, 0, 0, 0, 0, 0, 0, 0, 0, 0, 0)","(0, 0, 0, 0, 0, 0, 0, 0, 0, 0, 0, 0)","(0, 0, 0, 0, 0, 0, 0, 0, 0, 0, 0, 0)","(185, 203, 275, 311, 362, 345, 369, 320, 299, 227, 131, 166, 3191)","(185, 196, 295, 331, 399, 416, 430, 408, 351, 257, 112, 173, 3554)","(0, 0, 0, 0, 0, 0, 0, 0, 0, 0, 0, 0)","(0, 0, 0, 0, 0, 0, 0, 0, 0, 0, 0, 0)","(142, 251, 350, 371, 414, 409, 427, 409, 362, 299, 150, 139, 3724)","(0, 0, 0, 0, 0, 0, 0, 0, 0, 0, 0, 0)","(187.8, 230.8, 306.8, 329.2, 382.2, 368.6, 395.4, 361.6, 330.6, 266.6, 154.6, 164.4)"
"(0, 0, 0, 0, 0, 0, 0, 0, 0, 0, 0, 0)","(225, 213, 219, 261, 231, 295, 331, 326, 274, 256, 192, 245, 3068)","(112, 261, 289, 364, 424, 426, 437, 410, 350, 319, 190, 91, 3673)","(0, 0, 0, 0, 0, 0, 0, 0, 0, 0, 0, 0)","(0, 0, 0, 0, 0, 0, 0, 0, 0, 0, 0, 0)","(0, 0, 0, 0, 0, 0, 0, 0, 0, 0, 0, 0)","(206, 190, 229, 279, 353, 347, 325, 324, 265, 251, 166, 164, 3099)","(165, 233, 255, 350, 397, 417, 401, 408, 299, 279, 179, 139, 3522)","(0, 0, 0, 0, 0, 0, 0, 0, 0, 0, 0, 0)","(0, 0, 0, 0, 0, 0, 0, 0, 0, 0, 0, 0)","(101, 267, 300, 366, 424, 412, 379, 407, 298, 296, 132, 60, 3442)","(0, 0, 0, 0, 0, 0, 0, 0, 0, 0, 0, 0)","(161.8, 232.8, 258.4, 324.0, 365.8, 379.4, 374.6, 375.0, 297.2, 280.2, 171.8, 139.8)"
"(0, 0, 0, 0, 0, 0, 0, 0, 0, 0, 0, 0)","(257, 197, 204, 284, 317, 243, 340, 342, 248, 214, 239, 239, 3124)","(118, 192, 281, 344, 419, 435, 446, 414, 346, 315, 278, 147, 3735)","(0, 0, 0, 0, 0, 0, 0, 0, 0, 0, 0, 0)","(0, 0, 0, 0, 0, 0, 0, 0, 0, 0, 0, 0)","(0, 0, 0, 0, 0, 0, 0, 0, 0, 0, 0, 0)","(140, 149, 251, 315, 344, 333, 352, 273, 269, 200, 169, 158, 2953)","(90, 155, 263, 326, 379, 408, 442, -99, -99, -99, -99, -99, -99)","(0, 0, 0, 0, 0, 0, 0, 0, 0, 0, 0, 0)","(0, 0, 0, 0, 0, 0, 0, 0, 0, 0, 0, 0)","(117, 179, 252, 342, 416, 439, 437, 415, 343, 324, 264, 81, 3609)","(0, 0, 0, 0, 0, 0, 0, 0, 0, 0, 0, 0)","(144.4, 174.4, 250.2, 322.2, 375.0, 371.6, 403.4, 361.0, 301.5, 263.25, 237.5, 156.25)"
"(0, 0, 0, 0, 0, 0, 0, 0, 0, 0, 0, 0)","(248, 203, 267, 276, 197, 214, 248, 289, 270, 176, 258, 230, 2876)","(192, 237, 278, 352, 406, 421, 437, 414, 346, 308, 221, 168, 3780)","(0, 0, 0, 0, 0, 0, 0, 0, 0, 0, 0, 0)","(0, 0, 0, 0, 0, 0, 0, 0, 0, 0, 0, 0)","(0, 0, 0, 0, 0, 0, 0, 0, 0, 0, 0, 0)","(161, 187, 247, 279, 268, 248, 261, 230, 160, 110, 92, 74, 2317)","(0, 0, 0, 0, 0, 0, 0, 0, 0, 0, 0, 0)","(0, 0, 0, 0, 0, 0, 0, 0, 0, 0, 0, 0)","(0, 0, 0, 0, 0, 0, 0, 0, 0, 0, 0, 0)","(145, 228, 289, 366, 402, 425, 437, 411, 354, 282, 153, 120, 3612)","(0, 0, 0, 0, 0, 0, 0, 0, 0, 0, 0, 0)","(186.5, 213.75, 270.25, 318.25, 318.25, 327.0, 345.75, 336.0, 282.5, 219.0, 181.0, 148.0)"
