DULUTH,BURLINGTON,DAVENPORT,DES MOINES,DUBUQUE,SIOUX CITY,CHARLES CITY,KEOKUK,mean_col
"(0, 0, 0, 0, 0, 0, 0, 0, 0, 0, 0, 0)","(0, 0, 0, 0, 0, 0, 0, 0, 0, 0, 0, 0)","(0, 0, 0, 0, 0, 0, 0, 0, 0, 0, 0, 0)","(164, 129, 194, 243, 275, 339, 300, 279, 203, 196, 115, 114, 2552)","(130, 134, 184, 261, 290, 370, 338, 329, 225, 202, 137, 118, 2717)","(0, 0, 0, 0, 0, 0, 0, 0, 0, 0, 0, 0)","(0, 0, 0, 0, 0, 0, 0, 0, 0, 0, 0, 0)","(0, 0, 0, 0, 0, 0, 0, 0, 0, 0, 0, 0)","(147.0, 131.5, 189.0, 252.0, 282.5, 354.5, 319.0, 304.0, 214.0, 199.0, 126.0, 116.0)"
"(0, 0, 0, 0, 0, 0, 0, 0, 0, 0, 0, 0)","(0, 0, 0, 0, 0, 0, 0, 0, 0, 0, 0, 0)","(0, 0, 0, 0, 0, 0, 0, 0, 0, 0, 0, 0)","(167, 181, 181, 244, 313, 329, 390, 319, 200, 230, 213, 144, 2910)","(164, 210, 167, 282, 276, 345, 377, 329, 195, 214, 164, 85, 2806)","(0, 0, 0, 0, 0, 0, 0, 0, 0, 0, 0, 0)","(0, 0, 0, 0, 0, 0, 0, 0, 0, 0, 0, 0)","(0, 0, 0, 0, 0, 0, 0, 0, 0, 0, 0, 0)","(165.5, 195.5, 174.0, 263.0, 294.5, 337.0, 383.5, 324.0, 197.5, 222.0, 188.5, 114.5)"
"(0, 0, 0, 0, 0, 0, 0, 0, 0, 0, 0, 0)","(0, 0, 0, 0, 0, 0, 0, 0, 0, 0, 0, 0)","(0, 0, 0, 0, 0, 0, 0, 0, 0, 0, 0, 0)","(174, 168, 215, 310, 241, 222, 268, 218, 198, 233, 122, 102, 2472)","(196, 191, 148, 236, 219, 157, 213, 168, 173, 151, 87, 87, 2024)","(0, 0, 0, 0, 0, 0, 0, 0, 0, 0, 0, 0)","(0, 0, 0, 0, 0, 0, 0, 0, 0, 0, 0, 0)","(0, 0, 0, 0, 0, 0, 0, 0, 0, 0, 0, 0)","(185.0, 179.5, 181.5, 273.0, 230.0, 189.5, 240.5, 193.0, 185.5, 192.0, 104.5, 94.5)"
"(0, 0, 0, 0, 0, 0, 0, 0, 0, 0, 0, 0)","(0, 0, 0, 0, 0, 0, 0, 0, 0, 0, 0, 0)","(0, 0, 0, 0, 0, 0, 0, 0, 0, 0, 0, 0)","(166, 185, 182, 205, 256, 280, 325, 250, 193, 221, 154, 112, 2528)","(107, 129, 112, 160, 162, 270, 278, 242, 244, 245, 179, 150, 2276)","(0, 0, 0, 0, 0, 0, 0, 0, 0, 0, 0, 0)","(0, 0, 0, 0, 0, 0, 0, 0, 0, 0, 0, 0)","(0, 0, 0, 0, 0, 0, 0, 0, 0, 0, 0, 0)","(136.5, 157.0, 147.0, 182.5, 209.0, 275.0, 301.5, 246.0, 218.5, 233.0, 166.5, 131.0)"
"(0, 0, 0, 0, 0, 0, 0, 0, 0, 0, 0, 0)","(0, 0, 0, 0, 0, 0, 0, 0, 0, 0, 0, 0)","(0, 0, 0, 0, 0, 0, 0, 0, 0, 0, 0, 0)","(122, 120, 142, 256, 280, 306, 329, 335, 241, 213, 208, 154, 2706)","(176, 183, 219, 269, 326, 292, 286, 247, 160, 153, 169, 146, 2625)","(0, 0, 0, 0, 0, 0, 0, 0, 0, 0, 0, 0)","(0, 0, 0, 0, 0, 0, 0, 0, 0, 0, 0, 0)","(0, 0, 0, 0, 0, 0, 0, 0, 0, 0, 0, 0)","(149.0, 151.5, 180.5, 262.5, 303.0, 299.0, 307.5, 291.0, 200.5, 183.0, 188.5, 150.0)"
"(0, 0, 0, 0, 0, 0, 0, 0, 0, 0, 0, 0)","(0, 0, 0, 0, 0, 0, 0, 0, 0, 0, 0, 0)","(0, 0, 0, 0, 0, 0, 0, 0, 0, 0, 0, 0)","(158, 195, 174, 237, 279, 278, 278, 310, 221, 206, 181, 191, 2708)","(178, 178, 124, 184, 232, 298, 217, 209, 209, 198, 169, 152, 2350)","(0, 0, 0, 0, 0, 0, 0, 0, 0, 0, 0, 0)","(201, 201, 138, 243, 211, 247, 308, 287, 192, 180, 155, 168, 2532)","(0, 0, 0, 0, 0, 0, 0, 0, 0, 0, 0, 0)","(179.0, 191.33, 145.33, 221.33, 240.67, 274.33, 267.67, 268.67, 207.33, 194.67, 168.33, 170.33)"
"(0, 0, 0, 0, 0, 0, 0, 0, 0, 0, 0, 0)","(0, 0, 0, 0, 0, 0, 0, 0, 0, 0, 0, 0)","(0, 0, 0, 0, 0, 0, 0, 0, 0, 0, 0, 0)","(156, 193, 163, 256, 310, 337, 348, 300, 216, 176, 94, 103, 2651)","(117, 168, 135, 247, 256, 284, 353, 283, 237, 161, 85, 86, 2412)","(0, 0, 0, 0, 0, 0, 0, 0, 0, 0, 0, 0)","(126, 174, 147, 255, 279, 349, 386, 330, 282, 213, 115, 221, 2878)","(0, 0, 0, 0, 0, 0, 0, 0, 0, 0, 0, 0)","(133.0, 178.33, 148.33, 252.67, 281.67, 323.33, 362.33, 304.33, 245.0, 183.33, 98.0, 136.67)"
"(0, 0, 0, 0, 0, 0, 0, 0, 0, 0, 0, 0)","(0, 0, 0, 0, 0, 0, 0, 0, 0, 0, 0, 0)","(0, 0, 0, 0, 0, 0, 0, 0, 0, 0, 0, 0)","(81, 142, 197, 206, 202, 260, 321, 290, 231, 220, 172, 107, 2427)","(97, 167, 185, 192, 177, 247, 273, 242, 175, 190, 181, 113, 2240)","(0, 0, 0, 0, 0, 0, 0, 0, 0, 0, 0, 0)","(124, 196, 258, 323, 334, 373, 381, 336, 286, 253, 206, 137, 3207)","(0, 0, 0, 0, 0, 0, 0, 0, 0, 0, 0, 0)","(100.67, 168.33, 213.33, 240.33, 237.67, 293.33, 325.0, 289.33, 230.67, 221.0, 186.33, 119.0)"
"(0, 0, 0, 0, 0, 0, 0, 0, 0, 0, 0, 0)","(0, 0, 0, 0, 0, 0, 0, 0, 0, 0, 0, 0)","(0, 0, 0, 0, 0, 0, 0, 0, 0, 0, 0, 0)","(181, 157, 190, 250, 227, 242, 309, 279, 298, 206, 160, 172, 2671)","(158, 157, 203, 246, 220, 287, 389, 292, 254, 195, 139, 124, 2664)","(240, 201, 217, 279, 259, 238, 309, 283, 291, 172, 163, 155, 2807)","(249, 204, 232, 300, 317, 333, 378, 346, 332, 249, 173, 174, 3287)","(0, 0, 0, 0, 0, 0, 0, 0, 0, 0, 0, 0)","(207.0, 179.75, 210.5, 268.75, 255.75, 275.0, 346.25, 300.0, 293.75, 205.5, 158.75, 156.25)"
"(0, 0, 0, 0, 0, 0, 0, 0, 0, 0, 0, 0)","(0, 0, 0, 0, 0, 0, 0, 0, 0, 0, 0, 0)","(0, 0, 0, 0, 0, 0, 0, 0, 0, 0, 0, 0)","(82, 142, 181, 189, 299, 282, 290, 361, 238, 202, 99, 110, 2474)","(88, 110, 167, 166, 266, 216, 301, 277, 202, 199, 134, 102, 2229)","(104, 131, 204, 188, 241, 230, 255, 349, 207, 192, 139, 98, 2339)","(134, 163, 255, 234, 318, 340, 373, 356, 245, 232, 135, 99, 2883)","(0, 0, 0, 0, 0, 0, 0, 0, 0, 0, 0, 0)","(102.0, 136.5, 201.75, 194.25, 281.0, 267.0, 304.75, 335.75, 223.0, 206.25, 126.75, 102.25)"
"(0, 0, 0, 0, 0, 0, 0, 0, 0, 0, 0, 0)","(0, 0, 0, 0, 0, 0, 0, 0, 0, 0, 0, 0)","(0, 0, 0, 0, 0, 0, 0, 0, 0, 0, 0, 0)","(150, 140, 291, 207, 247, 298, 288, 258, 200, 251, 166, 154, 2651)","(125, 185, 310, 230, 290, 374, 349, 232, 200, 225, 148, 141, 2810)","(127, 175, 241, 245, 233, 310, 326, 318, 223, 264, 167, 134, 2763)","(132, 196, 320, 287, 351, 387, 410, 329, 253, 245, 136, 163, 3209)","(0, 0, 0, 0, 0, 0, 0, 0, 0, 0, 0, 0)","(133.5, 174.0, 290.5, 242.25, 280.25, 342.25, 343.25, 284.25, 219.0, 246.25, 154.25, 148.0)"
"(0, 0, 0, 0, 0, 0, 0, 0, 0, 0, 0, 0)","(0, 0, 0, 0, 0, 0, 0, 0, 0, 0, 0, 0)","(0, 0, 0, 0, 0, 0, 0, 0, 0, 0, 0, 0)","(99, 142, 271, 241, 270, 323, 384, 320, 205, 181, 169, 144, 2749)","(94, 143, 243, 194, 316, 309, 327, 270, 198, 140, 102, 139, 2476)","(134, 165, 242, 188, 303, 366, 378, 301, 208, 184, 152, 137, 2760)","(120, 157, 248, 240, 360, 395, 404, 325, 243, 193, 137, 143, 2967)","(0, 0, 0, 0, 0, 0, 0, 0, 0, 0, 0, 0)","(111.75, 151.75, 251.0, 215.75, 312.25, 348.25, 373.25, 304.0, 213.5, 174.5, 140.0, 140.75)"
"(0, 0, 0, 0, 0, 0, 0, 0, 0, 0, 0, 0)","(0, 0, 0, 0, 0, 0, 0, 0, 0, 0, 0, 0)","(0, 0, 0, 0, 0, 0, 0, 0, 0, 0, 0, 0)","(187, 196, 235, 288, 349, 335, 369, 273, 196, 258, 239, 209, 3135)","(178, 137, 217, 256, 281, 332, 346, 273, 216, 229, 169, 156, 2791)","(134, 158, 218, 224, 304, 291, 327, 315, 211, 258, 217, 190, 2846)","(196, 192, 258, 293, 357, 395, 387, 282, 235, 247, 202, 180, 3223)","(0, 0, 0, 0, 0, 0, 0, 0, 0, 0, 0, 0)","(173.75, 170.75, 232.0, 265.25, 322.75, 338.25, 357.25, 285.75, 214.5, 248.0, 206.75, 183.75)"
"(0, 0, 0, 0, 0, 0, 0, 0, 0, 0, 0, 0)","(0, 0, 0, 0, 0, 0, 0, 0, 0, 0, 0, 0)","(0, 0, 0, 0, 0, 0, 0, 0, 0, 0, 0, 0)","(215, 191, 230, 273, 261, 368, 406, 339, 261, 237, 149, 165, 3095)","(143, 205, 190, 258, 232, 358, 371, 258, 225, 175, 137, 140, 2693)","(194, 202, 204, 256, 215, 370, 376, 295, 254, 191, 111, 173, 2841)","(172, 204, 217, 283, 256, 384, 401, 342, 260, 222, 138, 133, 3010)","(0, 0, 0, 0, 0, 0, 0, 0, 0, 0, 0, 0)","(181.0, 200.5, 210.25, 267.5, 241.0, 370.0, 388.5, 308.5, 250.0, 206.25, 133.75, 152.75)"
"(0, 0, 0, 0, 0, 0, 0, 0, 0, 0, 0, 0)","(0, 0, 0, 0, 0, 0, 0, 0, 0, 0, 0, 0)","(0, 0, 0, 0, 0, 0, 0, 0, 0, 0, 0, 0)","(145, 171, 236, 251, 318, 343, 401, 337, 242, 220, 228, 126, 3020)","(70, 139, 205, 239, 325, 277, 363, 313, 272, 188, 199, 117, 2708)","(180, 164, 210, 210, 268, 266, 365, 273, 230, 201, 194, 118, 2680)","(70, 157, 201, 187, 308, 295, 375, 299, 256, 198, 180, 105, 2632)","(0, 0, 0, 0, 0, 0, 0, 0, 0, 0, 0, 0)","(116.25, 157.75, 213.0, 221.75, 304.75, 295.25, 376.0, 305.5, 250.0, 201.75, 200.25, 116.5)"
"(0, 0, 0, 0, 0, 0, 0, 0, 0, 0, 0, 0)","(0, 0, 0, 0, 0, 0, 0, 0, 0, 0, 0, 0)","(0, 0, 0, 0, 0, 0, 0, 0, 0, 0, 0, 0)","(165, 128, 154, 291, 233, 310, 270, 303, 230, 242, 177, 127, 2629)","(149, 115, 206, 264, 171, 252, 206, 260, 196, 192, 120, 109, 2238)","(146, 99, 122, 246, 187, 246, 232, 268, 192, 230, 142, 117, 2228)","(140, 129, 200, 271, 198, 271, 216, 250, 161, 204, 89, 90, 2219)","(0, 0, 0, 0, 0, 0, 0, 0, 0, 0, 0, 0)","(150.0, 117.75, 170.5, 268.0, 197.25, 269.75, 231.0, 270.25, 194.75, 217.0, 132.0, 110.75)"
"(0, 0, 0, 0, 0, 0, 0, 0, 0, 0, 0, 0)","(0, 0, 0, 0, 0, 0, 0, 0, 0, 0, 0, 0)","(0, 0, 0, 0, 0, 0, 0, 0, 0, 0, 0, 0)","(135, 196, 232, 221, 302, 335, 420, 336, 264, 208, 179, 167, 2995)","(144, 204, 218, 226, 247, 320, 403, 324, 244, 200, 147, 174, 2853)","(152, 201, 213, 216, 295, 295, 387, 294, 261, 188, 199, 172, 2874)","(107, 148, 153, 175, 256, 244, 329, 304, 174, 174, 123, 136, 2322)","(0, 0, 0, 0, 0, 0, 0, 0, 0, 0, 0, 0)","(134.5, 187.25, 204.0, 209.5, 275.0, 298.5, 384.75, 314.5, 235.75, 192.5, 162.0, 162.25)"
"(0, 0, 0, 0, 0, 0, 0, 0, 0, 0, 0, 0)","(0, 0, 0, 0, 0, 0, 0, 0, 0, 0, 0, 0)","(0, 0, 0, 0, 0, 0, 0, 0, 0, 0, 0, 0)","(198, 181, 230, 169, 262, 286, 415, 300, 201, 175, 156, 131, 2704)","(199, 184, 225, 213, 295, 245, 331, 317, 234, 131, 137, 114, 2624)","(195, 174, 196, 159, 266, 305, 403, 332, 201, 184, 162, 128, 2704)","(182, 170, 188, 147, 263, 208, 317, 260, 178, 66, 116, 78, 2174)","(0, 0, 0, 0, 0, 0, 0, 0, 0, 0, 0, 0)","(193.5, 177.25, 209.75, 172.0, 271.5, 261.0, 366.5, 302.25, 203.5, 139.0, 142.75, 112.75)"
"(0, 0, 0, 0, 0, 0, 0, 0, 0, 0, 0, 0)","(0, 0, 0, 0, 0, 0, 0, 0, 0, 0, 0, 0)","(0, 0, 0, 0, 0, 0, 0, 0, 0, 0, 0, 0)","(168, 174, 285, 266, 346, 346, 355, 269, 225, 171, 152, 113, 2870)","(177, 189, 282, 262, 301, 290, 340, 281, 207, 194, 160, 96, 2779)","(149, 216, 284, 252, 280, 336, 296, 291, 244, 181, 148, 117, 2796)","(109, 144, 252, 236, 234, 260, 304, 270, 227, 165, 128, 65, 2394)","(0, 0, 0, 0, 0, 0, 0, 0, 0, 0, 0, 0)","(150.75, 180.75, 275.75, 254.0, 290.25, 308.0, 323.75, 277.75, 225.75, 177.75, 147.0, 97.75)"
"(0, 0, 0, 0, 0, 0, 0, 0, 0, 0, 0, 0)","(0, 0, 0, 0, 0, 0, 0, 0, 0, 0, 0, 0)","(0, 0, 0, 0, 0, 0, 0, 0, 0, 0, 0, 0)","(214, 136, 229, 194, 278, 247, 364, 308, 234, 174, 149, 105, 2632)","(188, 152, 234, 186, 278, 297, 382, 356, 238, 174, 144, 108, 2738)","(221, 169, 222, 139, 237, 174, 323, 305, 201, 146, 122, 135, 2393)","(161, 135, 189, 156, 269, 243, 395, 364, 224, 143, 105, 93, 2479)","(0, 0, 0, 0, 0, 0, 0, 0, 0, 0, 0, 0)","(196.0, 148.0, 218.5, 168.75, 265.5, 240.25, 366.0, 333.25, 224.25, 159.25, 130.0, 110.25)"
"(0, 0, 0, 0, 0, 0, 0, 0, 0, 0, 0, 0)","(0, 0, 0, 0, 0, 0, 0, 0, 0, 0, 0, 0)","(0, 0, 0, 0, 0, 0, 0, 0, 0, 0, 0, 0)","(136, 132, 237, 188, 283, 291, 343, 302, 255, 237, 146, 150, 2700)","(164, 132, 242, 230, 321, 318, 329, 279, 223, 203, 100, 83, 2623)","(105, 90, 220, 173, 236, 248, 296, 314, 294, 248, 95, 121, 2439)","(108, 87, 197, 145, 281, 296, 320, 276, 209, 183, 77, 71, 2250)","(0, 0, 0, 0, 0, 0, 0, 0, 0, 0, 0, 0)","(128.25, 110.25, 224.0, 184.0, 280.25, 288.25, 322.0, 292.75, 245.25, 217.75, 104.5, 106.25)"
"(0, 0, 0, 0, 0, 0, 0, 0, 0, 0, 0, 0)","(0, 0, 0, 0, 0, 0, 0, 0, 0, 0, 0, 0)","(0, 0, 0, 0, 0, 0, 0, 0, 0, 0, 0, 0)","(157, 179, 225, 241, 318, 311, 382, 330, 236, 237, 134, 166, 2916)","(127, 124, 175, 225, 279, 286, 354, 246, 226, 186, 102, 104, 2434)","(111, 159, 216, 222, 267, 344, 311, 258, 223, 229, 104, 141, 2584)","(70, 117, 173, 176, 224, 296, 352, 260, 199, 147, 75, 106, 2194)","(166, 175, 216, 251, 314, 293, 347, 290, 218, 235, 125, 151, 2780)","(126.2, 150.8, 201.0, 223.0, 280.4, 306.0, 349.2, 276.8, 220.4, 206.8, 108.0, 133.6)"
"(0, 0, 0, 0, 0, 0, 0, 0, 0, 0, 0, 0)","(0, 0, 0, 0, 0, 0, 0, 0, 0, 0, 0, 0)","(0, 0, 0, 0, 0, 0, 0, 0, 0, 0, 0, 0)","(190, 216, 170, 207, 255, 333, 261, 286, 259, 247, 157, 168, 2750)","(198, 190, 173, 191, 237, 316, 275, 259, 238, 238, 90, 112, 2517)","(161, 200, 205, 214, 245, 278, 244, 310, 272, 264, 138, 149, 2680)","(126, 136, 170, 194, 256, 340, 300, 316, 267, 233, 83, 144, 2565)","(0, 0, 0, 0, 0, 0, 0, 0, 0, 0, 0, 0)","(168.75, 185.5, 179.5, 201.5, 248.25, 316.75, 270.0, 292.75, 259.0, 245.5, 117.0, 143.25)"
"(0, 0, 0, 0, 0, 0, 0, 0, 0, 0, 0, 0)","(0, 0, 0, 0, 0, 0, 0, 0, 0, 0, 0, 0)","(0, 0, 0, 0, 0, 0, 0, 0, 0, 0, 0, 0)","(119, 197, 239, 279, 286, 262, 348, 239, 196, 218, 185, 164, 2730)","(106, 154, 188, 221, 286, 308, 300, 227, 183, 181, 131, 112, 2397)","(124, 198, 221, 230, 255, 246, 354, 283, 243, 211, 190, 161, 2715)","(98, 159, 211, 270, 290, 329, 361, 254, 194, 214, 169, 144, 2693)","(0, 0, 0, 0, 0, 0, 0, 0, 0, 0, 0, 0)","(111.75, 177.0, 214.75, 250.0, 279.25, 286.25, 340.75, 250.75, 204.0, 206.0, 168.75, 145.25)"
"(0, 0, 0, 0, 0, 0, 0, 0, 0, 0, 0, 0)","(0, 0, 0, 0, 0, 0, 0, 0, 0, 0, 0, 0)","(0, 0, 0, 0, 0, 0, 0, 0, 0, 0, 0, 0)","(196, 190, 136, 286, 265, 308, 351, 286, 226, 268, 169, 146, 2826)","(158, 101, 101, 251, 222, 212, 298, 243, 210, 255, 139, 119, 2308)","(199, 189, 176, 285, 259, 269, 369, 316, 239, 268, 181, 142, 2892)","(194, 163, 157, 262, 234, 244, 311, 298, 220, 265, 141, 117, 2605)","(0, 0, 0, 0, 0, 0, 0, 0, 0, 0, 0, 0)","(186.75, 160.75, 142.5, 271.0, 245.0, 258.25, 332.25, 285.75, 223.75, 264.0, 157.5, 131.0)"
"(0, 0, 0, 0, 0, 0, 0, 0, 0, 0, 0, 0)","(0, 0, 0, 0, 0, 0, 0, 0, 0, 0, 0, 0)","(0, 0, 0, 0, 0, 0, 0, 0, 0, 0, 0, 0)","(203, 165, 281, 254, 328, 319, 376, 294, 214, 120, 179, 147, 2880)","(156, 132, 248, 243, 338, 323, 305, 303, 200, 81, 158, 114, 2600)","(170, 158, 273, 256, 347, 322, 369, 314, 237, 152, 185, 140, 2923)","(166, 130, 262, 267, 348, 338, 353, 320, 245, 102, 175, 112, 2818)","(0, 0, 0, 0, 0, 0, 0, 0, 0, 0, 0, 0)","(173.75, 146.25, 266.0, 255.0, 340.25, 325.5, 350.75, 307.75, 224.0, 113.75, 174.25, 128.25)"
"(0, 0, 0, 0, 0, 0, 0, 0, 0, 0, 0, 0)","(0, 0, 0, 0, 0, 0, 0, 0, 0, 0, 0, 0)","(0, 0, 0, 0, 0, 0, 0, 0, 0, 0, 0, 0)","(182, 160, 196, 266, 326, 362, 296, 273, 137, 183, 134, 119, 2635)","(129, 100, 157, 282, 294, 326, 269, 233, 108, 124, 73, 89, 2184)","(123, 156, 232, 280, 285, 295, 292, 315, 192, 208, 107, 114, 2599)","(155, 122, 189, 298, 326, 341, 320, 309, 171, 164, 94, 98, 2587)","(0, 0, 0, 0, 0, 0, 0, 0, 0, 0, 0, 0)","(147.25, 134.5, 193.5, 281.5, 307.75, 331.0, 294.25, 282.5, 152.0, 169.75, 102.0, 105.0)"
"(0, 0, 0, 0, 0, 0, 0, 0, 0, 0, 0, 0)","(0, 0, 0, 0, 0, 0, 0, 0, 0, 0, 0, 0)","(0, 0, 0, 0, 0, 0, 0, 0, 0, 0, 0, 0)","(204, 184, 190, 191, 248, 285, 353, 284, 244, 241, 99, 159, 2680)","(124, 178, 180, 169, 176, 291, 323, 253, 225, 199, 59, 76, 2254)","(174, 163, 167, 173, 227, 306, 378, 265, 232, 245, 111, 147, 2588)","(146, 159, 197, 183, 206, 290, 375, 329, 231, 214, 91, 128, 2550)","(0, 0, 0, 0, 0, 0, 0, 0, 0, 0, 0, 0)","(162.0, 171.0, 183.5, 179.0, 214.25, 293.0, 357.25, 282.75, 233.0, 224.75, 90.0, 127.5)"
"(0, 0, 0, 0, 0, 0, 0, 0, 0, 0, 0, 0)","(0, 0, 0, 0, 0, 0, 0, 0, 0, 0, 0, 0)","(0, 0, 0, 0, 0, 0, 0, 0, 0, 0, 0, 0)","(189, 186, 222, 230, 326, 260, 342, 316, 278, 193, 154, 136, 2833)","(173, 164, 202, 236, 312, 225, 304, 309, 259, 156, 103, 100, 2544)","(187, 204, 223, 233, 334, 295, 330, 288, 269, 177, 153, 151, 2844)","(180, 186, 235, 251, 373, 276, 365, 324, 282, 192, 119, 108, 2892)","(0, 0, 0, 0, 0, 0, 0, 0, 0, 0, 0, 0)","(182.25, 185.0, 220.5, 237.5, 336.25, 264.0, 335.25, 309.25, 272.0, 179.5, 132.25, 123.75)"
"(0, 0, 0, 0, 0, 0, 0, 0, 0, 0, 0, 0)","(0, 0, 0, 0, 0, 0, 0, 0, 0, 0, 0, 0)","(0, 0, 0, 0, 0, 0, 0, 0, 0, 0, 0, 0)","(139, 157, 209, 214, 262, 323, 279, 301, 221, 197, 176, 141, 2618)","(123, 132, 159, 218, 298, 311, 314, 275, 209, 160, 155, 103, 2456)","(123, 136, 215, 235, 320, 273, 331, 364, 185, 178, 158, 148, 2667)","(138, 128, 174, 228, 278, 282, 319, 336, 240, 170, 148, 128, 2569)","(0, 0, 0, 0, 0, 0, 0, 0, 0, 0, 0, 0)","(130.75, 138.25, 189.25, 223.75, 289.5, 297.25, 310.75, 319.0, 213.75, 176.25, 159.25, 130.0)"
"(0, 0, 0, 0, 0, 0, 0, 0, 0, 0, 0, 0)","(0, 0, 0, 0, 0, 0, 0, 0, 0, 0, 0, 0)","(0, 0, 0, 0, 0, 0, 0, 0, 0, 0, 0, 0)","(187, 181, 272, 256, 270, 319, 372, 275, 284, 198, 207, 137, 2959)","(148, 128, 216, 250, 280, 312, 374, 292, 278, 142, 168, 104, 2692)","(214, 190, 286, 225, 259, 347, 373, 245, 269, 226, 202, 132, 2969)","(173, 142, 261, 257, 278, 297, 354, 300, 304, 150, 183, 116, 2816)","(172, 179, 279, 276, 307, 325, 368, 281, 256, 218, 201, 150, 3011)","(178.8, 164.0, 262.8, 252.8, 278.8, 320.0, 368.2, 278.6, 278.2, 186.8, 192.2, 127.8)"
"(0, 0, 0, 0, 0, 0, 0, 0, 0, 0, 0, 0)","(0, 0, 0, 0, 0, 0, 0, 0, 0, 0, 0, 0)","(0, 0, 0, 0, 0, 0, 0, 0, 0, 0, 0, 0)","(207, 209, 190, 244, 296, 356, 352, 297, 225, 179, 108, 116, 2780)","(128, 145, 139, 262, 247, 322, 377, 266, 216, 151, 91, 89, 2433)","(200, 205, 180, 286, 313, 337, 374, 335, 260, 191, 123, 146, 2950)","(159, 180, 192, 286, 263, 331, 387, 292, 228, 173, 115, 104, 2709)","(206, 183, 200, 237, 284, 353, 379, 341, 282, 210, 132, 119, 2926)","(180.0, 184.4, 180.2, 263.0, 280.6, 339.8, 373.8, 306.2, 242.2, 180.8, 113.8, 114.8)"
"(0, 0, 0, 0, 0, 0, 0, 0, 0, 0, 0, 0)","(0, 0, 0, 0, 0, 0, 0, 0, 0, 0, 0, 0)","(0, 0, 0, 0, 0, 0, 0, 0, 0, 0, 0, 0)","(121, 184, 205, 228, 315, 296, 353, 261, 303, 169, 167, 166, 2768)","(70, 158, 188, 239, 297, 299, 374, 277, 301, 107, 135, 144, 2589)","(140, 206, 239, 247, 313, 332, 341, 308, 297, 184, 159, 160, 2926)","(109, 172, 182, 208, 286, 271, 368, 266, 311, 132, 136, 153, 2594)","(120, 188, 234, 262, 366, 349, 361, 295, 305, 202, 190, 159, 3031)","(112.0, 181.6, 209.6, 236.8, 315.4, 309.4, 359.4, 281.4, 303.4, 158.8, 157.4, 156.4)"
"(0, 0, 0, 0, 0, 0, 0, 0, 0, 0, 0, 0)","(0, 0, 0, 0, 0, 0, 0, 0, 0, 0, 0, 0)","(129, 197, 146, 204, 204, 385, 351, 274, 231, 195, 138, 72, 2525)","(173, 226, 201, 226, 228, 376, 343, 245, 256, 239, 174, 160, 2848)","(129, 190, 177, 219, 264, 384, 362, 348, 238, 200, 113, 60, 2684)","(171, 226, 225, 266, 281, 384, 378, 297, 264, 253, 156, 159, 3059)","(129, 185, 196, 231, 196, 357, 330, 297, 246, 208, 127, 93, 2593)","(175, 212, 207, 239, 262, 393, 391, 313, 276, 231, 198, 113, 3009)","(151.0, 206.0, 192.0, 230.83, 239.17, 379.83, 359.17, 295.67, 251.83, 221.0, 151.0, 109.5)"
"(0, 0, 0, 0, 0, 0, 0, 0, 0, 0, 0, 0)","(0, 0, 0, 0, 0, 0, 0, 0, 0, 0, 0, 0)","(125, 172, 216, 266, 375, 368, 320, 287, 190, 254, 150, 78, 2801)","(129, 220, 220, 300, 400, 362, 354, 267, 195, 261, 127, 74, 2909)","(124, 197, 195, 263, 389, 367, 321, 290, 173, 214, 134, 80, 2747)","(141, 204, 240, 312, 396, 360, 349, 314, 248, 259, 136, 87, 3046)","(101, 177, 208, 247, 365, 349, 302, 278, 185, 232, 111, 80, 2635)","(156, 217, 211, 260, 362, 342, 306, 264, 194, 259, 146, 83, 2800)","(129.33, 197.83, 215.0, 274.67, 381.17, 358.0, 325.33, 283.33, 197.5, 246.5, 134.0, 80.33)"
"(0, 0, 0, 0, 0, 0, 0, 0, 0, 0, 0, 0)","(0, 0, 0, 0, 0, 0, 0, 0, 0, 0, 0, 0)","(124, 95, 185, 194, 193, 240, 368, 324, 243, 188, 88, 87, 2329)","(138, 137, 212, 195, 182, 276, 384, 323, 257, 205, 93, 111, 2513)","(132, 103, 187, 225, 261, 274, 385, 353, 255, 199, 72, 70, 2516)","(152, 171, 251, 201, 149, 312, 406, 345, 278, 187, 118, 125, 2694)","(127, 117, 184, 183, 224, 247, 359, 313, 234, 186, 95, 74, 2343)","(122, 99, 173, 179, 153, 234, 370, 327, 267, 180, 101, 130, 2335)","(132.5, 120.33, 198.67, 196.17, 193.67, 263.83, 378.67, 330.83, 255.67, 190.83, 94.5, 99.5)"
"(0, 0, 0, 0, 0, 0, 0, 0, 0, 0, 0, 0)","(0, 0, 0, 0, 0, 0, 0, 0, 0, 0, 0, 0)","(131, 143, 216, 245, 322, 329, 397, 346, 213, 192, 165, 139, 2836)","(132, 161, 262, 287, 318, 360, 435, 319, 231, 212, 193, 135, 3045)","(122, 122, 196, 251, 333, 351, 418, 365, 243, 187, 158, 117, 2863)","(141, 185, 252, 283, 341, 364, 429, 336, 259, 221, 196, 107, 3114)","(146, 156, 178, 227, 290, 309, 394, 304, 240, 194, 171, 111, 2722)","(185, 229, 274, 273, 331, 352, 404, 320, 188, 175, 202, 168, 3101)","(142.83, 166.0, 229.67, 261.0, 322.5, 344.17, 412.83, 331.67, 229.0, 196.83, 180.83, 129.5)"
"(0, 0, 0, 0, 0, 0, 0, 0, 0, 0, 0, 0)","(0, 0, 0, 0, 0, 0, 0, 0, 0, 0, 0, 0)","(123, 163, 202, 161, 288, 324, 369, 299, 280, 138, 190, 94, 2631)","(177, 174, 195, 187, 293, 327, 350, 352, 314, 209, 179, 124, 2881)","(126, 151, 201, 152, 301, 321, 396, 338, 278, 155, 173, 72, 2664)","(160, 183, 209, 192, 308, 332, 384, 359, 306, 228, 186, 147, 2994)","(174, 178, 236, 159, 308, 297, 368, 329, 272, 179, 169, 98, 2767)","(123, 180, 219, 188, 312, 335, 369, 333, 312, 197, 185, 87, 2840)","(147.17, 171.5, 210.33, 173.17, 301.67, 322.67, 372.67, 335.0, 293.67, 184.33, 180.33, 103.67)"
"(0, 0, 0, 0, 0, 0, 0, 0, 0, 0, 0, 0)","(0, 0, 0, 0, 0, 0, 0, 0, 0, 0, 0, 0)","(118, 87, 220, 251, 247, 313, 330, 288, 212, 247, 176, 107, 2596)","(150, 115, 198, 226, 219, 335, 381, 334, 279, 265, 186, 174, 2862)","(106, 74, 212, 255, 248, 298, 334, 310, 204, 226, 177, 130, 2574)","(144, 138, 213, 237, 262, 338, 394, 354, 272, 274, 174, 179, 2979)","(142, 95, 174, 205, 220, 283, 334, 315, 228, 241, 167, 109, 2513)","(124, 100, 216, 264, 296, 343, 373, 338, 282, 277, 174, 135, 2922)","(130.67, 101.5, 205.5, 239.67, 248.67, 318.33, 357.67, 323.17, 246.17, 255.0, 175.67, 139.0)"
"(0, 0, 0, 0, 0, 0, 0, 0, 0, 0, 0, 0)","(0, 0, 0, 0, 0, 0, 0, 0, 0, 0, 0, 0)","(103, 149, 263, 217, 332, 304, 330, 267, 297, 209, 152, 134, 2757)","(149, 202, 261, 254, 343, 296, 396, 306, 333, 261, 194, 177, 3172)","(167, 216, 291, 222, 373, 293, 334, 267, 278, 202, 163, 123, 2929)","(171, 208, 278, 306, 378, 357, 395, 344, 319, 246, 218, 158, 3378)","(108, 178, 245, 233, 368, 312, 361, 284, 289, 220, 198, 154, 2950)","(138, 131, 235, 198, 323, 300, 318, 288, 303, 238, 149, 155, 2776)","(139.33, 180.67, 262.17, 238.33, 352.83, 310.33, 355.67, 292.67, 303.17, 229.33, 179.0, 150.17)"
"(0, 0, 0, 0, 0, 0, 0, 0, 0, 0, 0, 0)","(0, 0, 0, 0, 0, 0, 0, 0, 0, 0, 0, 0)","(141, 105, 147, 219, 239, 307, 365, 216, 286, 201, 142, 92, 2460)","(193, 126, 169, 208, 293, 318, 341, 214, 309, 258, 134, 110, 2673)","(164, 108, 171, 200, 232, 326, 373, 221, 267, 225, 140, 80, 2507)","(187, 115, 153, 215, 371, 373, 359, 284, 294, 255, 101, 120, 2827)","(177, 129, 183, 194, 284, 348, 336, 211, 306, 220, 120, 78, 2586)","(156, 98, 166, 220, 282, 327, 401, 258, 311, 272, 139, 103, 2733)","(169.67, 113.5, 164.83, 209.33, 283.5, 333.17, 362.5, 234.0, 295.5, 238.5, 129.33, 97.17)"
"(0, 0, 0, 0, 0, 0, 0, 0, 0, 0, 0, 0)","(0, 0, 0, 0, 0, 0, 0, 0, 0, 0, 0, 0)","(102, 166, 243, 230, 347, 268, 334, 261, 246, 154, 140, 73, 2564)","(134, 203, 252, 250, 356, 286, 382, 358, 218, 162, 137, 126, 2865)","(82, 162, 187, 228, 336, 270, 383, 330, 231, 152, 130, 73, 2563)","(158, 165, 218, 196, 309, 280, 336, 331, 224, 174, 139, 109, 2641)","(106, 177, 200, 209, 324, 251, 332, 324, 236, 166, 120, 118, 2563)","(94, 159, 223, 236, 368, 303, 364, 330, 269, 159, 147, 67, 2718)","(112.67, 172.0, 220.5, 224.83, 340.0, 276.33, 355.17, 322.33, 237.33, 161.17, 135.5, 94.33)"
"(0, 0, 0, 0, 0, 0, 0, 0, 0, 0, 0, 0)","(110, 113, 143, 264, 271, 294, 364, 338, 228, 238, 154, 142, 2659)","(156, 103, 127, 270, 235, 250, 327, 273, 189, 201, 111, 84, 2326)","(216, 111, 146, 300, 277, 270, 352, 345, 199, 237, 135, 114, 2702)","(159, 110, 135, 296, 205, 272, 354, 292, 186, 187, 103, 106, 2405)","(193, 118, 145, 272, 249, 261, 371, 335, 197, 246, 137, 99, 2623)","(189, 147, 160, 296, 241, 225, 302, 294, 188, 228, 127, 94, 2491)","(0, 0, 0, 0, 0, 0, 0, 0, 0, 0, 0, 0)","(170.5, 117.0, 142.67, 283.0, 246.33, 262.0, 345.0, 312.83, 197.83, 222.83, 127.83, 106.5)"
"(0, 0, 0, 0, 0, 0, 0, 0, 0, 0, 0, 0)","(153, 233, 257, 258, 204, 274, 343, 255, 213, 212, -99, -99, -99)","(0, 0, 0, 0, 0, 0, 0, 0, 0, 0, 0, 0)","(169, 247, 286, 250, 199, 290, 368, 247, 270, 264, 174, 208, 2972)","(148, 203, 191, 231, 176, 277, 375, 263, 246, 208, 154, 195, 2667)","(123, 209, 245, 279, 272, 288, 361, 286, 277, 252, 151, 212, 2955)","(134, 198, 230, 249, 203, 286, 329, 250, 224, 213, 136, 188, 2640)","(0, 0, 0, 0, 0, 0, 0, 0, 0, 0, 0, 0)","(145.4, 218.0, 241.8, 253.4, 210.8, 283.0, 355.2, 260.2, 246.0, 229.8, 153.75, 200.75)"
"(0, 0, 0, 0, 0, 0, 0, 0, 0, 0, 0, 0)","(167, 144, 129, 159, 216, 287, 347, 325, 258, 265, 61, 105, 2463)","(0, 0, 0, 0, 0, 0, 0, 0, 0, 0, 0, 0)","(213, 188, 164, 161, 282, 286, 351, 257, 250, 264, 97, 150, 2663)","(183, 157, 173, 190, 246, 289, 353, 303, 215, 224, 82, 108, 2523)","(184, 196, 190, 187, 310, 323, 376, 320, 268, 265, 62, 142, 2823)","(175, 179, 161, 193, 217, 305, 359, 309, 218, 235, 53, 123, 2527)","(0, 0, 0, 0, 0, 0, 0, 0, 0, 0, 0, 0)","(184.4, 172.8, 163.4, 178.0, 254.2, 298.0, 357.2, 302.8, 241.8, 250.6, 71.0, 125.6)"
"(0, 0, 0, 0, 0, 0, 0, 0, 0, 0, 0, 0)","(122, 97, 229, 214, 261, 260, 387, 336, 206, 231, 145, 105, 2593)","(0, 0, 0, 0, 0, 0, 0, 0, 0, 0, 0, 0)","(138, 157, 258, 245, 258, 251, 354, 308, 225, 236, 155, 123, 2708)","(132, 135, 231, 244, 244, 238, 349, 339, 254, 240, 119, 128, 2653)","(121, 132, 272, 238, 257, 248, 370, 313, 252, 257, 166, 115, 2741)","(123, 122, 228, 203, 225, 228, 313, 301, 203, 223, 91, 123, 2383)","(0, 0, 0, 0, 0, 0, 0, 0, 0, 0, 0, 0)","(127.2, 128.6, 243.6, 228.8, 249.0, 245.0, 354.6, 319.4, 228.0, 237.4, 135.2, 118.8)"
"(0, 0, 0, 0, 0, 0, 0, 0, 0, 0, 0, 0)","(154, 143, 193, 262, 240, 347, 368, 275, 305, 198, 142, 170, 2797)","(0, 0, 0, 0, 0, 0, 0, 0, 0, 0, 0, 0)","(181, 192, 199, 315, 273, 342, 334, 254, 258, 193, 152, 143, 2836)","(165, 174, 202, 331, 280, 309, 345, 336, 286, 216, 132, 131, 2907)","(179, 209, 231, 296, 267, 292, 305, 303, 238, 185, 173, 176, 2854)","(152, 149, 164, 270, 231, 272, 295, 278, 222, 180, 134, 144, 2491)","(0, 0, 0, 0, 0, 0, 0, 0, 0, 0, 0, 0)","(166.2, 173.4, 197.8, 294.8, 258.2, 312.4, 329.4, 289.2, 261.8, 194.4, 146.6, 152.8)"
"(0, 0, 0, 0, 0, 0, 0, 0, 0, 0, 0, 0)","(170, 156, 176, 190, 274, 265, 389, 356, 274, 208, 76, 102, 2636)","(0, 0, 0, 0, 0, 0, 0, 0, 0, 0, 0, 0)","(169, 114, 142, 173, 260, 237, 373, 348, 280, 194, 75, 92, 2457)","(173, 178, 214, 174, 264, 243, 376, 346, 268, 209, 83, 85, 2613)","(205, 198, 197, 192, 328, 253, 373, 359, 267, 242, 157, 193, 2964)","(165, 131, 171, 152, 247, 248, 382, 352, 252, 211, 107, 102, 2520)","(0, 0, 0, 0, 0, 0, 0, 0, 0, 0, 0, 0)","(176.4, 155.4, 180.0, 176.2, 274.6, 249.2, 378.6, 352.2, 268.2, 212.8, 99.6, 114.8)"
"(0, 0, 0, 0, 0, 0, 0, 0, 0, 0, 0, 0)","(140, 145, 221, 274, 305, 291, 332, 336, 277, 233, 110, 146, 2810)","(0, 0, 0, 0, 0, 0, 0, 0, 0, 0, 0, 0)","(160, 174, 285, 265, 276, 283, 327, 303, 305, 243, 109, 136, 2866)","(179, 159, 227, 284, 294, 314, 393, 336, 292, 242, 80, 173, 2973)","(178, 176, 258, 261, 278, 286, 354, 321, 274, 244, 141, 156, 2927)","(179, 172, 244, 253, 259, 242, 315, 280, 288, 264, 103, 150, 2749)","(0, 0, 0, 0, 0, 0, 0, 0, 0, 0, 0, 0)","(167.2, 165.2, 247.0, 267.4, 282.4, 283.2, 344.2, 315.2, 287.2, 245.2, 108.6, 152.2)"
"(0, 0, 0, 0, 0, 0, 0, 0, 0, 0, 0, 0)","(111, 157, 182, 272, 317, 340, 348, 344, 253, 228, 185, 152, 2889)","(0, 0, 0, 0, 0, 0, 0, 0, 0, 0, 0, 0)","(119, 158, 122, 261, 252, 270, 315, 324, 297, 234, 210, 164, 2726)","(129, 162, 171, 309, 298, 333, 334, 353, 247, 224, 146, 130, 2836)","(144, 177, 144, 303, 294, 304, 348, 319, 281, 232, 244, 163, 2953)","(127, 151, 146, 314, 247, 316, 334, 319, 247, 196, 138, 122, 2657)","(0, 0, 0, 0, 0, 0, 0, 0, 0, 0, 0, 0)","(126.0, 161.0, 153.0, 291.8, 281.6, 312.6, 335.8, 331.8, 265.0, 222.8, 184.6, 146.2)"
"(0, 0, 0, 0, 0, 0, 0, 0, 0, 0, 0, 0)","(139, 163, 158, 211, 258, 314, 300, 232, 209, 271, 131, 135, 2521)","(0, 0, 0, 0, 0, 0, 0, 0, 0, 0, 0, 0)","(165, 160, 157, 179, 219, 283, 276, 241, 236, 257, 152, 100, 2425)","(149, 161, 165, 205, 304, 305, 329, 268, 221, 232, 135, 121, 2595)","(186, 221, 241, 272, 306, 367, 313, 288, 305, 281, 183, 120, 3083)","(139, 181, 144, 197, 232, 318, 298, 277, 224, 236, 138, 118, 2502)","(0, 0, 0, 0, 0, 0, 0, 0, 0, 0, 0, 0)","(155.6, 177.2, 173.0, 212.8, 263.8, 317.4, 303.2, 261.2, 239.0, 255.4, 147.8, 118.8)"
"(0, 0, 0, 0, 0, 0, 0, 0, 0, 0, 0, 0)","(144, 131, 177, 179, 299, 178, 273, 272, 219, 186, 197, 148, 2403)","(0, 0, 0, 0, 0, 0, 0, 0, 0, 0, 0, 0)","(168, 118, 143, 155, 276, 194, 276, 299, 203, 166, 138, 86, 2222)","(0, 0, 0, 0, 0, 0, 0, 0, 0, 0, 0, 0)","(157, 129, 200, 187, 342, 279, 335, 247, 189, 197, 183, 131, 2576)","(147, -99, 162, 131, 238, 191, 270, 223, 210, 163, 133, 108, -99)","(0, 0, 0, 0, 0, 0, 0, 0, 0, 0, 0, 0)","(154.0, 126.0, 170.5, 163.0, 288.75, 210.5, 288.5, 260.25, 205.25, 178.0, 162.75, 118.25)"
"(0, 0, 0, 0, 0, 0, 0, 0, 0, 0, 0, 0)","(139, 166, 191, 284, 294, 378, 364, 324, 321, 293, 223, 115, 3092)","(0, 0, 0, 0, 0, 0, 0, 0, 0, 0, 0, 0)","(153, 134, 187, 247, 286, 333, 351, 284, 309, 284, 172, 109, 2849)","(0, 0, 0, 0, 0, 0, 0, 0, 0, 0, 0, 0)","(189, 161, 168, 261, 325, 387, 378, 284, 308, 290, 197, 152, 3100)","(127, 136, 185, 244, 217, 278, 316, 266, 258, 264, 172, 75, 2538)","(0, 0, 0, 0, 0, 0, 0, 0, 0, 0, 0, 0)","(152.0, 149.25, 182.75, 259.0, 280.5, 344.0, 352.25, 289.5, 299.0, 282.75, 191.0, 112.75)"
"(0, 0, 0, 0, 0, 0, 0, 0, 0, 0, 0, 0)","(108, 192, 203, 222, 304, 369, 397, 382, 340, 281, 213, 182, 3193)","(0, 0, 0, 0, 0, 0, 0, 0, 0, 0, 0, 0)","(106, 149, 183, 195, 249, 321, 357, 354, 327, 257, 181, 147, 2826)","(0, 0, 0, 0, 0, 0, 0, 0, 0, 0, 0, 0)","(159, 137, 203, 209, 308, 354, 362, 359, 335, 278, 163, 157, 3024)","(0, 0, 0, 0, 0, 0, 0, 0, 0, 0, 0, 0)","(0, 0, 0, 0, 0, 0, 0, 0, 0, 0, 0, 0)","(124.33, 159.33, 196.33, 208.67, 287.0, 348.0, 372.0, 365.0, 334.0, 272.0, 185.67, 162.0)"
"(0, 0, 0, 0, 0, 0, 0, 0, 0, 0, 0, 0)","(184, 202, 232, 273, 321, 372, 363, 309, 299, 222, 194, 140, 3111)","(0, 0, 0, 0, 0, 0, 0, 0, 0, 0, 0, 0)","(153, 182, 205, 250, 270, 316, 316, 250, 261, 170, 197, 118, 2688)","(0, 0, 0, 0, 0, 0, 0, 0, 0, 0, 0, 0)","(166, 180, 179, 269, 325, 295, 353, 259, 270, 123, 206, 151, 2776)","(0, 0, 0, 0, 0, 0, 0, 0, 0, 0, 0, 0)","(0, 0, 0, 0, 0, 0, 0, 0, 0, 0, 0, 0)","(167.67, 188.0, 205.33, 264.0, 305.33, 327.67, 344.0, 272.67, 276.67, 171.67, 199.0, 136.33)"
"(0, 0, 0, 0, 0, 0, 0, 0, 0, 0, 0, 0)","(170, 180, 251, 296, 333, 339, 416, 388, 303, 245, 211, 201, 3333)","(0, 0, 0, 0, 0, 0, 0, 0, 0, 0, 0, 0)","(116, 137, 243, 291, 320, 309, 404, 367, 296, 236, 171, 145, 3035)","(0, 0, 0, 0, 0, 0, 0, 0, 0, 0, 0, 0)","(155, 118, 249, 317, 335, 265, 401, 367, 270, 248, 141, 122, 2988)","(0, 0, 0, 0, 0, 0, 0, 0, 0, 0, 0, 0)","(0, 0, 0, 0, 0, 0, 0, 0, 0, 0, 0, 0)","(147.0, 145.0, 247.67, 301.33, 329.33, 304.33, 407.0, 374.0, 289.67, 243.0, 174.33, 156.0)"
"(0, 0, 0, 0, 0, 0, 0, 0, 0, 0, 0, 0)","(172, 194, 259, 259, 345, 388, 348, 349, 330, 320, 189, 135, 3288)","(0, 0, 0, 0, 0, 0, 0, 0, 0, 0, 0, 0)","(117, 199, 255, 276, 286, 369, 324, 303, 289, 262, 161, 133, 2974)","(0, 0, 0, 0, 0, 0, 0, 0, 0, 0, 0, 0)","(116, 192, 263, 283, 302, 374, 355, 351, 297, 254, 149, 143, 3079)","(0, 0, 0, 0, 0, 0, 0, 0, 0, 0, 0, 0)","(0, 0, 0, 0, 0, 0, 0, 0, 0, 0, 0, 0)","(135.0, 195.0, 259.0, 272.67, 311.0, 377.0, 342.33, 334.33, 305.33, 278.67, 166.33, 137.0)"
"(0, 0, 0, 0, 0, 0, 0, 0, 0, 0, 0, 0)","(154, 157, 227, 200, 258, 328, 364, 339, 284, 246, 142, 160, 2859)","(0, 0, 0, 0, 0, 0, 0, 0, 0, 0, 0, 0)","(151, 139, 208, 213, 235, 295, 323, 276, 242, 208, 142, 160, 2592)","(0, 0, 0, 0, 0, 0, 0, 0, 0, 0, 0, 0)","(209, 196, 239, 249, 230, 300, 342, 310, 252, 160, 94, 160, 2741)","(0, 0, 0, 0, 0, 0, 0, 0, 0, 0, 0, 0)","(0, 0, 0, 0, 0, 0, 0, 0, 0, 0, 0, 0)","(171.33, 164.0, 224.67, 220.67, 241.0, 307.67, 343.0, 308.33, 259.33, 204.67, 126.0, 160.0)"
"(0, 0, 0, 0, 0, 0, 0, 0, 0, 0, 0, 0)","(164, 235, 183, 259, 350, 313, 264, 334, 278, 285, 204, 192, 3061)","(0, 0, 0, 0, 0, 0, 0, 0, 0, 0, 0, 0)","(138, 206, 153, 238, 326, 290, 240, 302, 224, 253, 186, 164, 2720)","(0, 0, 0, 0, 0, 0, 0, 0, 0, 0, 0, 0)","(166, 204, 223, 268, 337, 303, 263, 382, 293, 284, 188, 183, 3094)","(0, 0, 0, 0, 0, 0, 0, 0, 0, 0, 0, 0)","(0, 0, 0, 0, 0, 0, 0, 0, 0, 0, 0, 0)","(156.0, 215.0, 186.33, 255.0, 337.67, 302.0, 255.67, 339.33, 265.0, 274.0, 192.67, 179.67)"
"(0, 0, 0, 0, 0, 0, 0, 0, 0, 0, 0, 0)","(169, 183, 242, 251, 289, 357, 356, 327, 251, 180, 180, 104, 2889)","(0, 0, 0, 0, 0, 0, 0, 0, 0, 0, 0, 0)","(164, 172, 199, 238, 228, 335, 335, 279, 220, 194, 179, 100, 2643)","(0, 0, 0, 0, 0, 0, 0, 0, 0, 0, 0, 0)","(166, 176, 209, 268, 238, 353, 378, 311, 216, 197, 166, 132, 2811)","(0, 0, 0, 0, 0, 0, 0, 0, 0, 0, 0, 0)","(0, 0, 0, 0, 0, 0, 0, 0, 0, 0, 0, 0)","(166.33, 177.0, 216.67, 252.33, 251.67, 348.33, 356.33, 305.67, 229.0, 190.33, 175.0, 112.0)"
"(0, 0, 0, 0, 0, 0, 0, 0, 0, 0, 0, 0)","(151, 148, 259, 259, 260, 297, 382, 384, 289, 272, 210, 198, 3109)","(0, 0, 0, 0, 0, 0, 0, 0, 0, 0, 0, 0)","(152, 175, 180, 236, 259, 232, 337, 339, 282, 228, 192, 201, 2813)","(0, 0, 0, 0, 0, 0, 0, 0, 0, 0, 0, 0)","(168, 178, 175, 267, 289, 284, 404, 314, 302, 250, 198, 187, 3016)","(0, 0, 0, 0, 0, 0, 0, 0, 0, 0, 0, 0)","(0, 0, 0, 0, 0, 0, 0, 0, 0, 0, 0, 0)","(157.0, 167.0, 204.67, 254.0, 269.33, 271.0, 374.33, 345.67, 291.0, 250.0, 200.0, 195.33)"
"(0, 0, 0, 0, 0, 0, 0, 0, 0, 0, 0, 0)","(222, 160, 158, 218, 323, 376, 345, 361, 238, 246, 155, 133, 2935)","(0, 0, 0, 0, 0, 0, 0, 0, 0, 0, 0, 0)","(223, 168, 148, 172, 311, 325, 319, 310, 195, 252, 136, 91, 2650)","(0, 0, 0, 0, 0, 0, 0, 0, 0, 0, 0, 0)","(231, 165, 205, 211, 252, 330, 317, 366, 196, 244, 140, 114, 2771)","(0, 0, 0, 0, 0, 0, 0, 0, 0, 0, 0, 0)","(0, 0, 0, 0, 0, 0, 0, 0, 0, 0, 0, 0)","(225.33, 164.33, 170.33, 200.33, 295.33, 343.67, 327.0, 345.67, 209.67, 247.33, 143.67, 112.67)"
"(0, 0, 0, 0, 0, 0, 0, 0, 0, 0, 0, 0)","(182, 124, 190, 279, 309, 361, 314, 338, 280, 221, 185, 184, 2967)","(0, 0, 0, 0, 0, 0, 0, 0, 0, 0, 0, 0)","(143, 88, 196, 224, 296, 319, 292, 292, 250, 196, 124, 117, 2537)","(0, 0, 0, 0, 0, 0, 0, 0, 0, 0, 0, 0)","(184, 127, 178, 268, 237, 279, 306, 299, 236, 198, 159, 154, 2625)","(0, 0, 0, 0, 0, 0, 0, 0, 0, 0, 0, 0)","(0, 0, 0, 0, 0, 0, 0, 0, 0, 0, 0, 0)","(169.67, 113.0, 188.0, 257.0, 280.67, 319.67, 304.0, 309.67, 255.33, 205.0, 156.0, 151.67)"
"(0, 0, 0, 0, 0, 0, 0, 0, 0, 0, 0, 0)","(141, 175, 198, 263, 305, 389, 364, 287, 256, 279, 163, 184, 3004)","(0, 0, 0, 0, 0, 0, 0, 0, 0, 0, 0, 0)","(119, 149, 203, 208, 202, 313, 333, 234, 205, 250, 146, 156, 2518)","(0, 0, 0, 0, 0, 0, 0, 0, 0, 0, 0, 0)","(148, 166, 236, 188, 239, 310, 333, 216, 214, 217, 218, 167, 2652)","(0, 0, 0, 0, 0, 0, 0, 0, 0, 0, 0, 0)","(0, 0, 0, 0, 0, 0, 0, 0, 0, 0, 0, 0)","(136.0, 163.33, 212.33, 219.67, 248.67, 337.33, 343.33, 245.67, 225.0, 248.67, 175.67, 169.0)"
"(0, 0, 0, 0, 0, 0, 0, 0, 0, 0, 0, 0)","(200, 191, 205, 181, 292, 298, 355, 325, 276, 288, 195, 118, 2925)","(0, 0, 0, 0, 0, 0, 0, 0, 0, 0, 0, 0)","(182, 198, 234, 168, 275, 265, 329, 290, 217, 235, 132, 129, 2653)","(0, 0, 0, 0, 0, 0, 0, 0, 0, 0, 0, 0)","(225, 202, 250, 179, 296, 280, 378, 258, 231, 283, 188, 139, 2909)","(0, 0, 0, 0, 0, 0, 0, 0, 0, 0, 0, 0)","(0, 0, 0, 0, 0, 0, 0, 0, 0, 0, 0, 0)","(202.33, 197.0, 229.67, 176.0, 287.67, 281.0, 354.0, 291.0, 241.33, 268.67, 171.67, 128.67)"
"(0, 0, 0, 0, 0, 0, 0, 0, 0, 0, 0, 0)","(0, 0, 0, 0, 0, 0, 0, 0, 0, 0, 0, 0)","(0, 0, 0, 0, 0, 0, 0, 0, 0, 0, 0, 0)","(151, 186, 206, 183, 276, 280, 317, 269, 140, 234, 138, 144, 2524)","(0, 0, 0, 0, 0, 0, 0, 0, 0, 0, 0, 0)","(184, 217, 205, 194, 287, 227, 287, 280, 130, 279, 184, 133, 2605)","(0, 0, 0, 0, 0, 0, 0, 0, 0, 0, 0, 0)","(0, 0, 0, 0, 0, 0, 0, 0, 0, 0, 0, 0)","(167.5, 201.5, 205.5, 188.5, 281.5, 253.5, 302.0, 274.5, 135.0, 256.5, 161.0, 138.5)"
"(0, 0, 0, 0, 0, 0, 0, 0, 0, 0, 0, 0)","(0, 0, 0, 0, 0, 0, 0, 0, 0, 0, 0, 0)","(0, 0, 0, 0, 0, 0, 0, 0, 0, 0, 0, 0)","(187, 206, 231, 187, 299, 304, 362, 354, 259, 246, 136, 141, 2912)","(0, 0, 0, 0, 0, 0, 0, 0, 0, 0, 0, 0)","(195, 212, 288, 195, 344, 347, 362, 315, 244, 247, 168, 148, 3063)","(0, 0, 0, 0, 0, 0, 0, 0, 0, 0, 0, 0)","(0, 0, 0, 0, 0, 0, 0, 0, 0, 0, 0, 0)","(191.0, 209.0, 259.5, 191.0, 321.5, 325.5, 362.0, 334.5, 251.5, 246.5, 152.0, 144.5)"
"(0, 0, 0, 0, 0, 0, 0, 0, 0, 0, 0, 0)","(0, 0, 0, 0, 0, 0, 0, 0, 0, 0, 0, 0)","(0, 0, 0, 0, 0, 0, 0, 0, 0, 0, 0, 0)","(170, 186, 210, 171, 233, 254, 383, 346, 267, 201, 163, 102, 2685)","(0, 0, 0, 0, 0, 0, 0, 0, 0, 0, 0, 0)","(147, 192, 258, 244, 241, 321, 405, 387, 292, 220, 180, 134, 3020)","(0, 0, 0, 0, 0, 0, 0, 0, 0, 0, 0, 0)","(0, 0, 0, 0, 0, 0, 0, 0, 0, 0, 0, 0)","(158.5, 189.0, 234.0, 207.5, 237.0, 287.5, 394.0, 366.5, 279.5, 210.5, 171.5, 118.0)"
"(0, 0, 0, 0, 0, 0, 0, 0, 0, 0, 0, 0)","(0, 0, 0, 0, 0, 0, 0, 0, 0, 0, 0, 0)","(0, 0, 0, 0, 0, 0, 0, 0, 0, 0, 0, 0)","(150, 197, 261, 210, 233, 315, 346, 286, 243, 194, 81, 139, 2654)","(0, 0, 0, 0, 0, 0, 0, 0, 0, 0, 0, 0)","(188, 172, 293, 245, 276, 317, 346, 319, 270, 205, 132, 117, 2882)","(0, 0, 0, 0, 0, 0, 0, 0, 0, 0, 0, 0)","(0, 0, 0, 0, 0, 0, 0, 0, 0, 0, 0, 0)","(169.0, 184.5, 277.0, 227.5, 254.5, 316.0, 346.0, 302.5, 256.5, 199.5, 106.5, 128.0)"
"(0, 0, 0, 0, 0, 0, 0, 0, 0, 0, 0, 0)","(0, 0, 0, 0, 0, 0, 0, 0, 0, 0, 0, 0)","(0, 0, 0, 0, 0, 0, 0, 0, 0, 0, 0, 0)","(103, 108, 237, 246, 227, 254, 262, 324, 243, 152, 162, 102, 2419)","(0, 0, 0, 0, 0, 0, 0, 0, 0, 0, 0, 0)","(91, 134, 248, 260, 232, 266, 315, 313, 264, 142, 175, 107, 2547)","(0, 0, 0, 0, 0, 0, 0, 0, 0, 0, 0, 0)","(0, 0, 0, 0, 0, 0, 0, 0, 0, 0, 0, 0)","(97.0, 121.0, 242.5, 253.0, 229.5, 260.0, 288.5, 318.5, 253.5, 147.0, 168.5, 104.5)"
"(0, 0, 0, 0, 0, 0, 0, 0, 0, 0, 0, 0)","(0, 0, 0, 0, 0, 0, 0, 0, 0, 0, 0, 0)","(0, 0, 0, 0, 0, 0, 0, 0, 0, 0, 0, 0)","(154, 210, 220, 263, 314, 381, 388, 299, 205, 182, 108, 161, 2883)","(0, 0, 0, 0, 0, 0, 0, 0, 0, 0, 0, 0)","(156, 211, 199, 235, 277, 362, 346, 260, 218, 173, 130, 162, 2728)","(0, 0, 0, 0, 0, 0, 0, 0, 0, 0, 0, 0)","(0, 0, 0, 0, 0, 0, 0, 0, 0, 0, 0, 0)","(155.0, 210.5, 209.5, 249.0, 295.5, 371.5, 367.0, 279.5, 211.5, 177.5, 119.0, 161.5)"
"(0, 0, 0, 0, 0, 0, 0, 0, 0, 0, 0, 0)","(0, 0, 0, 0, 0, 0, 0, 0, 0, 0, 0, 0)","(0, 0, 0, 0, 0, 0, 0, 0, 0, 0, 0, 0)","(176, 139, 222, 317, 307, 374, 296, 274, 254, 186, 145, 66, 2755)","(0, 0, 0, 0, 0, 0, 0, 0, 0, 0, 0, 0)","(181, 176, 246, 300, 291, 335, 353, 345, 243, 189, 147, 114, 2920)","(0, 0, 0, 0, 0, 0, 0, 0, 0, 0, 0, 0)","(0, 0, 0, 0, 0, 0, 0, 0, 0, 0, 0, 0)","(178.5, 157.5, 234.0, 308.5, 299.0, 354.5, 324.5, 309.5, 248.5, 187.5, 146.0, 90.0)"
"(0, 0, 0, 0, 0, 0, 0, 0, 0, 0, 0, 0)","(0, 0, 0, 0, 0, 0, 0, 0, 0, 0, 0, 0)","(0, 0, 0, 0, 0, 0, 0, 0, 0, 0, 0, 0)","(158, 175, 171, 163, 286, 324, 255, 262, 198, 174, 84, 122, 2370)","(0, 0, 0, 0, 0, 0, 0, 0, 0, 0, 0, 0)","(190, 200, 236, 192, 242, 305, 301, 287, 212, 183, 75, 126, 2549)","(0, 0, 0, 0, 0, 0, 0, 0, 0, 0, 0, 0)","(0, 0, 0, 0, 0, 0, 0, 0, 0, 0, 0, 0)","(174.0, 187.5, 203.5, 177.5, 264.0, 314.5, 278.0, 274.5, 205.0, 178.5, 79.5, 124.0)"
"(0, 0, 0, 0, 0, 0, 0, 0, 0, 0, 0, 0)","(0, 0, 0, 0, 0, 0, 0, 0, 0, 0, 0, 0)","(0, 0, 0, 0, 0, 0, 0, 0, 0, 0, 0, 0)","(161, 140, 103, 218, 250, 296, 283, 319, 169, 224, 128, 120, 2410)","(0, 0, 0, 0, 0, 0, 0, 0, 0, 0, 0, 0)","(187, 134, 120, 253, 305, 382, 315, 324, 153, 208, 101, 112, 2594)","(0, 0, 0, 0, 0, 0, 0, 0, 0, 0, 0, 0)","(0, 0, 0, 0, 0, 0, 0, 0, 0, 0, 0, 0)","(174.0, 137.0, 111.5, 235.5, 277.5, 339.0, 299.0, 321.5, 161.0, 216.0, 114.5, 116.0)"
"(0, 0, 0, 0, 0, 0, 0, 0, 0, 0, 0, 0)","(0, 0, 0, 0, 0, 0, 0, 0, 0, 0, 0, 0)","(0, 0, 0, 0, 0, 0, 0, 0, 0, 0, 0, 0)","(158, 165, 187, 225, 222, 334, 379, 266, 259, 205, 147, 132, 2678)","(0, 0, 0, 0, 0, 0, 0, 0, 0, 0, 0, 0)","(191, 157, 207, 268, 302, 382, 385, 306, 281, 201, 147, 161, 2988)","(0, 0, 0, 0, 0, 0, 0, 0, 0, 0, 0, 0)","(0, 0, 0, 0, 0, 0, 0, 0, 0, 0, 0, 0)","(174.5, 161.0, 197.0, 246.5, 262.0, 358.0, 382.0, 286.0, 270.0, 203.0, 147.0, 146.5)"
"(0, 0, 0, 0, 0, 0, 0, 0, 0, 0, 0, 0)","(0, 0, 0, 0, 0, 0, 0, 0, 0, 0, 0, 0)","(0, 0, 0, 0, 0, 0, 0, 0, 0, 0, 0, 0)","(114, 99, 201, 202, 269, 238, 400, 290, 224, 294, 109, 116, 2555)","(0, 0, 0, 0, 0, 0, 0, 0, 0, 0, 0, 0)","(129, 140, 199, 158, 311, 304, 396, 302, 250, 290, 146, 114, 2738)","(0, 0, 0, 0, 0, 0, 0, 0, 0, 0, 0, 0)","(0, 0, 0, 0, 0, 0, 0, 0, 0, 0, 0, 0)","(121.5, 119.5, 200.0, 180.0, 290.0, 271.0, 398.0, 296.0, 237.0, 292.0, 127.5, 115.0)"
"(0, 0, 0, 0, 0, 0, 0, 0, 0, 0, 0, 0)","(0, 0, 0, 0, 0, 0, 0, 0, 0, 0, 0, 0)","(0, 0, 0, 0, 0, 0, 0, 0, 0, 0, 0, 0)","(184, 197, 216, 255, 294, 353, 346, 308, 264, 203, 209, 179, 3007)","(0, 0, 0, 0, 0, 0, 0, 0, 0, 0, 0, 0)","(191, 223, 222, 269, 339, 387, 356, 326, 262, 238, 204, 202, 3218)","(0, 0, 0, 0, 0, 0, 0, 0, 0, 0, 0, 0)","(0, 0, 0, 0, 0, 0, 0, 0, 0, 0, 0, 0)","(187.5, 210.0, 219.0, 262.0, 316.5, 370.0, 351.0, 317.0, 263.0, 220.5, 206.5, 190.5)"
"(0, 0, 0, 0, 0, 0, 0, 0, 0, 0, 0, 0)","(0, 0, 0, 0, 0, 0, 0, 0, 0, 0, 0, 0)","(0, 0, 0, 0, 0, 0, 0, 0, 0, 0, 0, 0)","(142, 195, 209, 243, 300, 332, 368, 240, 219, 186, 121, 112, 2666)","(0, 0, 0, 0, 0, 0, 0, 0, 0, 0, 0, 0)","(180, 194, 208, 280, 294, 333, 357, 256, 230, 184, 151, 152, 2817)","(0, 0, 0, 0, 0, 0, 0, 0, 0, 0, 0, 0)","(0, 0, 0, 0, 0, 0, 0, 0, 0, 0, 0, 0)","(161.0, 194.5, 208.5, 261.5, 297.0, 332.5, 362.5, 248.0, 224.5, 185.0, 136.0, 132.0)"
"(0, 0, 0, 0, 0, 0, 0, 0, 0, 0, 0, 0)","(0, 0, 0, 0, 0, 0, 0, 0, 0, 0, 0, 0)","(0, 0, 0, 0, 0, 0, 0, 0, 0, 0, 0, 0)","(157, 111, 251, 181, 238, 329, 317, 337, 289, 224, 123, 99, 2657)","(0, 0, 0, 0, 0, 0, 0, 0, 0, 0, 0, 0)","(170, 147, 256, 151, 265, 338, 333, 334, 286, 227, 128, 155, 2789)","(0, 0, 0, 0, 0, 0, 0, 0, 0, 0, 0, 0)","(0, 0, 0, 0, 0, 0, 0, 0, 0, 0, 0, 0)","(163.5, 129.0, 253.5, 166.0, 251.5, 333.5, 325.0, 335.5, 287.5, 225.5, 125.5, 127.0)"
"(0, 0, 0, 0, 0, 0, 0, 0, 0, 0, 0, 0)","(0, 0, 0, 0, 0, 0, 0, 0, 0, 0, 0, 0)","(0, 0, 0, 0, 0, 0, 0, 0, 0, 0, 0, 0)","(122, 156, 127, 199, 311, 322, 314, 296, 337, 225, 163, 150, 2722)","(0, 0, 0, 0, 0, 0, 0, 0, 0, 0, 0, 0)","(182, 175, 161, 224, 278, 305, 263, 266, 317, 187, 128, 163, 2649)","(0, 0, 0, 0, 0, 0, 0, 0, 0, 0, 0, 0)","(0, 0, 0, 0, 0, 0, 0, 0, 0, 0, 0, 0)","(152.0, 165.5, 144.0, 211.5, 294.5, 313.5, 288.5, 281.0, 327.0, 206.0, 145.5, 156.5)"
"(0, 0, 0, 0, 0, 0, 0, 0, 0, 0, 0, 0)","(0, 0, 0, 0, 0, 0, 0, 0, 0, 0, 0, 0)","(0, 0, 0, 0, 0, 0, 0, 0, 0, 0, 0, 0)","(99, 124, 169, 259, 283, 335, 326, 288, 261, 229, 184, 119, 2675)","(0, 0, 0, 0, 0, 0, 0, 0, 0, 0, 0, 0)","(146, 117, 223, 308, 282, 323, 356, 289, 272, 219, 190, 141, 2866)","(0, 0, 0, 0, 0, 0, 0, 0, 0, 0, 0, 0)","(0, 0, 0, 0, 0, 0, 0, 0, 0, 0, 0, 0)","(122.5, 120.5, 196.0, 283.5, 282.5, 329.0, 341.0, 288.5, 266.5, 224.0, 187.0, 130.0)"
"(0, 0, 0, 0, 0, 0, 0, 0, 0, 0, 0, 0)","(0, 0, 0, 0, 0, 0, 0, 0, 0, 0, 0, 0)","(0, 0, 0, 0, 0, 0, 0, 0, 0, 0, 0, 0)","(215, 200, 292, 250, 257, 297, 314, 313, 294, 181, 125, 127, 2868)","(0, 0, 0, 0, 0, 0, 0, 0, 0, 0, 0, 0)","(199, 188, 263, 245, 291, 310, 255, 277, 274, 185, 132, 119, 2737)","(0, 0, 0, 0, 0, 0, 0, 0, 0, 0, 0, 0)","(0, 0, 0, 0, 0, 0, 0, 0, 0, 0, 0, 0)","(207.0, 194.0, 277.5, 247.5, 274.0, 303.5, 284.5, 295.0, 284.0, 183.0, 128.5, 123.0)"
"(0, 0, 0, 0, 0, 0, 0, 0, 0, 0, 0, 0)","(0, 0, 0, 0, 0, 0, 0, 0, 0, 0, 0, 0)","(0, 0, 0, 0, 0, 0, 0, 0, 0, 0, 0, 0)","(140, 165, 187, 221, 248, 325, 369, 247, 220, 201, 107, 111, 2542)","(0, 0, 0, 0, 0, 0, 0, 0, 0, 0, 0, 0)","(151, 179, 183, 253, 146, 270, 306, 218, 196, 159, 118, 138, 2318)","(0, 0, 0, 0, 0, 0, 0, 0, 0, 0, 0, 0)","(0, 0, 0, 0, 0, 0, 0, 0, 0, 0, 0, 0)","(145.5, 172.0, 185.0, 237.0, 197.0, 297.5, 337.5, 232.5, 208.0, 180.0, 112.5, 124.5)"
"(0, 0, 0, 0, 0, 0, 0, 0, 0, 0, 0, 0)","(0, 0, 0, 0, 0, 0, 0, 0, 0, 0, 0, 0)","(0, 0, 0, 0, 0, 0, 0, 0, 0, 0, 0, 0)","(122, 117, 153, 182, 282, 302, 399, 370, 280, 174, 120, 156, 2658)","(0, 0, 0, 0, 0, 0, 0, 0, 0, 0, 0, 0)","(134, 78, 149, 197, 293, 231, 351, 312, 234, 156, 57, 119, 2313)","(0, 0, 0, 0, 0, 0, 0, 0, 0, 0, 0, 0)","(0, 0, 0, 0, 0, 0, 0, 0, 0, 0, 0, 0)","(128.0, 97.5, 151.0, 189.5, 287.5, 266.5, 375.0, 341.0, 257.0, 165.0, 88.5, 137.5)"
"(0, 0, 0, 0, 0, 0, 0, 0, 0, 0, 0, 0)","(0, 0, 0, 0, 0, 0, 0, 0, 0, 0, 0, 0)","(0, 0, 0, 0, 0, 0, 0, 0, 0, 0, 0, 0)","(205, 177, 175, 175, 288, 304, 358, 343, 219, 132, 176, 125, 2676)","(0, 0, 0, 0, 0, 0, 0, 0, 0, 0, 0, 0)","(193, 140, 123, 186, 276, 317, 330, 314, 245, 151, 154, 153, 2583)","(0, 0, 0, 0, 0, 0, 0, 0, 0, 0, 0, 0)","(0, 0, 0, 0, 0, 0, 0, 0, 0, 0, 0, 0)","(199.0, 158.5, 149.0, 180.5, 282.0, 310.5, 344.0, 328.5, 232.0, 141.5, 165.0, 139.0)"
"(0, 0, 0, 0, 0, 0, 0, 0, 0, 0, 0, 0)","(0, 0, 0, 0, 0, 0, 0, 0, 0, 0, 0, 0)","(0, 0, 0, 0, 0, 0, 0, 0, 0, 0, 0, 0)","(177, 163, 214, 268, 333, 335, 358, 291, 209, 168, 97, 165, 2778)","(0, 0, 0, 0, 0, 0, 0, 0, 0, 0, 0, 0)","(152, 165, 236, 256, 312, 292, 296, 227, 138, 147, 99, 133, 2453)","(0, 0, 0, 0, 0, 0, 0, 0, 0, 0, 0, 0)","(0, 0, 0, 0, 0, 0, 0, 0, 0, 0, 0, 0)","(164.5, 164.0, 225.0, 262.0, 322.5, 313.5, 327.0, 259.0, 173.5, 157.5, 98.0, 149.0)"
"(0, 0, 0, 0, 0, 0, 0, 0, 0, 0, 0, 0)","(0, 0, 0, 0, 0, 0, 0, 0, 0, 0, 0, 0)","(0, 0, 0, 0, 0, 0, 0, 0, 0, 0, 0, 0)","(183, 160, 284, 228, 279, 331, 377, 312, 201, 182, 156, 125, 2818)","(0, 0, 0, 0, 0, 0, 0, 0, 0, 0, 0, 0)","(170, 100, 199, 204, 253, 260, 324, 258, 153, 192, 188, 130, 2431)","(0, 0, 0, 0, 0, 0, 0, 0, 0, 0, 0, 0)","(0, 0, 0, 0, 0, 0, 0, 0, 0, 0, 0, 0)","(176.5, 130.0, 241.5, 216.0, 266.0, 295.5, 350.5, 285.0, 177.0, 187.0, 172.0, 127.5)"
"(0, 0, 0, 0, 0, 0, 0, 0, 0, 0, 0, 0)","(0, 0, 0, 0, 0, 0, 0, 0, 0, 0, 0, 0)","(0, 0, 0, 0, 0, 0, 0, 0, 0, 0, 0, 0)","(142, 148, 196, 296, 333, 363, 372, 273, 276, 227, 133, 108, 2867)","(0, 0, 0, 0, 0, 0, 0, 0, 0, 0, 0, 0)","(138, 139, 166, 268, 235, 292, 305, 210, 240, 202, 126, 104, 2425)","(0, 0, 0, 0, 0, 0, 0, 0, 0, 0, 0, 0)","(0, 0, 0, 0, 0, 0, 0, 0, 0, 0, 0, 0)","(140.0, 143.5, 181.0, 282.0, 284.0, 327.5, 338.5, 241.5, 258.0, 214.5, 129.5, 106.0)"
