DULUTH,PEORIA,CHICAGO UNIVE,MOLINE,CAIRO,SPRINGFIELD,CHICAGO,mean_col
"(0, 0, 0, 0, 0, 0, 0, 0, 0, 0, 0, 0)","(0, 0, 0, 0, 0, 0, 0, 0, 0, 0, 0, 0)","(0, 0, 0, 0, 0, 0, 0, 0, 0, 0, 0, 0)","(0, 0, 0, 0, 0, 0, 0, 0, 0, 0, 0, 0)","(0, 0, 0, 0, 0, 0, 0, 0, 0, 0, 0, 0)","(0, 0, 0, 0, 0, 0, 0, 0, 0, 0, 0, 0)","(111, 141, 153, 243, 254, 288, 276, 257, 215, 226, 118, 107, 2388)","(111.0, 141.0, 153.0, 243.0, 254.0, 288.0, 276.0, 257.0, 215.0, 226.0, 118.0, 107.0)"
"(0, 0, 0, 0, 0, 0, 0, 0, 0, 0, 0, 0)","(0, 0, 0, 0, 0, 0, 0, 0, 0, 0, 0, 0)","(0, 0, 0, 0, 0, 0, 0, 0, 0, 0, 0, 0)","(0, 0, 0, 0, 0, 0, 0, 0, 0, 0, 0, 0)","(0, 0, 0, 0, 0, 0, 0, 0, 0, 0, 0, 0)","(0, 0, 0, 0, 0, 0, 0, 0, 0, 0, 0, 0)","(117, 199, 134, 269, 226, 313, 358, 243, 249, 236, 154, 114, 2610)","(117.0, 199.0, 134.0, 269.0, 226.0, 313.0, 358.0, 243.0, 249.0, 236.0, 154.0, 114.0)"
"(0, 0, 0, 0, 0, 0, 0, 0, 0, 0, 0, 0)","(0, 0, 0, 0, 0, 0, 0, 0, 0, 0, 0, 0)","(0, 0, 0, 0, 0, 0, 0, 0, 0, 0, 0, 0)","(0, 0, 0, 0, 0, 0, 0, 0, 0, 0, 0, 0)","(0, 0, 0, 0, 0, 0, 0, 0, 0, 0, 0, 0)","(179, 160, 174, 250, 278, 259, 348, 262, 199, 227, 126, 102, 2564)","(179, 173, 207, 268, 296, 265, 273, 289, 180, 230, 121, 94, 2574)","(179.0, 166.5, 190.5, 259.0, 287.0, 262.0, 310.5, 275.5, 189.5, 228.5, 123.5, 98.0)"
"(0, 0, 0, 0, 0, 0, 0, 0, 0, 0, 0, 0)","(0, 0, 0, 0, 0, 0, 0, 0, 0, 0, 0, 0)","(0, 0, 0, 0, 0, 0, 0, 0, 0, 0, 0, 0)","(0, 0, 0, 0, 0, 0, 0, 0, 0, 0, 0, 0)","(0, 0, 0, 0, 0, 0, 0, 0, 0, 0, 0, 0)","(128, 130, 193, 232, 270, 306, 301, 269, 234, 217, 141, 125, 2545)","(132, 164, 192, 239, 306, 342, 363, 292, 253, 241, 166, 134, 2824)","(130.0, 147.0, 192.5, 235.5, 288.0, 324.0, 332.0, 280.5, 243.5, 229.0, 153.5, 129.5)"
"(0, 0, 0, 0, 0, 0, 0, 0, 0, 0, 0, 0)","(0, 0, 0, 0, 0, 0, 0, 0, 0, 0, 0, 0)","(0, 0, 0, 0, 0, 0, 0, 0, 0, 0, 0, 0)","(0, 0, 0, 0, 0, 0, 0, 0, 0, 0, 0, 0)","(0, 0, 0, 0, 0, 0, 0, 0, 0, 0, 0, 0)","(154, 110, 105, 235, 242, 275, 329, 300, 226, 230, 180, 127, 2514)","(127, 143, 163, 243, 293, 332, 319, 319, 211, 203, 182, 94, 2629)","(140.5, 126.5, 134.0, 239.0, 267.5, 303.5, 324.0, 309.5, 218.5, 216.5, 181.0, 110.5)"
"(0, 0, 0, 0, 0, 0, 0, 0, 0, 0, 0, 0)","(0, 0, 0, 0, 0, 0, 0, 0, 0, 0, 0, 0)","(0, 0, 0, 0, 0, 0, 0, 0, 0, 0, 0, 0)","(0, 0, 0, 0, 0, 0, 0, 0, 0, 0, 0, 0)","(0, 0, 0, 0, 0, 0, 0, 0, 0, 0, 0, 0)","(138, 162, 159, 225, 262, 314, 255, 267, 191, 200, 191, 187, 2552)","(111, 158, 215, 265, 301, 346, 318, 285, 235, 211, 167, 151, 2763)","(124.5, 160.0, 187.0, 245.0, 281.5, 330.0, 286.5, 276.0, 213.0, 205.5, 179.0, 169.0)"
"(0, 0, 0, 0, 0, 0, 0, 0, 0, 0, 0, 0)","(143, 201, 196, 296, 349, 350, 374, 326, 262, 173, 136, 81, 2887)","(0, 0, 0, 0, 0, 0, 0, 0, 0, 0, 0, 0)","(0, 0, 0, 0, 0, 0, 0, 0, 0, 0, 0, 0)","(0, 0, 0, 0, 0, 0, 0, 0, 0, 0, 0, 0)","(127, 179, 132, 276, 322, 312, 363, 303, 256, 170, 145, 75, 2660)","(104, 171, 152, 279, 334, 326, 344, 278, 253, 153, 115, 85, 2595)","(124.67, 183.67, 160.0, 283.67, 335.0, 329.33, 360.33, 302.33, 257.0, 165.33, 132.0, 80.33)"
"(0, 0, 0, 0, 0, 0, 0, 0, 0, 0, 0, 0)","(79, 168, 185, 185, 226, 267, 321, 292, 244, 240, 193, 121, 2521)","(0, 0, 0, 0, 0, 0, 0, 0, 0, 0, 0, 0)","(0, 0, 0, 0, 0, 0, 0, 0, 0, 0, 0, 0)","(0, 0, 0, 0, 0, 0, 0, 0, 0, 0, 0, 0)","(94, 169, 209, 193, 260, 271, 305, 294, 268, 245, 218, 110, 2635)","(94, 171, 195, 172, 248, 278, 286, 289, 197, 202, 179, 83, 2394)","(89.0, 169.33, 196.33, 183.33, 244.67, 272.0, 304.0, 291.67, 236.33, 229.0, 196.67, 104.67)"
"(0, 0, 0, 0, 0, 0, 0, 0, 0, 0, 0, 0)","(166, 168, 202, 257, 292, 362, 353, 352, 319, 253, 186, 150, 3059)","(0, 0, 0, 0, 0, 0, 0, 0, 0, 0, 0, 0)","(0, 0, 0, 0, 0, 0, 0, 0, 0, 0, 0, 0)","(0, 0, 0, 0, 0, 0, 0, 0, 0, 0, 0, 0)","(188, 168, 215, 217, 265, 325, 340, 360, 315, 276, 188, 171, 3027)","(167, 112, 178, 144, 227, 361, 357, 352, 317, 239, 175, 123, 2752)","(173.67, 149.33, 198.33, 206.0, 261.33, 349.33, 350.0, 354.67, 317.0, 256.0, 183.0, 148.0)"
"(0, 0, 0, 0, 0, 0, 0, 0, 0, 0, 0, 0)","(100, 156, 232, 244, 320, 307, 308, 353, 246, 205, 149, 104, 2725)","(0, 0, 0, 0, 0, 0, 0, 0, 0, 0, 0, 0)","(0, 0, 0, 0, 0, 0, 0, 0, 0, 0, 0, 0)","(0, 0, 0, 0, 0, 0, 0, 0, 0, 0, 0, 0)","(88, 155, 203, 235, 307, 296, 314, 382, 262, 231, 173, 136, 2782)","(99, 90, 147, 183, 306, 248, 312, 309, 256, 206, 137, 130, 2423)","(95.67, 133.67, 194.0, 220.67, 311.0, 283.67, 311.33, 348.0, 254.67, 214.0, 153.0, 123.33)"
"(0, 0, 0, 0, 0, 0, 0, 0, 0, 0, 0, 0)","(136, 166, 323, 220, 264, 319, 279, 250, 200, 256, 170, 160, 2742)","(0, 0, 0, 0, 0, 0, 0, 0, 0, 0, 0, 0)","(0, 0, 0, 0, 0, 0, 0, 0, 0, 0, 0, 0)","(0, 0, 0, 0, 0, 0, 0, 0, 0, 0, 0, 0)","(174, 187, 313, 226, 282, 338, 312, 318, 238, 276, 182, 175, 3021)","(101, 155, 311, 224, 250, 365, 360, 291, 223, 245, 132, 120, 2778)","(137.0, 169.33, 315.67, 223.33, 265.33, 340.67, 317.0, 286.33, 220.33, 259.0, 161.33, 151.67)"
"(0, 0, 0, 0, 0, 0, 0, 0, 0, 0, 0, 0)","(97, 142, 241, 198, 357, 363, 395, 326, 221, 166, 154, 154, 2816)","(0, 0, 0, 0, 0, 0, 0, 0, 0, 0, 0, 0)","(0, 0, 0, 0, 0, 0, 0, 0, 0, 0, 0, 0)","(0, 0, 0, 0, 0, 0, 0, 0, 0, 0, 0, 0)","(100, 142, 232, 196, 362, 334, 357, 306, 190, 176, 170, 144, 2708)","(82, 129, 234, 224, 357, 361, 346, 324, 214, 160, 122, 120, 2673)","(93.0, 137.67, 235.67, 206.0, 358.67, 352.67, 366.0, 318.67, 208.33, 167.33, 148.67, 139.33)"
"(0, 0, 0, 0, 0, 0, 0, 0, 0, 0, 0, 0)","(188, 180, 209, 271, 296, 333, 326, 261, 227, 246, 207, 172, 2916)","(0, 0, 0, 0, 0, 0, 0, 0, 0, 0, 0, 0)","(0, 0, 0, 0, 0, 0, 0, 0, 0, 0, 0, 0)","(0, 0, 0, 0, 0, 0, 0, 0, 0, 0, 0, 0)","(175, 163, 194, 258, 326, 319, 328, 302, 278, 262, 221, 198, 3023)","(124, 140, 205, 262, 310, 362, 301, 244, 252, 245, 187, 144, 2775)","(162.33, 161.0, 202.67, 263.67, 310.67, 338.0, 318.33, 269.0, 252.33, 251.0, 205.0, 171.33)"
"(0, 0, 0, 0, 0, 0, 0, 0, 0, 0, 0, 0)","(109, 154, 170, 226, 245, 323, 338, 266, 194, 132, 152, 108, 2419)","(0, 0, 0, 0, 0, 0, 0, 0, 0, 0, 0, 0)","(0, 0, 0, 0, 0, 0, 0, 0, 0, 0, 0, 0)","(0, 0, 0, 0, 0, 0, 0, 0, 0, 0, 0, 0)","(134, 173, 213, 254, 272, 349, 362, 332, 251, 185, 134, 101, 2760)","(123, 195, 221, 275, 290, 372, 347, 286, 243, 185, 126, 116, 2779)","(122.0, 174.0, 201.33, 251.67, 269.0, 348.0, 349.0, 294.67, 229.33, 167.33, 137.33, 108.33)"
"(0, 0, 0, 0, 0, 0, 0, 0, 0, 0, 0, 0)","(85, 169, 192, 244, 359, 315, 341, 271, 239, 200, 186, 80, 2681)","(0, 0, 0, 0, 0, 0, 0, 0, 0, 0, 0, 0)","(0, 0, 0, 0, 0, 0, 0, 0, 0, 0, 0, 0)","(0, 0, 0, 0, 0, 0, 0, 0, 0, 0, 0, 0)","(102, 184, 191, 203, 344, 317, 352, 302, 242, 220, 221, 101, 2780)","(74, 174, 205, 220, 336, 348, 371, 315, 290, 205, 197, 120, 2856)","(87.0, 175.67, 196.0, 222.33, 346.33, 326.67, 354.67, 296.0, 257.0, 208.33, 201.33, 100.33)"
"(0, 0, 0, 0, 0, 0, 0, 0, 0, 0, 0, 0)","(137, 106, 200, 297, 254, 287, 267, 239, 231, 238, 151, 141, 2548)","(0, 0, 0, 0, 0, 0, 0, 0, 0, 0, 0, 0)","(0, 0, 0, 0, 0, 0, 0, 0, 0, 0, 0, 0)","(0, 0, 0, 0, 0, 0, 0, 0, 0, 0, 0, 0)","(127, 117, 189, 324, 270, 319, 305, 252, 250, 285, 185, 153, 2776)","(119, 120, 209, 295, 205, 278, 232, 220, 204, 224, 155, 96, 2358)","(127.67, 114.33, 199.33, 305.33, 243.0, 294.67, 268.0, 237.0, 228.33, 249.0, 163.67, 130.0)"
"(0, 0, 0, 0, 0, 0, 0, 0, 0, 0, 0, 0)","(118, 177, 207, 247, 306, 334, 427, 347, 294, 232, 205, 191, 3087)","(0, 0, 0, 0, 0, 0, 0, 0, 0, 0, 0, 0)","(0, 0, 0, 0, 0, 0, 0, 0, 0, 0, 0, 0)","(0, 0, 0, 0, 0, 0, 0, 0, 0, 0, 0, 0)","(114, 158, 215, 204, 264, 313, 388, 320, 272, 216, 203, 158, 2825)","(122, 160, 182, 202, 263, 305, 437, 367, 248, 226, 155, 157, 2824)","(118.0, 165.0, 201.33, 217.67, 277.67, 317.33, 417.33, 344.67, 271.33, 224.67, 187.67, 168.67)"
"(0, 0, 0, 0, 0, 0, 0, 0, 0, 0, 0, 0)","(200, 200, 246, 217, 275, 336, 386, 332, 277, 159, 171, 154, 2954)","(0, 0, 0, 0, 0, 0, 0, 0, 0, 0, 0, 0)","(0, 0, 0, 0, 0, 0, 0, 0, 0, 0, 0, 0)","(0, 0, 0, 0, 0, 0, 0, 0, 0, 0, 0, 0)","(211, 175, 247, 227, 272, 343, 383, 289, 275, 170, 158, 138, 2890)","(190, 173, 202, 212, 269, 275, 327, 312, 248, 112, 144, 124, 2589)","(200.33, 182.67, 231.67, 218.67, 272.0, 318.0, 365.33, 311.0, 266.67, 147.0, 157.67, 138.67)"
"(0, 0, 0, 0, 0, 0, 0, 0, 0, 0, 0, 0)","(162, 188, 289, 234, 325, 336, 345, 282, 229, 180, 143, 143, 2857)","(0, 0, 0, 0, 0, 0, 0, 0, 0, 0, 0, 0)","(0, 0, 0, 0, 0, 0, 0, 0, 0, 0, 0, 0)","(0, 0, 0, 0, 0, 0, 0, 0, 0, 0, 0, 0)","(158, 180, 263, 170, 316, 333, 361, 284, 240, 178, 149, 134, 2765)","(172, 179, 285, 213, 307, 330, 340, 277, 207, 173, 152, 84, 2719)","(164.0, 182.33, 279.0, 205.67, 316.0, 333.0, 348.67, 281.0, 225.33, 177.0, 148.0, 120.33)"
"(0, 0, 0, 0, 0, 0, 0, 0, 0, 0, 0, 0)","(215, 159, 238, 209, 252, 328, 412, 359, 292, 200, 160, 107, 2931)","(186, 140, 208, 189, 292, 336, 402, 343, 272, 190, 154, 101, 2813)","(0, 0, 0, 0, 0, 0, 0, 0, 0, 0, 0, 0)","(0, 0, 0, 0, 0, 0, 0, 0, 0, 0, 0, 0)","(218, 158, 221, 224, 242, 349, 403, 341, 290, 174, 172, 130, 2922)","(178, 140, 223, 191, 298, 325, 399, 349, 249, 175, 146, 103, 2776)","(199.25, 149.25, 222.5, 203.25, 271.0, 334.5, 404.0, 348.0, 275.75, 184.75, 158.0, 110.25)"
"(0, 0, 0, 0, 0, 0, 0, 0, 0, 0, 0, 0)","(154, 158, 229, 167, 269, 330, 353, 276, 248, 210, 112, 115, 2622)","(150, 142, 228, 211, 329, 355, 368, 328, 296, 246, 128, 111, 2890)","(0, 0, 0, 0, 0, 0, 0, 0, 0, 0, 0, 0)","(0, 0, 0, 0, 0, 0, 0, 0, 0, 0, 0, 0)","(182, 179, 243, 198, 288, 355, 367, 282, 285, 232, 148, 137, 2895)","(140, 134, 233, 201, 337, 342, 360, 310, 268, 238, 134, 125, 2822)","(156.5, 153.25, 233.25, 194.25, 305.75, 345.5, 362.0, 299.0, 274.25, 231.5, 130.5, 122.0)"
"(0, 0, 0, 0, 0, 0, 0, 0, 0, 0, 0, 0)","(147, 130, 201, 240, 314, 308, 383, 284, 234, 229, 86, 95, 2650)","(177, 114, 198, 246, 327, 332, 414, 297, 255, 218, 96, 88, 2761)","(0, 0, 0, 0, 0, 0, 0, 0, 0, 0, 0, 0)","(0, 0, 0, 0, 0, 0, 0, 0, 0, 0, 0, 0)","(139, 127, 207, 237, 329, 315, 371, 277, 222, 250, 119, 126, 2718)","(170, 112, 182, 247, 316, 315, 405, 307, 260, 232, 103, 92, 2742)","(158.25, 120.75, 197.0, 242.5, 321.5, 317.5, 393.25, 291.25, 242.75, 232.25, 101.0, 100.25)"
"(0, 0, 0, 0, 0, 0, 0, 0, 0, 0, 0, 0)","(172, 190, 151, 230, 281, 377, 360, 336, 296, 240, 119, 138, 2888)","(210, 160, 174, 227, 302, 376, 341, 337, 279, 251, 100, 126, 2883)","(0, 0, 0, 0, 0, 0, 0, 0, 0, 0, 0, 0)","(0, 0, 0, 0, 0, 0, 0, 0, 0, 0, 0, 0)","(228, 212, 170, 236, 300, 381, 337, 314, 288, 228, 155, 138, 2986)","(216, 165, 183, 237, 293, 372, 345, 324, 262, 244, 87, 126, 2854)","(206.5, 181.75, 169.5, 232.5, 294.0, 376.5, 345.75, 327.75, 281.25, 240.75, 115.25, 132.0)"
"(0, 0, 0, 0, 0, 0, 0, 0, 0, 0, 0, 0)","(130, 149, 211, 209, 263, 308, 368, 286, 167, 224, 139, 142, 2598)","(121, 149, 219, 264, 314, 354, 351, 279, 228, 218, 134, 120, 2749)","(0, 0, 0, 0, 0, 0, 0, 0, 0, 0, 0, 0)","(0, 0, 0, 0, 0, 0, 0, 0, 0, 0, 0, 0)","(130, 167, 234, 246, 296, 322, 367, 311, 183, 240, 166, 109, 2770)","(129, 140, 204, 244, 310, 333, 346, 274, 224, 211, 142, 135, 2692)","(127.5, 151.25, 217.0, 240.75, 295.75, 329.25, 358.0, 287.5, 200.5, 223.25, 145.25, 126.5)"
"(0, 0, 0, 0, 0, 0, 0, 0, 0, 0, 0, 0)","(169, 155, 105, 244, 230, 265, 338, 303, 228, 288, 165, 145, 2634)","(170, 126, 125, 225, 263, 278, 348, 289, 223, 285, 170, 142, 2645)","(0, 0, 0, 0, 0, 0, 0, 0, 0, 0, 0, 0)","(0, 0, 0, 0, 0, 0, 0, 0, 0, 0, 0, 0)","(173, 168, 113, 259, 218, 274, 318, 317, 247, 296, 158, 164, 2704)","(174, 125, 116, 227, 282, 309, 350, 268, 235, 287, 172, 140, 2685)","(171.5, 143.5, 114.75, 238.75, 248.25, 281.5, 338.5, 294.25, 233.25, 289.0, 166.25, 147.75)"
"(0, 0, 0, 0, 0, 0, 0, 0, 0, 0, 0, 0)","(190, 172, 286, 280, 354, 334, 353, 337, 222, 131, 181, 115, 2955)","(162, 152, 271, 276, 336, 342, 333, 322, 214, 126, 156, 130, 2820)","(0, 0, 0, 0, 0, 0, 0, 0, 0, 0, 0, 0)","(0, 0, 0, 0, 0, 0, 0, 0, 0, 0, 0, 0)","(196, 166, 274, 264, 329, 320, 331, 312, 230, 128, 180, 138, 2869)","(143, 150, 264, 257, 315, 330, 316, 321, 210, 107, 160, 125, 2697)","(172.75, 160.0, 273.75, 269.25, 333.5, 331.5, 333.25, 323.0, 219.0, 123.0, 169.25, 127.0)"
"(0, 0, 0, 0, 0, 0, 0, 0, 0, 0, 0, 0)","(145, 118, 171, 244, 333, 342, 357, 282, 170, 158, 100, 86, 2506)","(141, 99, 167, 238, 326, 341, 324, 256, 139, 144, 86, 96, 2355)","(0, 0, 0, 0, 0, 0, 0, 0, 0, 0, 0, 0)","(0, 0, 0, 0, 0, 0, 0, 0, 0, 0, 0, 0)","(144, 137, 179, 243, 301, 316, 356, 278, 180, 159, 113, 104, 2510)","(0, 0, 0, 0, 0, 0, 0, 0, 0, 0, 0, 0)","(143.33, 118.0, 172.33, 241.67, 320.0, 333.0, 345.67, 272.0, 163.0, 153.67, 99.67, 95.33)"
"(0, 0, 0, 0, 0, 0, 0, 0, 0, 0, 0, 0)","(144, 166, 188, 189, 232, 346, 354, 322, 245, 242, 91, 163, 2681)","(103, 159, 171, 212, 203, 318, 330, 285, 225, 212, 82, 130, 2431)","(0, 0, 0, 0, 0, 0, 0, 0, 0, 0, 0, 0)","(0, 0, 0, 0, 0, 0, 0, 0, 0, 0, 0, 0)","(144, 166, 173, 193, 227, 302, 357, 288, 240, 237, 97, 164, 2589)","(0, 0, 0, 0, 0, 0, 0, 0, 0, 0, 0, 0)","(130.33, 163.67, 177.33, 198.0, 220.67, 322.0, 347.0, 298.33, 236.67, 230.33, 90.0, 152.33)"
"(0, 0, 0, 0, 0, 0, 0, 0, 0, 0, 0, 0)","(181, 170, 267, 285, 363, 280, 371, 341, 286, 195, 114, 127, 2980)","(145, 147, 215, 229, 325, 223, 307, 295, 274, 175, 100, 110, 2544)","(0, 0, 0, 0, 0, 0, 0, 0, 0, 0, 0, 0)","(0, 0, 0, 0, 0, 0, 0, 0, 0, 0, 0, 0)","(175, 146, 226, 236, 344, 269, 369, 340, 285, 212, 123, 155, 2881)","(0, 0, 0, 0, 0, 0, 0, 0, 0, 0, 0, 0)","(167.0, 154.33, 236.0, 250.0, 344.0, 257.33, 349.0, 325.33, 281.67, 194.0, 112.33, 130.67)"
"(0, 0, 0, 0, 0, 0, 0, 0, 0, 0, 0, 0)","(145, 164, 239, 215, 260, 325, 333, 279, 232, 194, 161, 119, 2665)","(137, 153, 189, 205, 252, 304, 315, 283, 236, 179, 149, 71, 2475)","(0, 0, 0, 0, 0, 0, 0, 0, 0, 0, 0, 0)","(0, 0, 0, 0, 0, 0, 0, 0, 0, 0, 0, 0)","(142, 134, 221, 238, 272, 316, 342, 315, 236, 192, 124, 127, 2658)","(0, 0, 0, 0, 0, 0, 0, 0, 0, 0, 0, 0)","(141.33, 150.33, 216.33, 219.33, 261.33, 315.0, 330.0, 292.33, 234.67, 188.33, 144.67, 105.67)"
"(0, 0, 0, 0, 0, 0, 0, 0, 0, 0, 0, 0)","(161, 174, 254, 285, 305, 348, 398, 306, 288, 218, 164, 126, 3027)","(132, 143, 217, 245, 299, 323, 363, 292, 275, 198, 158, 101, 2746)","(0, 0, 0, 0, 0, 0, 0, 0, 0, 0, 0, 0)","(0, 0, 0, 0, 0, 0, 0, 0, 0, 0, 0, 0)","(148, 172, 258, 288, 321, 324, 388, 276, 250, 229, 196, 140, 2990)","(0, 0, 0, 0, 0, 0, 0, 0, 0, 0, 0, 0)","(147.0, 163.0, 243.0, 272.67, 308.33, 331.67, 383.0, 291.33, 271.0, 215.0, 172.67, 122.33)"
"(0, 0, 0, 0, 0, 0, 0, 0, 0, 0, 0, 0)","(165, 158, 158, 270, 273, 343, 372, 328, 281, 194, 141, 127, 2810)","(137, 160, 135, 259, 271, 315, 359, 327, 249, 204, 136, 113, 2666)","(0, 0, 0, 0, 0, 0, 0, 0, 0, 0, 0, 0)","(0, 0, 0, 0, 0, 0, 0, 0, 0, 0, 0, 0)","(177, 153, 151, 256, 251, 315, 344, 280, 240, 164, 127, 110, 2566)","(0, 0, 0, 0, 0, 0, 0, 0, 0, 0, 0, 0)","(159.67, 157.0, 148.0, 261.67, 265.0, 324.33, 358.33, 311.67, 256.67, 187.33, 134.67, 116.67)"
"(0, 0, 0, 0, 0, 0, 0, 0, 0, 0, 0, 0)","(106, 172, 210, 248, 334, 332, 356, 302, 286, 198, 174, 159, 2877)","(93, 159, 184, 262, 279, 300, 343, 292, 265, 140, 124, 140, 2581)","(0, 0, 0, 0, 0, 0, 0, 0, 0, 0, 0, 0)","(0, 0, 0, 0, 0, 0, 0, 0, 0, 0, 0, 0)","(93, 156, 185, 232, 336, 339, 377, 330, 283, 198, 171, 148, 2848)","(0, 0, 0, 0, 0, 0, 0, 0, 0, 0, 0, 0)","(97.33, 162.33, 193.0, 247.33, 316.33, 323.67, 358.67, 308.0, 278.0, 178.67, 156.33, 149.0)"
"(0, 0, 0, 0, 0, 0, 0, 0, 0, 0, 0, 0)","(174, 214, 175, 227, 212, 397, 381, 300, 249, 222, 172, 92, 2815)","(119, 199, 158, 183, 199, 353, 368, 334, 217, 221, 124, 99, 2575)","(0, 0, 0, 0, 0, 0, 0, 0, 0, 0, 0, 0)","(0, 0, 0, 0, 0, 0, 0, 0, 0, 0, 0, 0)","(154, 205, 179, 235, 238, 406, 382, 304, 256, 220, 165, 102, 2844)","(0, 0, 0, 0, 0, 0, 0, 0, 0, 0, 0, 0)","(149.0, 206.0, 170.67, 215.0, 216.33, 385.33, 377.0, 312.67, 240.67, 221.0, 153.67, 97.67)"
"(0, 0, 0, 0, 0, 0, 0, 0, 0, 0, 0, 0)","(141, 207, 225, 281, 386, 360, 343, 295, 207, 277, 159, 96, 2977)","(138, 164, 200, 233, 388, 336, 346, 320, 191, 254, 137, 100, 2807)","(0, 0, 0, 0, 0, 0, 0, 0, 0, 0, 0, 0)","(0, 0, 0, 0, 0, 0, 0, 0, 0, 0, 0, 0)","(124, 186, 213, 285, 374, 366, 360, 258, 176, 273, 168, 92, 2875)","(0, 0, 0, 0, 0, 0, 0, 0, 0, 0, 0, 0)","(134.33, 185.67, 212.67, 266.33, 382.67, 354.0, 349.67, 291.0, 191.33, 268.0, 154.67, 96.0)"
"(0, 0, 0, 0, 0, 0, 0, 0, 0, 0, 0, 0)","(151, 112, 160, 190, 180, 258, 373, 316, 272, 201, 93, 120, 2426)","(148, 78, 208, 217, 232, 258, 339, 298, 271, 217, 75, 105, 2446)","(0, 0, 0, 0, 0, 0, 0, 0, 0, 0, 0, 0)","(0, 0, 0, 0, 0, 0, 0, 0, 0, 0, 0, 0)","(133, 101, 160, 193, 193, 284, 372, 333, 272, 207, 94, 97, 2439)","(0, 0, 0, 0, 0, 0, 0, 0, 0, 0, 0, 0)","(144.0, 97.0, 176.0, 200.0, 201.67, 266.67, 361.33, 315.67, 271.67, 208.33, 87.33, 107.33)"
"(0, 0, 0, 0, 0, 0, 0, 0, 0, 0, 0, 0)","(148, 181, 242, 262, 339, 356, 404, 352, 223, 201, 207, 158, 3072)","(144, 168, 232, 223, 334, 333, 396, 315, 236, 199, 178, 153, 2913)","(0, 0, 0, 0, 0, 0, 0, 0, 0, 0, 0, 0)","(0, 0, 0, 0, 0, 0, 0, 0, 0, 0, 0, 0)","(121, 147, 209, 219, 339, 345, 386, 346, 212, 184, 216, 147, 2872)","(0, 0, 0, 0, 0, 0, 0, 0, 0, 0, 0, 0)","(137.67, 165.33, 227.67, 234.67, 337.33, 344.67, 395.33, 337.67, 223.67, 194.67, 200.33, 152.67)"
"(0, 0, 0, 0, 0, 0, 0, 0, 0, 0, 0, 0)","(133, 170, 212, 187, 324, 326, 398, 350, 312, 185, 190, 86, 2873)","(126, 165, 208, 192, 315, 306, 379, 340, 266, 175, 194, 103, 2769)","(0, 0, 0, 0, 0, 0, 0, 0, 0, 0, 0, 0)","(0, 0, 0, 0, 0, 0, 0, 0, 0, 0, 0, 0)","(128, 161, 207, 184, 301, 307, 361, 317, 290, 191, 181, 85, 2713)","(0, 0, 0, 0, 0, 0, 0, 0, 0, 0, 0, 0)","(129.0, 165.33, 209.0, 187.67, 313.33, 313.0, 379.33, 335.67, 289.33, 183.67, 188.33, 91.33)"
"(0, 0, 0, 0, 0, 0, 0, 0, 0, 0, 0, 0)","(118, 90, 222, 277, 231, 302, 340, 318, 259, 287, 194, 127, 2763)","(106, 74, 225, 252, 268, 305, 318, 341, 221, 273, 197, 114, 2694)","(0, 0, 0, 0, 0, 0, 0, 0, 0, 0, 0, 0)","(0, 0, 0, 0, 0, 0, 0, 0, 0, 0, 0, 0)","(116, 76, 199, 254, 258, 310, 354, 320, 264, 299, 204, 135, 2789)","(0, 0, 0, 0, 0, 0, 0, 0, 0, 0, 0, 0)","(113.33, 80.0, 215.33, 261.0, 252.33, 305.67, 337.33, 326.33, 248.0, 286.33, 198.33, 125.33)"
"(0, 0, 0, 0, 0, 0, 0, 0, 0, 0, 0, 0)","(140, 142, 256, 210, 362, 322, 326, 306, 315, 249, 162, 169, 2959)","(86, 160, 241, 211, 348, 313, 358, 338, 302, 233, 159, 130, 2879)","(0, 0, 0, 0, 0, 0, 0, 0, 0, 0, 0, 0)","(0, 0, 0, 0, 0, 0, 0, 0, 0, 0, 0, 0)","(110, 127, 256, 196, 328, 262, 291, 293, 331, 255, 140, 164, 2753)","(0, 0, 0, 0, 0, 0, 0, 0, 0, 0, 0, 0)","(112.0, 143.0, 251.0, 205.67, 346.0, 299.0, 325.0, 312.33, 316.0, 245.67, 153.67, 154.33)"
"(0, 0, 0, 0, 0, 0, 0, 0, 0, 0, 0, 0)","(181, 121, 208, 233, 240, 328, 364, 226, 303, 276, 153, 96, 2729)","(0, 0, 0, 0, 0, 0, 0, 0, 0, 0, 0, 0)","(0, 0, 0, 0, 0, 0, 0, 0, 0, 0, 0, 0)","(0, 0, 0, 0, 0, 0, 0, 0, 0, 0, 0, 0)","(138, 87, 139, 184, 224, 285, 371, 254, 318, 268, 137, 109, 2514)","(156, 96, 160, 229, 217, 297, 362, 218, 282, 235, 132, 76, 2460)","(158.33, 101.33, 169.0, 215.33, 227.0, 303.33, 365.67, 232.67, 301.0, 259.67, 140.67, 93.67)"
"(0, 0, 0, 0, 0, 0, 0, 0, 0, 0, 0, 0)","(120, 191, 228, 234, 350, 304, 360, 320, 236, 148, 168, 114, 2773)","(0, 0, 0, 0, 0, 0, 0, 0, 0, 0, 0, 0)","(0, 0, 0, 0, 0, 0, 0, 0, 0, 0, 0, 0)","(0, 0, 0, 0, 0, 0, 0, 0, 0, 0, 0, 0)","(85, 156, 210, 212, 331, 287, 365, 289, 228, 127, 167, 106, 2562)","(92, 138, 193, 231, 327, 277, 357, 319, 269, 182, 161, 85, 2632)","(99.0, 161.67, 210.33, 225.67, 336.0, 289.33, 360.67, 309.33, 244.33, 152.33, 165.33, 101.67)"
"(0, 0, 0, 0, 0, 0, 0, 0, 0, 0, 0, 0)","(173, 105, 161, 290, 289, 266, 337, 325, 234, 209, 134, 90, 2613)","(0, 0, 0, 0, 0, 0, 0, 0, 0, 0, 0, 0)","(0, 0, 0, 0, 0, 0, 0, 0, 0, 0, 0, 0)","(0, 0, 0, 0, 0, 0, 0, 0, 0, 0, 0, 0)","(190, 116, 186, 271, 235, 232, 318, 310, 209, 204, 127, 104, 2502)","(150, 96, 153, 305, 243, 220, 311, 261, 214, 210, 133, 100, 2396)","(171.0, 105.67, 166.67, 288.67, 255.67, 239.33, 322.0, 298.67, 219.0, 207.67, 131.33, 98.0)"
"(0, 0, 0, 0, 0, 0, 0, 0, 0, 0, 0, 0)","(115, 206, 193, 221, 193, 266, 319, 228, 226, 229, 144, 157, 2497)","(0, 0, 0, 0, 0, 0, 0, 0, 0, 0, 0, 0)","(131, 204, 221, 248, 214, 237, 350, 238, 186, 197, 121, 162, 2509)","(151, 213, 223, 269, 255, 343, 380, 340, 235, 247, 205, 132, 2993)","(129, 228, 221, 219, 184, 257, 314, 309, 261, 232, 186, 170, 2710)","(129, 215, 242, 267, 230, 345, 331, 288, 233, 230, 133, 168, 2811)","(131.0, 213.2, 220.0, 244.8, 215.2, 289.6, 338.8, 280.6, 228.2, 227.0, 157.8, 157.8)"
"(0, 0, 0, 0, 0, 0, 0, 0, 0, 0, 0, 0)","(164, 134, 146, 170, 261, 338, 326, 236, 265, 248, 46, 117, 2451)","(0, 0, 0, 0, 0, 0, 0, 0, 0, 0, 0, 0)","(160, 136, 137, 174, 232, 273, 336, 272, 172, 242, 55, 97, 2286)","(177, 164, 226, 245, 329, 387, 367, 322, 265, 289, 138, 117, 3026)","(188, 193, 161, 170, 250, 309, 367, 295, 247, 255, 59, 110, 2604)","(147, 150, 153, 196, 253, 318, 373, 301, 239, 243, 86, 116, 2575)","(167.2, 155.4, 164.6, 191.0, 265.0, 325.0, 353.8, 285.2, 237.6, 255.4, 76.8, 111.4)"
"(0, 0, 0, 0, 0, 0, 0, 0, 0, 0, 0, 0)","(107, 79, 205, 203, 201, 186, 289, 289, 188, 236, 133, 123, 2239)","(0, 0, 0, 0, 0, 0, 0, 0, 0, 0, 0, 0)","(124, 127, 249, 226, 227, 245, 360, 298, 196, 205, 119, 128, 2504)","(139, 97, 204, 243, 241, 299, 375, 357, 269, 258, 171, 129, 2782)","(125, 103, 222, 208, 218, 199, 340, 337, 188, 236, 126, 109, 2411)","(100, 128, 252, 227, 232, 261, 323, 311, 200, 229, 121, 121, 2505)","(119.0, 106.8, 226.4, 221.4, 223.8, 238.0, 337.4, 318.4, 208.2, 232.8, 134.0, 122.0)"
"(0, 0, 0, 0, 0, 0, 0, 0, 0, 0, 0, 0)","(144, 146, 203, 230, 200, 268, 325, 215, 298, 205, 122, 126, 2482)","(0, 0, 0, 0, 0, 0, 0, 0, 0, 0, 0, 0)","(152, 158, 201, 279, 253, 315, 372, 296, 301, 197, 120, 130, 2774)","(127, 174, 218, 261, 203, 348, 358, 283, 256, 265, 161, 139, 2793)","(161, 184, 246, 281, 226, 334, 357, 249, 322, 237, 156, 129, 2882)","(132, 141, 201, 283, 243, 279, 358, 319, 296, 214, 141, 148, 2755)","(143.2, 160.6, 213.8, 266.8, 225.0, 308.8, 354.0, 272.4, 294.6, 223.6, 140.0, 134.4)"
"(0, 0, 0, 0, 0, 0, 0, 0, 0, 0, 0, 0)","(160, 169, 221, 197, 255, 235, 362, 333, 278, 221, 95, 114, 2640)","(0, 0, 0, 0, 0, 0, 0, 0, 0, 0, 0, 0)","(150, 117, 171, 162, 251, 241, 374, 359, 276, 206, 81, 106, 2494)","(105, 193, 217, 213, 317, 267, 387, 386, 324, 280, 132, 187, 3008)","(130, 162, 212, 185, 313, 278, 392, 368, 302, 233, 79, 97, 2751)","(134, 149, 193, 155, 228, 278, 358, 339, 255, 236, 122, 113, 2560)","(135.8, 158.0, 202.8, 182.4, 272.8, 259.8, 374.6, 357.0, 287.0, 235.2, 101.8, 123.4)"
"(0, 0, 0, 0, 0, 0, 0, 0, 0, 0, 0, 0)","(158, 178, 203, 269, 296, 275, 296, 330, 264, 223, 133, 151, 2776)","(0, 0, 0, 0, 0, 0, 0, 0, 0, 0, 0, 0)","(165, 139, 224, 256, 282, 260, 327, 333, 272, 219, 92, 148, 2717)","(156, 150, 206, 313, 349, 342, 358, 346, 268, 283, 173, 153, 3097)","(156, 170, 186, 290, 321, 298, 316, 343, 237, 220, 95, 181, 2813)","(171, 170, 171, 220, 282, 261, 321, 334, 276, 224, 113, 162, 2705)","(161.2, 161.4, 198.0, 269.6, 306.0, 287.2, 323.6, 337.2, 263.4, 233.8, 121.2, 159.0)"
"(0, 0, 0, 0, 0, 0, 0, 0, 0, 0, 0, 0)","(103, 143, 228, 264, 302, 287, 302, 334, 251, 204, 161, 129, 2708)","(0, 0, 0, 0, 0, 0, 0, 0, 0, 0, 0, 0)","(108, 143, 178, 280, 288, 319, 355, 328, 240, 210, 139, 132, 2720)","(85, 181, 230, 236, 341, 303, 370, 349, 290, 221, 227, 150, 2983)","(114, 168, 214, 259, 334, 345, 347, 353, 276, 211, 199, 123, 2943)","(105, 142, 215, 287, 301, 318, 281, 297, 242, 223, 131, 134, 2676)","(103.0, 155.4, 213.0, 265.2, 313.2, 314.4, 331.0, 332.2, 259.8, 213.8, 171.4, 133.6)"
"(0, 0, 0, 0, 0, 0, 0, 0, 0, 0, 0, 0)","(112, 137, 147, 201, 300, 339, 332, 267, 201, 235, 130, 146, 2547)","(0, 0, 0, 0, 0, 0, 0, 0, 0, 0, 0, 0)","(107, 139, 135, 181, 274, 320, 315, 246, 202, 247, 126, 118, 2410)","(92, 140, 218, 282, 264, 358, 328, 273, 178, 272, 173, 150, 2726)","(114, 127, 154, 186, 270, 302, 311, 252, 207, 245, 138, 157, 2463)","(116, 131, 163, 154, 333, 341, 340, 310, 219, 239, 115, 129, 2590)","(108.2, 134.8, 163.4, 200.8, 288.2, 332.0, 325.2, 269.6, 201.4, 247.6, 136.4, 140.0)"
"(0, 0, 0, 0, 0, 0, 0, 0, 0, 0, 0, 0)","(127, 119, 185, 202, 313, 219, 306, 276, 220, 182, 146, 109, 2404)","(0, 0, 0, 0, 0, 0, 0, 0, 0, 0, 0, 0)","(127, 104, 170, 171, 284, 197, 305, 266, 232, 171, 147, 105, 2279)","(138, 123, 170, 226, 372, 277, 326, 347, 243, 267, 139, 120, 2748)","(128, 128, 172, 161, 318, 240, 340, 313, 230, 199, 146, 110, 2485)","(131, 107, 186, 145, 286, 256, 304, 237, 232, 196, 142, 119, 2341)","(130.2, 116.2, 176.6, 181.0, 314.6, 237.8, 316.2, 287.8, 231.4, 203.0, 144.0, 112.6)"
"(0, 0, 0, 0, 0, 0, 0, 0, 0, 0, 0, 0)","(106, 119, 167, 240, 240, 347, 316, 273, 297, 264, 192, 83, 2644)","(0, 0, 0, 0, 0, 0, 0, 0, 0, 0, 0, 0)","(104, 125, 167, 242, 245, 343, 341, 289, 301, 258, 165, 78, 2658)","(85, 158, 243, 234, 325, 417, 381, 330, 330, 305, 176, 107, 3091)","(91, 134, 164, 228, 231, 352, 344, 290, 301, 288, 168, 97, 2688)","(122, 144, 182, 241, 218, 302, 317, 259, 272, 254, 177, 81, 2569)","(101.6, 136.0, 184.6, 237.0, 251.8, 352.2, 339.8, 288.2, 300.2, 273.8, 175.6, 89.2)"
"(0, 0, 0, 0, 0, 0, 0, 0, 0, 0, 0, 0)","(62, 152, 175, 206, 273, 363, 376, 342, 307, 269, 180, 143, 2848)","(0, 0, 0, 0, 0, 0, 0, 0, 0, 0, 0, 0)","(67, 137, 159, 135, 249, 317, 354, 340, 302, 248, 175, 113, 2596)","(100, 182, 228, 241, 279, 379, 377, 376, 325, 277, 231, 163, 3158)","(78, 147, 169, 169, 246, 359, 371, 356, 336, 273, 196, 153, 2853)","(80, 149, 151, 137, 255, 357, 330, 333, 303, 259, 164, 145, 2663)","(77.4, 153.4, 176.4, 177.6, 260.4, 355.0, 361.6, 349.4, 314.6, 265.2, 189.2, 143.4)"
"(0, 0, 0, 0, 0, 0, 0, 0, 0, 0, 0, 0)","(123, 151, 210, 252, 287, 342, 356, 271, 281, 172, 123, 98, 2666)","(0, 0, 0, 0, 0, 0, 0, 0, 0, 0, 0, 0)","(133, 135, 192, 202, 256, 311, 321, 263, 251, 169, 124, 97, 2454)","(135, 185, 200, 254, 277, 363, 381, 311, 296, 180, 157, 139, 2878)","(116, 162, 197, 268, 315, 330, 370, 284, 293, 200, 150, 94, 2779)","(114, 155, 203, 184, 277, 319, 328, 255, 248, 140, 138, 103, 2464)","(124.2, 157.6, 200.4, 232.0, 282.4, 333.0, 351.2, 276.8, 273.8, 172.2, 138.4, 106.2)"
"(0, 0, 0, 0, 0, 0, 0, 0, 0, 0, 0, 0)","(156, 158, 234, 284, 281, 299, 359, 363, 283, 205, 167, 143, 2932)","(0, 0, 0, 0, 0, 0, 0, 0, 0, 0, 0, 0)","(131, 148, 223, 261, 276, 239, 383, 363, 309, 191, 180, 169, 2873)","(163, 162, 244, 291, 331, 345, 381, 381, 327, 251, 201, 147, 3224)","(111, 138, 232, 273, 297, 299, 363, 367, 295, 216, 183, 157, 2931)","(119, 118, 242, 261, 294, 301, 353, 332, 292, 207, 136, 94, 2749)","(136.0, 144.8, 235.0, 274.0, 295.8, 296.6, 367.8, 361.2, 301.2, 214.0, 173.4, 142.0)"
"(0, 0, 0, 0, 0, 0, 0, 0, 0, 0, 0, 0)","(112, 140, 240, 226, 280, 328, 267, 316, 292, 274, 141, 72, 2688)","(0, 0, 0, 0, 0, 0, 0, 0, 0, 0, 0, 0)","(142, 151, 220, 230, 273, 342, 307, 318, 294, 268, 126, 75, 2746)","(140, 113, 230, 265, 297, 344, 341, 337, 322, 250, 205, 122, 2966)","(110, 143, 235, 218, 331, 349, 305, 305, 315, 272, 143, 89, 2815)","(142, 143, 183, 205, 266, 355, 283, 280, 267, 267, 106, 84, 2581)","(129.2, 138.0, 221.6, 228.8, 289.4, 343.6, 300.6, 311.2, 298.0, 266.2, 144.2, 88.4)"
"(0, 0, 0, 0, 0, 0, 0, 0, 0, 0, 0, 0)","(109, 106, 190, 155, 228, 286, 322, 293, 244, 204, 135, 112, 2384)","(0, 0, 0, 0, 0, 0, 0, 0, 0, 0, 0, 0)","(133, 127, 214, 165, 211, 266, 299, 272, 240, 205, 102, 130, 2365)","(103, 132, 192, 235, 285, 254, 337, 327, 205, 237, 161, 155, 2623)","(112, 124, 185, 165, 277, 267, 342, 352, 270, 219, 129, 111, 2553)","(150, 121, 205, 181, 230, 308, 341, 295, 231, 150, 93, 132, 2437)","(121.4, 122.0, 197.2, 180.2, 246.2, 276.2, 328.2, 307.8, 238.0, 203.0, 124.0, 128.0)"
"(0, 0, 0, 0, 0, 0, 0, 0, 0, 0, 0, 0)","(138, 217, 145, 212, 314, 273, 216, 291, 220, 269, 159, 143, 2597)","(0, 0, 0, 0, 0, 0, 0, 0, 0, 0, 0, 0)","(130, 217, 180, 226, 312, 263, 275, 320, 249, 264, 164, 156, 2756)","(150, 206, 158, 204, 282, 308, 246, 312, 252, 276, 209, 173, 2776)","(134, 213, 138, 242, 335, 291, 263, 358, 276, 273, 171, 137, 2831)","(147, 191, 167, 237, 364, 263, 250, 319, 231, 262, 143, 135, 2709)","(139.8, 208.8, 157.6, 224.2, 321.4, 279.6, 250.0, 320.0, 245.6, 268.8, 169.2, 148.8)"
"(0, 0, 0, 0, 0, 0, 0, 0, 0, 0, 0, 0)","(159, 144, 186, 208, 249, 310, 329, 269, 238, 151, 144, 89, 2476)","(0, 0, 0, 0, 0, 0, 0, 0, 0, 0, 0, 0)","(158, 154, 203, 228, 238, 305, 328, 296, 228, 137, 151, 76, 2502)","(167, 156, 283, 256, 246, 304, 291, 311, 279, 211, 154, 112, 2770)","(141, 145, 199, 226, 269, 327, 324, 285, 266, 149, 146, 72, 2549)","(143, 154, 196, 199, 255, 294, 282, 249, 218, 171, 146, 100, 2407)","(153.6, 150.6, 213.4, 223.4, 251.4, 308.0, 310.8, 282.0, 245.8, 163.8, 148.2, 89.8)"
"(0, 0, 0, 0, 0, 0, 0, 0, 0, 0, 0, 0)","(120, 120, 193, 223, 192, 248, 326, 303, 245, 214, 170, 176, 2530)","(0, 0, 0, 0, 0, 0, 0, 0, 0, 0, 0, 0)","(159, 114, 191, 221, 192, 232, 358, 297, 258, 215, 160, 199, 2596)","(117, 142, 228, 297, 298, 254, 280, 358, 295, 228, 215, 173, 2885)","(111, 133, 195, 241, 214, 251, 341, 311, 281, 217, 197, 160, 2652)","(113, 108, 201, 260, 259, 235, 275, 216, 180, 191, 134, 150, 2322)","(124.0, 123.4, 201.6, 248.4, 231.0, 244.0, 316.0, 297.0, 251.8, 213.0, 175.2, 171.6)"
"(0, 0, 0, 0, 0, 0, 0, 0, 0, 0, 0, 0)","(197, 131, 163, 196, 271, 305, 287, 296, 215, 188, 136, 95, 2480)","(0, 0, 0, 0, 0, 0, 0, 0, 0, 0, 0, 0)","(180, 128, 166, 183, 291, 347, 310, 318, 253, 214, 138, 111, 2639)","(211, 169, 171, 246, 308, 316, 286, 302, 282, 242, 135, 125, 2793)","(195, 121, 171, 181, 292, 309, 300, 309, 263, 188, 128, 130, 2587)","(141, 75, 141, 166, 285, 365, 326, 309, 232, 185, 104, 83, 2412)","(184.8, 124.8, 162.4, 194.4, 289.4, 328.4, 301.8, 306.8, 249.0, 203.4, 128.2, 108.8)"
"(0, 0, 0, 0, 0, 0, 0, 0, 0, 0, 0, 0)","(169, 94, 148, 258, 273, 322, 286, 336, 269, 212, 147, 152, 2666)","(0, 0, 0, 0, 0, 0, 0, 0, 0, 0, 0, 0)","(169, 99, 191, 256, 267, 344, 261, 304, 271, 174, 124, 147, 2607)","(152, 158, 183, 238, 316, 311, 347, 310, 240, 199, 127, 174, 2755)","(172, 136, 162, 253, 320, 325, 308, 331, 258, 207, 151, 164, 2787)","(111, 64, 163, 260, 366, 349, 330, 307, 241, 182, 108, 108, 2589)","(154.6, 110.2, 169.4, 253.0, 308.4, 330.2, 306.4, 317.6, 255.8, 194.8, 131.4, 149.0)"
"(0, 0, 0, 0, 0, 0, 0, 0, 0, 0, 0, 0)","(107, 168, 186, 264, 281, 363, 327, 279, 269, 265, 151, 178, 2838)","(0, 0, 0, 0, 0, 0, 0, 0, 0, 0, 0, 0)","(121, 163, 176, 270, 311, 314, 333, 264, 228, 227, 150, 177, 2734)","(208, 208, 245, 245, 275, 346, 334, 318, 267, 299, 175, 215, 3135)","(122, 156, 156, 262, 298, 359, 369, 334, 322, 288, 182, 211, 3059)","(85, 141, 154, 274, 258, 344, 312, 229, 219, 215, 129, 156, 2516)","(128.6, 167.2, 183.4, 263.0, 284.6, 345.2, 335.0, 284.8, 261.0, 258.8, 157.4, 187.4)"
"(0, 0, 0, 0, 0, 0, 0, 0, 0, 0, 0, 0)","(179, 182, 204, 211, 318, 310, 323, 307, 260, 273, 170, 77, 2812)","(0, 0, 0, 0, 0, 0, 0, 0, 0, 0, 0, 0)","(193, 177, 186, 182, 298, 283, 312, 302, 227, 251, 175, 93, 2679)","(217, 198, 203, 193, 267, 276, 331, 310, 264, 292, 178, 97, 2826)","(191, 191, 197, 213, 325, 334, 343, 340, 285, 295, 186, 104, 3004)","(157, 176, 221, 201, 349, 294, 282, 283, 214, 234, 177, 102, 2690)","(187.4, 184.8, 202.2, 200.0, 311.4, 299.4, 318.2, 308.4, 250.0, 269.0, 177.2, 94.6)"
"(0, 0, 0, 0, 0, 0, 0, 0, 0, 0, 0, 0)","(123, 179, 165, 181, 318, 303, 291, 251, 179, 229, 156, 124, 2500)","(0, 0, 0, 0, 0, 0, 0, 0, 0, 0, 0, 0)","(147, 178, 156, 168, 288, 314, 329, 261, 174, 215, 125, 98, 2452)","(170, 204, 162, 231, 304, 326, 339, 343, 232, 267, 146, 156, 2880)","(124, 184, 170, 173, 288, 318, 326, 279, 233, 258, 156, 132, 2641)","(143, 165, 134, 202, 315, 355, 350, 276, 198, 214, 100, 72, 2524)","(141.4, 182.0, 157.4, 191.0, 302.6, 323.2, 327.0, 282.0, 203.2, 236.6, 136.6, 116.4)"
"(0, 0, 0, 0, 0, 0, 0, 0, 0, 0, 0, 0)","(155, 173, 187, 177, 323, 316, 346, 294, 240, 248, 121, 111, 2689)","(0, 0, 0, 0, 0, 0, 0, 0, 0, 0, 0, 0)","(190, 160, 145, 172, 296, 328, 359, 338, 249, 240, 113, 119, 2707)","(152, 109, 245, 203, 312, 327, 313, 272, 175, 249, 164, 117, 2637)","(162, 165, 192, 161, 309, 297, 357, 306, 266, 253, 145, 114, 2725)","(168, 113, 198, 153, 305, 307, 389, 322, 238, 250, 70, 92, 2605)","(165.4, 144.0, 193.4, 173.2, 309.0, 315.0, 352.8, 306.4, 233.6, 248.0, 122.6, 110.6)"
"(0, 0, 0, 0, 0, 0, 0, 0, 0, 0, 0, 0)","(143, 153, 175, 219, 256, 252, 292, 285, 241, 173, 122, 80, 2389)","(0, 0, 0, 0, 0, 0, 0, 0, 0, 0, 0, 0)","(136, 156, 138, 178, 249, 236, 294, 282, 223, 185, 123, 86, 2285)","(172, 174, 216, 245, 264, 261, 292, 300, 224, 205, 145, 120, 2617)","(205, 162, 184, 216, 253, 282, 310, 334, 253, 182, 142, 87, 2610)","(147, 137, 141, 159, 269, 280, 303, 271, 253, 157, 95, 104, 2316)","(160.6, 156.4, 170.8, 203.4, 258.2, 262.2, 298.2, 294.4, 238.8, 180.4, 125.4, 95.4)"
"(0, 0, 0, 0, 0, 0, 0, 0, 0, 0, 0, 0)","(142, 210, 238, 243, 197, 301, 331, 304, 228, 224, 89, 90, 2596)","(0, 0, 0, 0, 0, 0, 0, 0, 0, 0, 0, 0)","(136, 220, 253, 223, 215, 296, 348, 308, 225, 215, 107, 112, 2657)","(115, 172, 228, 259, 259, 339, 322, 319, 277, 229, 84, 141, 2744)","(153, 205, 221, 241, 234, 331, 314, 301, 247, 245, 90, 111, 2692)","(117, 200, 237, 215, 243, 257, 309, 294, 224, 200, 74, 68, 2439)","(132.6, 201.4, 235.4, 236.2, 229.6, 304.8, 324.8, 305.2, 240.2, 222.6, 88.8, 104.4)"
"(0, 0, 0, 0, 0, 0, 0, 0, 0, 0, 0, 0)","(101, 133, 230, 203, 233, 227, 276, 320, 221, 169, 139, 112, 2364)","(0, 0, 0, 0, 0, 0, 0, 0, 0, 0, 0, 0)","(104, 151, 241, 216, 267, 258, 269, 326, 220, 172, 143, 119, 2486)","(101, 101, 243, 246, 294, 296, 323, 323, 254, 188, 159, 122, 2650)","(104, 132, 241, 249, 283, 285, 317, 321, 271, 199, 154, 92, 2647)","(88, 128, 242, 234, 235, 219, 268, 313, 218, 159, 118, 59, 2283)","(99.6, 129.0, 239.4, 229.6, 262.4, 257.0, 290.6, 320.6, 236.8, 177.4, 142.6, 100.8)"
"(0, 0, 0, 0, 0, 0, 0, 0, 0, 0, 0, 0)","(177, 206, 198, 242, 304, 301, 359, 302, 198, 175, 100, 120, 2682)","(0, 0, 0, 0, 0, 0, 0, 0, 0, 0, 0, 0)","(161, 197, 199, 226, 278, 299, 321, 283, 207, 171, 130, 149, 2621)","(138, 133, 147, 215, 326, 295, 302, 260, 241, 175, 128, 130, 2492)","(175, 176, 178, 237, 300, 254, 342, 269, 229, 162, 136, 167, 2625)","(131, 151, 175, 207, 268, 279, 290, 314, 205, 169, 70, 97, 2356)","(156.4, 172.6, 179.4, 225.4, 295.2, 285.6, 322.8, 285.6, 216.0, 170.4, 112.8, 132.6)"
"(0, 0, 0, 0, 0, 0, 0, 0, 0, 0, 0, 0)","(163, 141, 237, 322, 302, 376, 341, 298, 241, 219, 126, 65, 2832)","(0, 0, 0, 0, 0, 0, 0, 0, 0, 0, 0, 0)","(183, 140, 181, 302, 257, 288, 322, 334, 278, 211, 122, 71, 2688)","(107, 149, 228, 298, 265, 287, 279, 278, 224, 196, 176, 93, 2581)","(172, 149, 211, 279, 278, 360, 318, 327, 262, 225, 156, 74, 2810)","(163, 89, 181, 271, 301, 334, 286, 312, 221, 245, 161, 96, 2661)","(157.6, 133.6, 207.6, 294.4, 280.6, 329.0, 309.2, 309.8, 245.2, 219.2, 148.2, 79.8)"
"(0, 0, 0, 0, 0, 0, 0, 0, 0, 0, 0, 0)","(156, 169, 210, 205, 331, 341, 229, 246, 153, 124, 52, 84, 2299)","(0, 0, 0, 0, 0, 0, 0, 0, 0, 0, 0, 0)","(159, 164, 182, 157, 286, 327, 274, 272, 211, 144, 60, 107, 2341)","(126, 175, 220, 244, 293, 335, 298, 296, 164, 154, 84, 94, 2483)","(170, 161, 204, 195, 300, 339, 294, 269, 198, 141, 60, 114, 2444)","(162, 148, 210, 216, 317, 365, 379, 314, 224, 161, 62, 82, 2640)","(154.6, 163.4, 205.2, 203.4, 305.4, 341.4, 294.8, 279.4, 190.0, 144.8, 63.6, 96.2)"
"(0, 0, 0, 0, 0, 0, 0, 0, 0, 0, 0, 0)","(140, 150, 137, 139, 187, 261, 226, 224, 172, 188, 111, 101, 2037)","(0, 0, 0, 0, 0, 0, 0, 0, 0, 0, 0, 0)","(141, 158, 147, 194, 238, 329, 290, 273, 165, 192, 110, 115, 2353)","(128, 172, 172, 189, 288, 321, 293, 349, 190, 231, 144, 79, 2556)","(173, 169, 175, 222, 247, 340, 323, 277, 206, 231, 125, 94, 2582)","(138, 148, 178, 175, 205, 321, 308, 308, 240, 206, 107, 73, 2406)","(144.0, 159.4, 161.8, 183.8, 233.0, 314.4, 288.0, 286.2, 194.6, 209.6, 119.4, 92.4)"
"(0, 0, 0, 0, 0, 0, 0, 0, 0, 0, 0, 0)","(127, 170, 150, 191, 108, 237, 299, 195, 213, 189, 101, 69, 2048)","(0, 0, 0, 0, 0, 0, 0, 0, 0, 0, 0, 0)","(144, 169, 190, 225, 207, 305, 364, 245, 248, 214, 123, 111, 2545)","(65, 165, 166, 255, 250, 328, 351, 275, 201, 257, 124, 97, 2534)","(116, 162, 204, 220, 172, 273, 371, 247, 255, 200, 137, 106, 2463)","(125, 145, 184, 219, 229, 289, 337, 281, 244, 203, 109, 64, 2427)","(115.4, 162.2, 178.8, 222.0, 193.2, 286.4, 344.4, 248.6, 232.2, 212.6, 118.8, 89.4)"
"(0, 0, 0, 0, 0, 0, 0, 0, 0, 0, 0, 0)","(86, 106, 232, 185, 254, 308, 366, 262, 215, 257, 114, 111, 2494)","(0, 0, 0, 0, 0, 0, 0, 0, 0, 0, 0, 0)","(149, 124, 203, 224, 205, 211, 315, 253, 183, 264, 114, 61, 2306)","(138, 100, 189, 268, 318, 326, 347, 278, 195, 229, 148, 90, 2624)","(135, 96, 187, 195, 324, 301, 340, 235, 204, 262, 130, 99, 2507)","(93, 120, 217, 229, 303, 320, 390, 269, 225, 264, 123, 55, 2608)","(120.2, 109.2, 205.6, 220.2, 280.8, 293.2, 351.6, 259.4, 204.4, 255.2, 125.8, 83.2)"
"(0, 0, 0, 0, 0, 0, 0, 0, 0, 0, 0, 0)","(176, 206, 194, 249, 256, 312, 325, 272, 242, 194, 231, 194, 2851)","(0, 0, 0, 0, 0, 0, 0, 0, 0, 0, 0, 0)","(186, 196, 203, 251, 294, 355, 363, 265, 238, 201, 210, 208, 2970)","(173, 174, 224, 296, 278, 298, 344, 346, 264, 206, 199, 198, 2999)","(158, 192, 197, 253, 291, 320, 335, 292, 266, 205, 220, 190, 2919)","(146, 169, 215, 292, 305, 317, 331, 310, 257, 176, 176, 163, 2857)","(167.8, 187.4, 206.6, 268.2, 284.8, 320.4, 339.6, 297.0, 253.4, 196.4, 207.2, 190.6)"
"(0, 0, 0, 0, 0, 0, 0, 0, 0, 0, 0, 0)","(158, 188, 220, 253, 325, 299, 347, 244, 200, 181, 104, 131, 2650)","(0, 0, 0, 0, 0, 0, 0, 0, 0, 0, 0, 0)","(190, 184, 171, 174, 247, 227, 303, 163, 146, 147, 91, 65, 2108)","(152, 186, 269, 253, 337, 313, 326, 325, 225, 212, 99, 130, 2827)","(162, 192, 216, 240, 278, 231, 347, 215, 205, 204, 129, 134, 2551)","(137, 140, 211, 251, 345, 305, 359, 245, 177, 161, 96, 83, 2511)","(159.8, 178.0, 217.4, 234.2, 306.4, 275.0, 336.4, 238.4, 190.6, 181.0, 103.8, 108.6)"
"(0, 0, 0, 0, 0, 0, 0, 0, 0, 0, 0, 0)","(170, 140, 179, 216, 192, 295, 263, 266, 288, 193, 138, 118, 2457)","(0, 0, 0, 0, 0, 0, 0, 0, 0, 0, 0, 0)","(116, 117, 185, 198, 174, 255, 148, 212, 238, 173, 93, 83, 1992)","(154, 78, 155, 262, 229, 362, 349, 258, 331, 282, 156, 155, 2769)","(160, 136, 171, 213, 221, 331, 267, 260, 277, 197, 122, -99, -99)","(127, 128, 163, 231, 262, 287, 264, 277, 259, 179, 123, 103, 2403)","(145.4, 119.8, 170.6, 224.0, 215.6, 306.0, 258.2, 254.6, 278.6, 204.8, 126.4, 114.75)"
"(0, 0, 0, 0, 0, 0, 0, 0, 0, 0, 0, 0)","(152, 149, 110, 184, 329, 336, 260, 257, 318, 203, 139, 153, 2589)","(0, 0, 0, 0, 0, 0, 0, 0, 0, 0, 0, 0)","(100, 127, 120, 176, 293, 237, 204, 245, 296, 181, 120, 145, 2245)","(126, 111, 166, 232, 243, 313, 207, 254, 261, 188, 151, 138, 2391)","(119, 137, 95, 193, 324, 332, 291, 304, 319, 194, 121, 139, 2569)","(119, 121, 166, 213, 348, 332, 321, 251, 297, 173, 109, 156, 2605)","(123.2, 129.0, 131.4, 199.6, 307.4, 310.0, 256.6, 262.2, 298.2, 187.8, 128.0, 146.2)"
"(0, 0, 0, 0, 0, 0, 0, 0, 0, 0, 0, 0)","(128, 132, 179, 179, 240, 305, 312, 252, 261, 251, 183, 91, 2514)","(0, 0, 0, 0, 0, 0, 0, 0, 0, 0, 0, 0)","(101, 123, 158, 188, 246, 286, 341, 245, 244, 204, 177, 107, 2419)","(92, 116, 135, 223, 223, 291, 379, 341, 226, 251, 171, 124, 2571)","(142, 115, 139, 193, 299, 347, 365, 311, 280, 261, 199, 122, 2773)","(-99, -99, -99, -99, -99, -99, 311, 225, 226, 207, 121, 78, -99)","(115.75, 121.5, 152.75, 195.75, 252.0, 307.25, 341.6, 274.8, 247.4, 234.8, 170.2, 104.4)"
"(0, 0, 0, 0, 0, 0, 0, 0, 0, 0, 0, 0)","(173, 171, 271, 221, 234, 272, 250, 244, 255, 194, 143, 138, 2567)","(0, 0, 0, 0, 0, 0, 0, 0, 0, 0, 0, 0)","(185, 178, 265, 208, 212, 256, 225, 270, 261, 165, 132, 113, 2470)","(178, 152, 236, 227, 195, 221, 263, 261, 268, 158, 122, 135, 2416)","(198, 193, 238, 230, 209, 266, 250, 233, 236, 198, 144, 151, 2546)","(146, 120, 228, 197, 278, 278, 274, 239, 210, 180, 144, 132, 2428)","(176.0, 162.8, 247.6, 216.6, 225.6, 258.6, 252.4, 249.4, 246.0, 179.0, 137.0, 133.8)"
"(0, 0, 0, 0, 0, 0, 0, 0, 0, 0, 0, 0)","(123, 148, 192, 230, 225, 281, 307, 262, 227, 194, 97, 81, 2366)","(0, 0, 0, 0, 0, 0, 0, 0, 0, 0, 0, 0)","(125, 159, 179, 205, 171, 277, 309, 260, 191, 188, 72, 79, 2216)","(113, 126, 189, 248, 313, 331, 307, 260, 228, 256, 132, 103, 2606)","(142, 168, 190, 233, 284, 266, 245, 241, 203, 197, 101, 92, 2363)","(124, 158, 174, 233, 240, 297, 303, 246, 200, 188, 68, 91, 2323)","(125.4, 151.8, 184.8, 229.8, 246.6, 290.4, 294.2, 253.8, 209.8, 204.6, 94.0, 89.2)"
"(0, 0, 0, 0, 0, 0, 0, 0, 0, 0, 0, 0)","(109, 138, 146, 183, 257, 333, 377, 328, 277, 183, 79, 98, 2508)","(0, 0, 0, 0, 0, 0, 0, 0, 0, 0, 0, 0)","(86, 115, 132, 174, 170, 229, 346, 306, 252, 183, 52, 110, 2156)","(105, 141, 146, 134, 228, 329, 378, 362, 307, 198, 146, 96, 2569)","(106, 147, 183, 175, 253, 297, 389, 384, 285, 188, 106, 91, 2603)","(93, 99, 189, 210, 259, 329, 369, 340, 282, 194, 82, 94, 2540)","(99.8, 128.0, 159.2, 175.2, 233.4, 303.4, 371.8, 344.0, 280.6, 189.2, 93.0, 97.8)"
"(0, 0, 0, 0, 0, 0, 0, 0, 0, 0, 0, 0)","(161, 155, 112, 152, 282, 329, 342, 351, 211, 128, 158, 125, 2507)","(0, 0, 0, 0, 0, 0, 0, 0, 0, 0, 0, 0)","(137, 141, 121, 148, 271, 259, 309, 296, 206, 126, 133, 112, 2259)","(145, 191, 145, 189, 278, 299, 341, 284, 274, 168, 183, 112, 2608)","(180, 150, 107, 182, 259, 279, 326, 295, 182, 110, 156, 135, 2360)","(136, 151, 154, 148, 240, 310, 330, 321, 178, 112, 152, 132, 2363)","(151.8, 157.6, 127.8, 163.8, 266.0, 295.2, 329.6, 309.4, 210.2, 128.8, 156.4, 123.2)"
"(0, 0, 0, 0, 0, 0, 0, 0, 0, 0, 0, 0)","(152, 146, 181, 275, 327, 275, 315, 251, 228, 162, 77, 167, 2556)","(0, 0, 0, 0, 0, 0, 0, 0, 0, 0, 0, 0)","(163, 157, 207, 276, 288, 249, 276, 209, 183, 141, 74, 140, 2363)","(129, 163, 174, 248, 276, 264, 308, 264, 246, 135, 85, 105, 2397)","(162, 168, 215, 250, 298, 241, 291, 233, 216, 159, 75, 168, 2476)","(162, 130, -99, 152, 329, 364, 299, 231, 195, 161, 47, 165, -99)","(153.6, 152.8, 194.25, 240.2, 303.6, 278.6, 297.8, 237.6, 213.6, 151.6, 71.6, 149.0)"
"(0, 0, 0, 0, 0, 0, 0, 0, 0, 0, 0, 0)","(152, 101, 192, 255, 264, 297, 351, 293, 183, 182, 107, 106, 2483)","(0, 0, 0, 0, 0, 0, 0, 0, 0, 0, 0, 0)","(127, 74, 185, 212, 225, 245, 303, 222, 142, 151, 100, 68, 2054)","(215, 118, 259, 276, 254, 308, 353, 302, 216, 174, 61, 114, 2650)","(189, 120, 230, 282, 303, 318, 359, 340, 198, 183, 90, 84, 2696)","(156, 100, 203, 256, 221, 277, 336, 330, 187, 144, 168, 105, 2483)","(167.8, 102.6, 213.8, 256.2, 253.4, 289.0, 340.4, 297.4, 185.2, 166.8, 105.2, 95.4)"
"(0, 0, 0, 0, 0, 0, 0, 0, 0, 0, 0, 0)","(122, 149, 173, 275, 367, 333, 324, 276, 243, 213, 143, 106, 2724)","(0, 0, 0, 0, 0, 0, 0, 0, 0, 0, 0, 0)","(133, 160, 159, 244, 288, 308, 312, 239, 205, 175, 130, 85, 2438)","(117, 121, 230, 284, 307, 281, 299, 331, 268, -99, -99, -99, -99)","(177, 180, 181, 286, 330, 309, 291, 280, 299, 259, 159, 125, 2876)","(120, 171, 196, 260, 298, 341, 285, 240, 236, 209, 115, 85, 2556)","(133.8, 156.2, 187.8, 269.8, 318.0, 314.4, 302.2, 273.2, 250.2, 214.0, 136.75, 100.25)"
