DULUTH,HURON,RAPID CITY,YANKTON,mean_col
"(0, 0, 0, 0, 0, 0, 0, 0, 0, 0, 0, 0)","(183, 203, 257, 258, 370, 343, 338, 286, 233, 182, 154, 137, 2944)","(0, 0, 0, 0, 0, 0, 0, 0, 0, 0, 0, 0)","(179, 147, 223, 225, 348, 367, 327, 190, 208, 230, 152, 128, 2722)","(181.0, 175.0, 240.0, 241.5, 359.0, 355.0, 332.5, 238.0, 220.5, 206.0, 153.0, 132.5)"
"(0, 0, 0, 0, 0, 0, 0, 0, 0, 0, 0, 0)","(171, 206, 211, 273, 362, 284, 384, 344, 205, 208, 189, 133, 2969)","(0, 0, 0, 0, 0, 0, 0, 0, 0, 0, 0, 0)","(180, 211, 207, 237, 302, 300, 396, 380, 246, 216, -99, -99, -99)","(175.5, 208.5, 209.0, 255.0, 332.0, 292.0, 390.0, 362.0, 225.5, 212.0, 189.0, 133.0)"
"(0, 0, 0, 0, 0, 0, 0, 0, 0, 0, 0, 0)","(189, 185, 177, 258, 295, 274, 338, 212, 231, 224, 133, 112, 2627)","(0, 0, 0, 0, 0, 0, 0, 0, 0, 0, 0, 0)","(-99, 192, 233, 328, 248, 281, 307, 232, 226, 200, 107, 67, -99)","(189.0, 188.5, 205.0, 293.0, 271.5, 277.5, 322.5, 222.0, 228.5, 212.0, 120.0, 89.5)"
"(0, 0, 0, 0, 0, 0, 0, 0, 0, 0, 0, 0)","(156, 225, 241, 281, 313, 348, 353, 293, 205, 245, 203, 154, 3016)","(0, 0, 0, 0, 0, 0, 0, 0, 0, 0, 0, 0)","(95, 182, 198, 236, 233, 265, 224, 275, 220, 226, 125, 93, 2372)","(125.5, 203.5, 219.5, 258.5, 273.0, 306.5, 288.5, 284.0, 212.5, 235.5, 164.0, 123.5)"
"(0, 0, 0, 0, 0, 0, 0, 0, 0, 0, 0, 0)","(166, 183, 222, 274, 340, 278, 345, 314, 271, 234, 201, 118, 2946)","(0, 0, 0, 0, 0, 0, 0, 0, 0, 0, 0, 0)","(127, 163, 183, 228, 254, 254, 357, 286, 248, 198, 211, 123, 2634)","(146.5, 173.0, 202.5, 251.0, 297.0, 266.0, 351.0, 300.0, 259.5, 216.0, 206.0, 120.5)"
"(0, 0, 0, 0, 0, 0, 0, 0, 0, 0, 0, 0)","(155, 217, 182, 271, 271, 270, 359, 349, 282, 217, 171, 201, 2947)","(0, 0, 0, 0, 0, 0, 0, 0, 0, 0, 0, 0)","(161, 213, 155, 193, 229, 256, 312, 260, 256, 214, 189, 209, 2648)","(158.0, 215.0, 168.5, 232.0, 250.0, 263.0, 335.5, 304.5, 269.0, 215.5, 180.0, 205.0)"
"(0, 0, 0, 0, 0, 0, 0, 0, 0, 0, 0, 0)","(186, 233, 210, 245, 264, 313, 380, 291, 252, 193, 134, 116, 2817)","(0, 0, 0, 0, 0, 0, 0, 0, 0, 0, 0, 0)","(180, 224, 216, 274, 276, 329, 390, 311, 230, 190, 109, 102, 2831)","(183.0, 228.5, 213.0, 259.5, 270.0, 321.0, 385.0, 301.0, 241.0, 191.5, 121.5, 109.0)"
"(0, 0, 0, 0, 0, 0, 0, 0, 0, 0, 0, 0)","(146, 217, 253, 285, 280, 280, 335, 359, 232, 267, 174, 138, 2966)","(0, 0, 0, 0, 0, 0, 0, 0, 0, 0, 0, 0)","(90, 172, 208, 207, 221, 284, 314, 325, 235, 273, 189, 129, 2647)","(118.0, 194.5, 230.5, 246.0, 250.5, 282.0, 324.5, 342.0, 233.5, 270.0, 181.5, 133.5)"
"(0, 0, 0, 0, 0, 0, 0, 0, 0, 0, 0, 0)","(177, 154, 170, 247, 263, 268, 333, 324, 293, 160, 164, 167, 2719)","(166, 144, 169, 285, 236, 310, 360, 333, 297, 187, 222, 172, 2881)","(188, 166, 199, 258, 262, 247, 319, 265, 274, 152, 168, 160, 2658)","(177.0, 154.67, 179.33, 263.33, 253.67, 275.0, 337.33, 307.33, 288.0, 166.33, 184.67, 166.33)"
"(0, 0, 0, 0, 0, 0, 0, 0, 0, 0, 0, 0)","(166, 169, 210, 225, 318, 326, 334, 360, 243, 196, 117, 92, 2754)","(160, 194, 273, 222, 260, 290, 350, 322, 247, 257, 150, 135, 2862)","(117, 147, 216, 190, 241, 279, 281, 317, 188, 214, 146, 99, 2434)","(147.67, 170.0, 233.0, 212.33, 273.0, 298.33, 321.67, 333.0, 226.0, 222.33, 137.67, 108.67)"
"(0, 0, 0, 0, 0, 0, 0, 0, 0, 0, 0, 0)","(155, 201, 286, 281, 327, 355, 368, 304, 214, 239, 128, 120, 2980)","(190, 212, 294, 289, 273, 320, 322, 263, 203, 224, 90, 120, 2800)","(138, 187, 287, 277, 290, 354, 368, 298, 227, 276, 172, 135, 3009)","(161.0, 200.0, 289.0, 282.33, 296.67, 343.0, 352.67, 288.33, 214.67, 246.33, 130.0, 125.0)"
"(0, 0, 0, 0, 0, 0, 0, 0, 0, 0, 0, 0)","(133, 195, 242, 240, 329, 358, 359, 256, 195, 146, 154, 113, 2721)","(145, 162, 250, 226, 315, 259, 295, 259, 260, 224, 171, 158, 2723)","(136, 195, 271, 200, 357, 367, 364, 269, 198, 180, 159, 127, 2823)","(138.0, 184.0, 254.33, 222.0, 333.67, 328.0, 339.33, 261.33, 217.67, 183.33, 161.33, 132.67)"
"(0, 0, 0, 0, 0, 0, 0, 0, 0, 0, 0, 0)","(115, 164, 240, 261, 304, 350, 320, 313, 252, 268, 220, 156, 2963)","(144, 183, 260, 286, 304, 321, 332, 318, 209, 222, 191, 157, 2925)","(120, 167, 222, 223, 307, 306, 307, 325, 236, 262, 214, 158, 2848)","(126.33, 171.33, 240.67, 256.67, 305.0, 325.67, 319.67, 318.67, 232.33, 250.67, 208.33, 157.0)"
"(0, 0, 0, 0, 0, 0, 0, 0, 0, 0, 0, 0)","(176, 210, 199, 269, 209, 391, 367, 308, 232, 188, 182, 177, 2908)","(144, 203, 207, 273, 244, 324, 345, 370, 290, 213, 202, 198, 3013)","(161, 188, 186, 240, 202, 343, 351, 266, 200, 150, 127, 151, 2565)","(160.33, 200.33, 197.33, 260.67, 218.33, 352.67, 354.33, 314.67, 240.67, 183.67, 170.33, 175.33)"
"(0, 0, 0, 0, 0, 0, 0, 0, 0, 0, 0, 0)","(128, 184, 193, 240, 327, 301, 419, 305, 261, 217, 199, 146, 2918)","(157, 164, 241, 213, 318, 371, 413, 337, 291, 221, 187, 140, 3052)","(129, 143, 186, 182, 224, 240, 302, 231, 239, 189, 173, 105, 2343)","(138.0, 163.67, 206.67, 211.67, 289.67, 304.0, 378.0, 291.0, 263.67, 209.0, 186.33, 130.33)"
"(0, 0, 0, 0, 0, 0, 0, 0, 0, 0, 0, 0)","(151, 127, 254, 299, 215, 303, 301, 349, 250, 254, 179, 137, 2818)","(160, 173, 227, 272, 240, 301, 307, 309, 229, 265, 183, 173, 2839)","(98, 72, 84, 223, 146, 235, 226, 264, 193, 226, 153, 92, 2011)","(136.33, 124.0, 188.33, 264.67, 200.33, 279.67, 278.0, 307.33, 224.0, 248.33, 171.67, 134.0)"
"(0, 0, 0, 0, 0, 0, 0, 0, 0, 0, 0, 0)","(201, 214, 231, 213, 299, 314, 371, 304, 268, 215, 189, 154, 2974)","(202, 231, 260, 239, 288, 301, 373, 291, 315, 199, 185, 152, 3037)","(130, 177, 152, 168, 253, 301, 365, 237, 234, 205, 196, 138, 2558)","(177.67, 207.33, 214.33, 206.67, 280.0, 305.33, 369.67, 277.33, 272.33, 206.33, 190.0, 148.0)"
"(0, 0, 0, 0, 0, 0, 0, 0, 0, 0, 0, 0)","(172, 196, 226, 192, 358, 336, 411, 336, 178, 171, 123, 111, 2808)","(191, 140, 219, 196, 218, 342, 400, 322, 261, 240, 204, 111, 2845)","(162, 147, 205, 134, 255, 264, 361, 282, 146, 122, 123, 80, 2279)","(175.0, 161.0, 216.67, 174.0, 277.0, 314.0, 390.67, 313.33, 195.0, 177.67, 150.0, 100.67)"
"(0, 0, 0, 0, 0, 0, 0, 0, 0, 0, 0, 0)","(141, 206, 280, 279, 310, 326, 306, 299, 234, 188, 137, 127, 2832)","(130, 220, 256, 234, 269, 317, 277, 336, 224, 249, 194, 137, 2844)","(114, 173, 237, 207, 236, 289, 275, 278, 210, 148, 136, 90, 2392)","(128.33, 199.67, 257.67, 240.0, 271.67, 310.67, 286.0, 304.33, 222.67, 195.0, 155.67, 118.0)"
"(0, 0, 0, 0, 0, 0, 0, 0, 0, 0, 0, 0)","(196, 157, 248, 196, 294, 252, 361, 301, 189, 163, 138, 130, 2626)","(225, 136, 200, 225, 348, 312, 337, 353, 238, 177, 152, 198, 2902)","(179, 100, 147, 125, 244, 221, 336, 304, 169, 134, 120, 139, 2217)","(200.0, 131.0, 198.33, 182.0, 295.33, 261.67, 344.67, 319.33, 198.67, 158.0, 136.67, 155.67)"
"(0, 0, 0, 0, 0, 0, 0, 0, 0, 0, 0, 0)","(150, 146, 257, 193, 266, 289, 326, 362, 256, 231, 94, 126, 2696)","(147, 204, 247, 170, 216, 285, 322, 347, 266, 227, 182, 131, 2745)","(82, 103, 222, 142, 175, 203, 311, 326, 282, 244, 104, 106, 2300)","(126.33, 151.0, 242.0, 168.33, 219.0, 259.0, 319.67, 345.0, 268.0, 234.0, 126.67, 121.0)"
"(0, 0, 0, 0, 0, 0, 0, 0, 0, 0, 0, 0)","(125, 192, 251, 267, 255, 376, 328, 269, 260, 229, 130, 153, 2837)","(173, 213, 235, 290, 252, 300, 317, 307, 279, 264, 126, 136, 2892)","(119, 158, 234, 228, 256, 377, 363, 307, 274, 242, 128, 126, 2811)","(139.0, 187.67, 240.0, 261.67, 254.33, 351.0, 336.0, 294.33, 271.0, 245.0, 128.0, 138.33)"
"(0, 0, 0, 0, 0, 0, 0, 0, 0, 0, 0, 0)","(171, 220, 201, 233, 279, 336, 289, 343, 286, 218, 94, 130, 2800)","(173, 171, 265, 196, 300, 362, 342, 357, 309, 259, 145, 161, 3041)","(164, 192, 197, 225, 236, 300, 295, 333, 272, 241, 124, 148, 2728)","(169.33, 194.33, 221.0, 218.0, 271.67, 332.67, 308.67, 344.33, 289.0, 239.33, 121.0, 146.33)"
"(0, 0, 0, 0, 0, 0, 0, 0, 0, 0, 0, 0)","(135, 185, 216, 242, 275, 284, 323, 236, 247, 227, 222, 190, 2780)","(160, 189, 245, 261, 278, 315, 322, 252, 275, 196, 210, 160, 2862)","(121, 189, 205, 240, 261, 257, 334, 285, 244, 197, 179, 144, 2655)","(138.67, 187.67, 222.0, 247.67, 271.33, 285.33, 326.33, 257.67, 255.33, 206.67, 203.67, 164.67)"
"(0, 0, 0, 0, 0, 0, 0, 0, 0, 0, 0, 0)","(222, 232, 284, 310, 300, 304, 395, 343, 233, 228, 158, 108, 3118)","(170, 200, 193, 225, 279, 288, 362, 311, 285, 250, 200, 160, 2923)","(172, 164, 164, 266, 252, 265, 350, 287, 219, 228, 167, 110, 2644)","(188.0, 198.67, 213.67, 267.0, 277.0, 285.67, 369.0, 313.67, 245.67, 235.33, 175.0, 126.0)"
"(0, 0, 0, 0, 0, 0, 0, 0, 0, 0, 0, 0)","(155, 151, 285, 277, 238, 282, 347, 331, 197, 96, 190, 132, 2681)","(214, 186, 249, 298, 332, 309, 354, 335, 205, 149, 213, 139, 2984)","(144, 136, 256, 229, 321, 282, 331, 296, 211, 149, 168, 118, 2641)","(171.0, 157.67, 263.33, 268.0, 297.0, 291.0, 344.0, 320.67, 204.33, 131.33, 190.33, 129.67)"
"(0, 0, 0, 0, 0, 0, 0, 0, 0, 0, 0, 0)","(159, 174, 268, 312, 322, 338, 335, 254, 170, 219, 89, 148, 2788)","(156, 189, 226, 263, 251, 274, 305, 276, 245, 234, 109, 166, 2694)","(122, 143, 210, 266, 280, 325, 298, 312, 176, 184, 94, 97, 2505)","(145.67, 168.67, 234.67, 280.33, 284.33, 312.33, 312.67, 280.67, 197.0, 212.33, 97.33, 137.0)"
"(0, 0, 0, 0, 0, 0, 0, 0, 0, 0, 0, 0)","(180, 186, 236, 234, 269, 374, 396, 335, 270, 208, 92, 147, 2926)","(151, 163, 234, 287, 256, 248, 314, 282, 251, 232, 102, 183, 2703)","(160, 161, 168, 178, 222, 302, 370, 253, 259, 232, 83, 119, 2505)","(163.67, 170.0, 212.67, 233.0, 249.0, 308.0, 360.0, 290.0, 260.0, 224.0, 92.33, 149.67)"
"(0, 0, 0, 0, 0, 0, 0, 0, 0, 0, 0, 0)","(170, 201, 222, 277, 336, 315, 383, 317, 269, 165, 147, 150, 2952)","(178, 249, 254, 303, 301, 238, 356, 330, 264, 190, 151, 186, 3002)","(169, 198, 210, 222, 328, 272, 368, 326, 280, 175, 134, 133, 2815)","(172.33, 216.0, 228.67, 267.33, 321.67, 275.0, 369.0, 324.33, 271.0, 176.67, 144.0, 156.33)"
"(0, 0, 0, 0, 0, 0, 0, 0, 0, 0, 0, 0)","(118, 137, 200, 242, 335, 328, 354, 336, 156, 188, 134, 128, 2655)","(158, 188, 251, 272, 303, 327, 374, 354, 208, 222, 151, 158, 2966)","(108, 111, 205, 214, 240, 222, 308, 314, 136, 178, 134, 133, 2305)","(128.0, 145.33, 218.67, 242.67, 292.67, 292.33, 345.33, 334.67, 166.67, 196.0, 139.67, 139.67)"
"(0, 0, 0, 0, 0, 0, 0, 0, 0, 0, 0, 0)","(166, 181, 263, 224, 287, 361, 399, 277, 290, 189, 167, 133, 2937)","(154, 157, 239, 257, 248, 366, 398, 269, 272, 179, 170, 179, 2888)","(146, 149, 229, 179, 253, 351, 374, 205, 265, 166, 208, 132, 2657)","(155.33, 162.33, 243.67, 220.0, 262.67, 359.33, 390.33, 250.33, 275.67, 178.0, 181.67, 148.0)"
"(0, 0, 0, 0, 0, 0, 0, 0, 0, 0, 0, 0)","(210, 189, 230, 328, 327, 342, 388, 305, 250, 172, 140, 147, 3027)","(245, 195, 247, 292, 335, 355, 363, 333, 282, 238, 175, 169, 3229)","(202, 189, 169, 261, 305, 329, 340, 302, 248, 198, 141, 141, 2823)","(219.0, 191.0, 215.33, 293.67, 322.33, 342.0, 363.67, 313.33, 260.0, 202.67, 152.0, 152.33)"
"(0, 0, 0, 0, 0, 0, 0, 0, 0, 0, 0, 0)","(180, 178, 176, 210, 297, 342, 381, 303, 282, 167, 137, 196, 2849)","(163, 242, 249, 261, 290, 348, 366, 343, 318, 204, 146, 178, 3108)","(104, 161, 184, 196, 267, 320, 323, 265, 279, 218, 126, 139, 2582)","(149.0, 193.67, 203.0, 222.33, 284.67, 336.67, 356.67, 303.67, 293.0, 196.33, 136.33, 171.0)"
"(0, 0, 0, 0, 0, 0, 0, 0, 0, 0, 0, 0)","(200, 238, 274, 265, 275, 402, 354, 312, 295, 258, 119, 119, 3110)","(190, 199, 238, 232, 253, 376, 396, 325, 313, 242, 178, 85, 3026)","(0, 0, 0, 0, 0, 0, 0, 0, 0, 0, 0, 0)","(195.0, 218.5, 256.0, 248.5, 264.0, 389.0, 375.0, 318.5, 304.0, 250.0, 148.5, 102.0)"
"(0, 0, 0, 0, 0, 0, 0, 0, 0, 0, 0, 0)","(139, 192, 238, 305, 396, 357, 335, 318, 217, 223, 155, 110, 2985)","(175, 231, 221, 319, 364, 298, 331, 316, 228, 260, 185, 136, 3064)","(0, 0, 0, 0, 0, 0, 0, 0, 0, 0, 0, 0)","(157.0, 211.5, 229.5, 312.0, 380.0, 327.5, 333.0, 317.0, 222.5, 241.5, 170.0, 123.0)"
"(0, 0, 0, 0, 0, 0, 0, 0, 0, 0, 0, 0)","(138, 170, 234, 210, 231, 332, 398, 325, 303, 228, 114, 97, 2780)","(159, 169, 217, 207, 152, 300, 353, 311, 287, 251, 139, 132, 2677)","(0, 0, 0, 0, 0, 0, 0, 0, 0, 0, 0, 0)","(148.5, 169.5, 225.5, 208.5, 191.5, 316.0, 375.5, 318.0, 295.0, 239.5, 126.5, 114.5)"
"(0, 0, 0, 0, 0, 0, 0, 0, 0, 0, 0, 0)","(123, 176, 246, 275, 347, 359, 413, 307, 292, 213, 186, 121, 3058)","(160, 183, 257, 260, 370, 369, 424, 348, 307, 238, 205, 135, 3255)","(0, 0, 0, 0, 0, 0, 0, 0, 0, 0, 0, 0)","(141.5, 179.5, 251.5, 267.5, 358.5, 364.0, 418.5, 327.5, 299.5, 225.5, 195.5, 128.0)"
"(0, 0, 0, 0, 0, 0, 0, 0, 0, 0, 0, 0)","(170, 189, 220, 207, 318, 328, 402, 339, 285, 197, 148, 129, 2932)","(162, 201, 227, 266, 308, 333, 371, 371, 256, 198, 110, 147, 2950)","(0, 0, 0, 0, 0, 0, 0, 0, 0, 0, 0, 0)","(166.0, 195.0, 223.5, 236.5, 313.0, 330.5, 386.5, 355.0, 270.5, 197.5, 129.0, 138.0)"
"(0, 0, 0, 0, 0, 0, 0, 0, 0, 0, 0, 0)","(121, 156, 208, 200, 206, 307, 309, 334, 234, 204, 109, 122, 2510)","(116, 173, 182, 202, 245, 321, 344, 355, 265, 218, 137, 116, 2674)","(0, 0, 0, 0, 0, 0, 0, 0, 0, 0, 0, 0)","(118.5, 164.5, 195.0, 201.0, 225.5, 314.0, 326.5, 344.5, 249.5, 211.0, 123.0, 119.0)"
"(0, 0, 0, 0, 0, 0, 0, 0, 0, 0, 0, 0)","(111, 165, 240, 285, 347, 303, 382, 347, 254, 191, 203, 178, 3006)","(147, 176, 255, 263, 310, 316, 364, 333, 280, 229, 252, 173, 3098)","(0, 0, 0, 0, 0, 0, 0, 0, 0, 0, 0, 0)","(129.0, 170.5, 247.5, 274.0, 328.5, 309.5, 373.0, 340.0, 267.0, 210.0, 227.5, 175.5)"
"(0, 0, 0, 0, 0, 0, 0, 0, 0, 0, 0, 0)","(202, 179, 97, 151, 286, 303, 323, 277, 264, 203, 135, 108, 2528)","(181, 166, 170, 198, 386, 381, 355, 358, 276, 259, 162, 154, 3046)","(0, 0, 0, 0, 0, 0, 0, 0, 0, 0, 0, 0)","(191.5, 172.5, 133.5, 174.5, 336.0, 342.0, 339.0, 317.5, 270.0, 231.0, 148.5, 131.0)"
"(0, 0, 0, 0, 0, 0, 0, 0, 0, 0, 0, 0)","(160, 146, 192, 170, 327, 277, 354, 335, 223, 162, 134, 141, 2621)","(198, 201, 219, 193, 326, 298, 314, 284, 222, 170, 149, 114, 2689)","(0, 0, 0, 0, 0, 0, 0, 0, 0, 0, 0, 0)","(179.0, 173.5, 205.5, 181.5, 326.5, 287.5, 334.0, 309.5, 222.5, 166.0, 141.5, 127.5)"
"(0, 0, 0, 0, 0, 0, 0, 0, 0, 0, 0, 0)","(208, 129, 176, 267, 250, 308, 335, 303, 211, 202, 129, 86, 2604)","(208, 150, 202, 210, 245, 310, 377, 277, 216, 186, 163, 129, 2673)","(0, 0, 0, 0, 0, 0, 0, 0, 0, 0, 0, 0)","(208.0, 139.5, 189.0, 238.5, 247.5, 309.0, 356.0, 290.0, 213.5, 194.0, 146.0, 107.5)"
"(0, 0, 0, 0, 0, 0, 0, 0, 0, 0, 0, 0)","(97, 169, 198, 274, 251, 302, 390, 332, 287, 248, 140, 183, 2871)","(153, 188, 256, 296, 274, 275, 373, 357, 304, 262, 156, 175, 3069)","(0, 0, 0, 0, 0, 0, 0, 0, 0, 0, 0, 0)","(125.0, 178.5, 227.0, 285.0, 262.5, 288.5, 381.5, 344.5, 295.5, 255.0, 148.0, 179.0)"
"(0, 0, 0, 0, 0, 0, 0, 0, 0, 0, 0, 0)","(187, 205, 211, 215, 315, 332, 375, 311, 267, 250, 49, 111, 2828)","(166, 196, 196, 234, 302, 276, 335, 313, 281, 265, 141, 164, 2869)","(0, 0, 0, 0, 0, 0, 0, 0, 0, 0, 0, 0)","(176.5, 200.5, 203.5, 224.5, 308.5, 304.0, 355.0, 312.0, 274.0, 257.5, 95.0, 137.5)"
"(0, 0, 0, 0, 0, 0, 0, 0, 0, 0, 0, 0)","(71, 147, 217, 228, 258, 233, 338, 292, 221, 226, 114, 125, 2470)","(157, 154, 218, 238, 269, 191, 353, 330, 243, 243, 142, 77, 2615)","(0, 0, 0, 0, 0, 0, 0, 0, 0, 0, 0, 0)","(114.0, 150.5, 217.5, 233.0, 263.5, 212.0, 345.5, 311.0, 232.0, 234.5, 128.0, 101.0)"
"(0, 0, 0, 0, 0, 0, 0, 0, 0, 0, 0, 0)","(173, 194, 220, 323, 214, 299, 340, 299, 200, 130, 113, 176, 2681)","(159, 206, 233, 308, 230, 296, 378, 338, 281, 179, 195, 177, 2980)","(0, 0, 0, 0, 0, 0, 0, 0, 0, 0, 0, 0)","(166.0, 200.0, 226.5, 315.5, 222.0, 297.5, 359.0, 318.5, 240.5, 154.5, 154.0, 176.5)"
"(0, 0, 0, 0, 0, 0, 0, 0, 0, 0, 0, 0)","(187, 190, 212, 214, 331, 282, 420, 350, 246, 208, 80, 112, 2832)","(221, 233, 165, 233, 287, 239, 361, 332, 208, 239, 166, 159, 2843)","(0, 0, 0, 0, 0, 0, 0, 0, 0, 0, 0, 0)","(204.0, 211.5, 188.5, 223.5, 309.0, 260.5, 390.5, 341.0, 227.0, 223.5, 123.0, 135.5)"
"(0, 0, 0, 0, 0, 0, 0, 0, 0, 0, 0, 0)","(131, 170, 231, 252, 304, 261, 357, 309, 256, 245, 98, 135, 2749)","(156, 192, 235, 264, 275, 259, 355, 305, 264, 268, 137, 169, 2879)","(0, 0, 0, 0, 0, 0, 0, 0, 0, 0, 0, 0)","(143.5, 181.0, 233.0, 258.0, 289.5, 260.0, 356.0, 307.0, 260.0, 256.5, 117.5, 152.0)"
"(0, 0, 0, 0, 0, 0, 0, 0, 0, 0, 0, 0)","(105, 155, 144, 262, 282, 282, 328, 310, 229, 153, 215, 158, 2623)","(181, 218, 258, 318, 288, 319, 379, 339, 269, 189, 202, 139, 3099)","(0, 0, 0, 0, 0, 0, 0, 0, 0, 0, 0, 0)","(143.0, 186.5, 201.0, 290.0, 285.0, 300.5, 353.5, 324.5, 249.0, 171.0, 208.5, 148.5)"
"(0, 0, 0, 0, 0, 0, 0, 0, 0, 0, 0, 0)","(146, 186, 203, 220, 283, 405, 377, 344, 246, 233, 143, 94, 2880)","(135, 170, 269, 306, 397, 334, 300, 346, 232, 246, 115, 173, 3023)","(0, 0, 0, 0, 0, 0, 0, 0, 0, 0, 0, 0)","(140.5, 178.0, 236.0, 263.0, 340.0, 369.5, 338.5, 345.0, 239.0, 239.5, 129.0, 133.5)"
"(0, 0, 0, 0, 0, 0, 0, 0, 0, 0, 0, 0)","(137, 157, 225, 239, 295, 304, 309, 303, 236, 184, 169, 103, 2661)","(176, 179, 274, 275, 219, 243, 280, 258, 198, 163, 160, 104, 2529)","(0, 0, 0, 0, 0, 0, 0, 0, 0, 0, 0, 0)","(156.5, 168.0, 249.5, 257.0, 257.0, 273.5, 294.5, 280.5, 217.0, 173.5, 164.5, 103.5)"
"(0, 0, 0, 0, 0, 0, 0, 0, 0, 0, 0, 0)","(201, 183, 191, 301, 314, 346, 389, 321, 308, 279, 162, 119, 3114)","(159, 178, 176, 311, 268, 321, 355, 230, 292, 288, 186, 178, 2942)","(0, 0, 0, 0, 0, 0, 0, 0, 0, 0, 0, 0)","(180.0, 180.5, 183.5, 306.0, 291.0, 333.5, 372.0, 275.5, 300.0, 283.5, 174.0, 148.5)"
"(0, 0, 0, 0, 0, 0, 0, 0, 0, 0, 0, 0)","(102, 122, 203, 191, 245, 308, 359, 305, 311, 262, 166, 123, 2697)","(137, 134, 258, 151, 217, 301, 321, 297, 301, 261, 175, 138, 2691)","(0, 0, 0, 0, 0, 0, 0, 0, 0, 0, 0, 0)","(119.5, 128.0, 230.5, 171.0, 231.0, 304.5, 340.0, 301.0, 306.0, 261.5, 170.5, 130.5)"
"(0, 0, 0, 0, 0, 0, 0, 0, 0, 0, 0, 0)","(137, 175, 204, 229, 323, 293, 370, 331, 228, 158, 190, 128, 2766)","(143, 172, 170, 184, 226, 244, 344, 278, 244, 198, 180, 158, 2541)","(0, 0, 0, 0, 0, 0, 0, 0, 0, 0, 0, 0)","(140.0, 173.5, 187.0, 206.5, 274.5, 268.5, 357.0, 304.5, 236.0, 178.0, 185.0, 143.0)"
"(0, 0, 0, 0, 0, 0, 0, 0, 0, 0, 0, 0)","(163, 173, 243, 299, 353, 332, 392, 321, 272, 253, 150, 129, 3080)","(130, 115, 222, 257, 263, 206, 348, 303, 256, 240, 169, 112, 2621)","(0, 0, 0, 0, 0, 0, 0, 0, 0, 0, 0, 0)","(146.5, 144.0, 232.5, 278.0, 308.0, 269.0, 370.0, 312.0, 264.0, 246.5, 159.5, 120.5)"
"(0, 0, 0, 0, 0, 0, 0, 0, 0, 0, 0, 0)","(141, 186, 206, 246, 274, 373, 355, 313, 278, 269, 157, 180, 2978)","(146, 169, 230, 225, 201, 353, 315, 265, 284, 262, 165, 150, 2765)","(0, 0, 0, 0, 0, 0, 0, 0, 0, 0, 0, 0)","(143.5, 177.5, 218.0, 235.5, 237.5, 363.0, 335.0, 289.0, 281.0, 265.5, 161.0, 165.0)"
"(0, 0, 0, 0, 0, 0, 0, 0, 0, 0, 0, 0)","(217, 229, 292, 304, 263, 327, 391, 305, 287, 140, 109, 140, 3004)","(146, 159, 237, 170, 181, 261, 329, 228, 274, 133, 191, 162, 2471)","(0, 0, 0, 0, 0, 0, 0, 0, 0, 0, 0, 0)","(181.5, 194.0, 264.5, 237.0, 222.0, 294.0, 360.0, 266.5, 280.5, 136.5, 150.0, 151.0)"
"(0, 0, 0, 0, 0, 0, 0, 0, 0, 0, 0, 0)","(153, 191, 209, 249, 382, 327, 334, 371, 298, 253, 179, 169, 3115)","(188, 148, 134, 199, 344, 280, 261, 326, 269, 257, 152, 148, 2706)","(0, 0, 0, 0, 0, 0, 0, 0, 0, 0, 0, 0)","(170.5, 169.5, 171.5, 224.0, 363.0, 303.5, 297.5, 348.5, 283.5, 255.0, 165.5, 158.5)"
"(0, 0, 0, 0, 0, 0, 0, 0, 0, 0, 0, 0)","(162, 205, 228, 271, 264, 372, 420, 337, 245, 178, 134, 109, 2925)","(139, 186, 223, 243, 242, 317, 375, 336, 221, 200, 108, 153, 2743)","(0, 0, 0, 0, 0, 0, 0, 0, 0, 0, 0, 0)","(150.5, 195.5, 225.5, 257.0, 253.0, 344.5, 397.5, 336.5, 233.0, 189.0, 121.0, 131.0)"
"(0, 0, 0, 0, 0, 0, 0, 0, 0, 0, 0, 0)","(130, 172, 212, 251, 326, 302, 394, 327, 280, 262, 196, 164, 3016)","(120, 167, 207, 230, 262, 280, 317, 332, 300, 259, 167, 114, 2755)","(0, 0, 0, 0, 0, 0, 0, 0, 0, 0, 0, 0)","(125.0, 169.5, 209.5, 240.5, 294.0, 291.0, 355.5, 329.5, 290.0, 260.5, 181.5, 139.0)"
"(0, 0, 0, 0, 0, 0, 0, 0, 0, 0, 0, 0)","(218, 231, 227, 278, 285, 386, 385, 380, 253, 235, 174, 131, 3183)","(200, 163, 215, 242, 225, 457, 249, 311, 174, 195, 167, 161, 2759)","(0, 0, 0, 0, 0, 0, 0, 0, 0, 0, 0, 0)","(209.0, 197.0, 221.0, 260.0, 255.0, 421.5, 317.0, 345.5, 213.5, 215.0, 170.5, 146.0)"
"(0, 0, 0, 0, 0, 0, 0, 0, 0, 0, 0, 0)","(151, 131, 157, 266, 207, 269, 309, 348, 266, 234, 148, 139, 2625)","(170, 156, 249, 260, 184, 221, 294, 331, 234, 254, 177, 152, 2682)","(0, 0, 0, 0, 0, 0, 0, 0, 0, 0, 0, 0)","(160.5, 143.5, 203.0, 263.0, 195.5, 245.0, 301.5, 339.5, 250.0, 244.0, 162.5, 145.5)"
"(0, 0, 0, 0, 0, 0, 0, 0, 0, 0, 0, 0)","(123, 123, 229, 205, 279, 305, 327, 330, 207, 225, 187, 144, 2684)","(143, 130, 239, 213, 267, 291, 341, 314, 250, 259, 194, 134, 2775)","(0, 0, 0, 0, 0, 0, 0, 0, 0, 0, 0, 0)","(133.0, 126.5, 234.0, 209.0, 273.0, 298.0, 334.0, 322.0, 228.5, 242.0, 190.5, 139.0)"
"(0, 0, 0, 0, 0, 0, 0, 0, 0, 0, 0, 0)","(176, 164, 233, 200, 320, 339, 375, 309, 254, 281, 197, 127, 2974)","(183, 195, 257, 234, 256, 267, 342, 341, 300, 286, 176, 139, 2976)","(0, 0, 0, 0, 0, 0, 0, 0, 0, 0, 0, 0)","(179.5, 179.5, 245.0, 217.0, 288.0, 303.0, 358.5, 325.0, 277.0, 283.5, 186.5, 133.0)"
"(0, 0, 0, 0, 0, 0, 0, 0, 0, 0, 0, 0)","(148, 200, 200, 175, 278, 252, 321, 289, 129, 276, 206, 155, 2629)","(164, 208, 242, 219, 229, 198, 296, 284, 174, 277, 156, 150, 2596)","(0, 0, 0, 0, 0, 0, 0, 0, 0, 0, 0, 0)","(156.0, 204.0, 221.0, 197.0, 253.5, 225.0, 308.5, 286.5, 151.5, 276.5, 181.0, 152.5)"
"(0, 0, 0, 0, 0, 0, 0, 0, 0, 0, 0, 0)","(198, 196, 257, 219, 355, 365, 382, 322, 279, 228, 171, 160, 3130)","(129, 150, 259, 194, 318, 291, 325, 275, 262, 231, 149, 148, 2733)","(0, 0, 0, 0, 0, 0, 0, 0, 0, 0, 0, 0)","(163.5, 173.0, 258.0, 206.5, 336.5, 328.0, 353.5, 298.5, 270.5, 229.5, 160.0, 154.0)"
"(0, 0, 0, 0, 0, 0, 0, 0, 0, 0, 0, 0)","(145, 207, 277, 274, 279, 250, 385, 356, 251, 209, 189, 151, 2973)","(137, 198, 206, 218, 233, 234, 355, 334, 242, 233, 172, 129, 2690)","(0, 0, 0, 0, 0, 0, 0, 0, 0, 0, 0, 0)","(141.0, 202.5, 241.5, 246.0, 256.0, 242.0, 370.0, 345.0, 246.5, 221.0, 180.5, 140.0)"
"(0, 0, 0, 0, 0, 0, 0, 0, 0, 0, 0, 0)","(178, 195, 266, 267, 265, 280, 363, 304, 244, 204, 153, 130, 2849)","(169, 191, 249, 235, 245, 265, 333, 278, 256, 209, 123, 91, 2642)","(0, 0, 0, 0, 0, 0, 0, 0, 0, 0, 0, 0)","(173.5, 193.0, 257.5, 251.0, 255.0, 272.5, 348.0, 291.0, 250.0, 206.5, 138.0, 110.5)"
"(0, 0, 0, 0, 0, 0, 0, 0, 0, 0, 0, 0)","(107, 112, 277, 257, 299, 282, 331, 351, 287, 135, 158, 151, 2747)","(107, 107, 230, 244, 313, 230, 344, 361, 307, 149, 158, 148, 2697)","(0, 0, 0, 0, 0, 0, 0, 0, 0, 0, 0, 0)","(107.0, 109.5, 253.5, 250.5, 306.0, 256.0, 337.5, 356.0, 297.0, 142.0, 158.0, 149.5)"
"(0, 0, 0, 0, 0, 0, 0, 0, 0, 0, 0, 0)","(195, 212, 243, 233, 294, 375, 373, 320, 240, 203, 111, 184, 2985)","(145, 188, 192, 253, 268, 375, 379, 364, 269, 217, 105, 190, 2944)","(0, 0, 0, 0, 0, 0, 0, 0, 0, 0, 0, 0)","(170.0, 200.0, 217.5, 243.0, 281.0, 375.0, 376.0, 342.0, 254.5, 210.0, 108.0, 187.0)"
"(0, 0, 0, 0, 0, 0, 0, 0, 0, 0, 0, 0)","(165, 200, 217, 298, 339, 360, 381, 385, 263, 184, 153, 106, 3052)","(141, 166, 206, 222, 292, 314, 358, 357, 231, 190, 185, 193, 2855)","(0, 0, 0, 0, 0, 0, 0, 0, 0, 0, 0, 0)","(153.0, 183.0, 211.5, 260.0, 315.5, 337.0, 369.5, 371.0, 247.0, 187.0, 169.0, 149.5)"
"(0, 0, 0, 0, 0, 0, 0, 0, 0, 0, 0, 0)","(224, 243, 209, 235, 229, 315, 310, 295, 254, 169, 72, 105, 2659)","(125, 172, 255, 168, 218, 197, 283, 332, 268, 182, 126, 151, 2475)","(0, 0, 0, 0, 0, 0, 0, 0, 0, 0, 0, 0)","(174.5, 207.5, 232.0, 201.5, 223.5, 256.0, 296.5, 313.5, 261.0, 175.5, 99.0, 128.0)"
"(0, 0, 0, 0, 0, 0, 0, 0, 0, 0, 0, 0)","(190, 152, 144, 240, 342, 347, 338, 301, 159, 188, 88, 111, 2600)","(217, 205, 219, 222, 298, 317, 304, 281, 200, 255, 107, 117, 2741)","(0, 0, 0, 0, 0, 0, 0, 0, 0, 0, 0, 0)","(203.5, 178.5, 181.5, 231.0, 320.0, 332.0, 321.0, 291.0, 179.5, 221.5, 97.5, 114.0)"
"(0, 0, 0, 0, 0, 0, 0, 0, 0, 0, 0, 0)","(197, 164, 224, 230, 220, 373, 320, 302, 325, 230, 161, 156, 2904)","(146, 203, 257, 227, 251, 314, 340, 344, 306, 277, 233, 208, 3105)","(0, 0, 0, 0, 0, 0, 0, 0, 0, 0, 0, 0)","(171.5, 183.5, 240.5, 228.5, 235.5, 343.5, 330.0, 323.0, 315.5, 253.5, 197.0, 182.0)"
"(0, 0, 0, 0, 0, 0, 0, 0, 0, 0, 0, 0)","(156, 142, 212, 97, 318, 282, 415, 329, 282, 237, 165, 107, 2741)","(162, 198, 201, 221, 258, 360, 419, 361, 340, 236, 207, 145, 3107)","(0, 0, 0, 0, 0, 0, 0, 0, 0, 0, 0, 0)","(159.0, 170.0, 206.5, 159.0, 288.0, 321.0, 417.0, 345.0, 311.0, 236.5, 186.0, 126.0)"
"(0, 0, 0, 0, 0, 0, 0, 0, 0, 0, 0, 0)","(200, 187, 237, 256, 349, 363, 397, 355, 300, 252, 192, 157, 3245)","(182, 213, 224, 213, 283, 322, 353, 332, 278, 240, 188, 157, 2984)","(0, 0, 0, 0, 0, 0, 0, 0, 0, 0, 0, 0)","(191.0, 200.0, 230.5, 234.5, 316.0, 342.5, 375.0, 343.5, 289.0, 246.0, 190.0, 157.0)"
"(0, 0, 0, 0, 0, 0, 0, 0, 0, 0, 0, 0)","(199, 205, 229, 311, 368, 355, 359, 311, 215, 194, 141, 99, 2984)","(179, 200, 222, 297, 305, 348, 346, 339, 289, 237, 151, 137, 3049)","(0, 0, 0, 0, 0, 0, 0, 0, 0, 0, 0, 0)","(189.0, 202.5, 225.5, 304.0, 336.5, 351.5, 352.5, 325.0, 252.0, 215.5, 146.0, 118.0)"
"(0, 0, 0, 0, 0, 0, 0, 0, 0, 0, 0, 0)","(209, 202, 243, 161, 327, 381, 383, 371, 314, 242, 114, 160, 3106)","(162, 120, 280, 244, 263, 334, 324, 312, 294, 265, 110, 195, 2901)","(0, 0, 0, 0, 0, 0, 0, 0, 0, 0, 0, 0)","(185.5, 161.0, 261.5, 202.5, 295.0, 357.5, 353.5, 341.5, 304.0, 253.5, 112.0, 177.5)"
"(0, 0, 0, 0, 0, 0, 0, 0, 0, 0, 0, 0)","(175, 141, 198, 230, 324, 329, 292, 253, 323, 174, 201, 190, 2830)","(239, 208, 223, 205, 216, 307, 323, 284, 324, 201, 147, 155, 2832)","(0, 0, 0, 0, 0, 0, 0, 0, 0, 0, 0, 0)","(207.0, 174.5, 210.5, 217.5, 270.0, 318.0, 307.5, 268.5, 323.5, 187.5, 174.0, 172.5)"
"(0, 0, 0, 0, 0, 0, 0, 0, 0, 0, 0, 0)","(162, 194, 274, 333, 355, 310, 362, 247, 278, 238, 192, 116, 3060)","(154, 167, 222, 261, 260, 319, 351, 267, 240, 220, 120, 104, 2686)","(0, 0, 0, 0, 0, 0, 0, 0, 0, 0, 0, 0)","(158.0, 180.5, 248.0, 297.0, 307.5, 314.5, 356.5, 257.0, 259.0, 229.0, 156.0, 110.0)"
"(0, 0, 0, 0, 0, 0, 0, 0, 0, 0, 0, 0)","(177, 183, 278, 294, 309, 358, 358, 337, 307, 213, 170, 171, 3157)","(180, 163, 310, 318, 292, 372, 317, 331, 300, 207, 176, 119, 3085)","(0, 0, 0, 0, 0, 0, 0, 0, 0, 0, 0, 0)","(178.5, 173.0, 294.0, 306.0, 300.5, 365.0, 337.5, 334.0, 303.5, 210.0, 173.0, 145.0)"
"(0, 0, 0, 0, 0, 0, 0, 0, 0, 0, 0, 0)","(190, 233, 232, 264, 189, 281, 346, 295, 232, 139, 123, -99, -99)","(118, 178, 213, 231, 244, 287, 351, 322, 239, 190, 158, 130, 2662)","(0, 0, 0, 0, 0, 0, 0, 0, 0, 0, 0, 0)","(154.0, 205.5, 222.5, 247.5, 216.5, 284.0, 348.5, 308.5, 235.5, 164.5, 140.5, 130.0)"
"(0, 0, 0, 0, 0, 0, 0, 0, 0, 0, 0, 0)","(-99, 89, 128, 187, 287, 243, 355, 358, 232, 138, 49, 110, -99)","(130, 160, 156, 216, 314, 301, 350, 348, 276, 185, 128, 178, 2742)","(0, 0, 0, 0, 0, 0, 0, 0, 0, 0, 0, 0)","(130.0, 124.5, 142.0, 201.5, 300.5, 272.0, 352.5, 353.0, 254.0, 161.5, 88.5, 144.0)"
"(0, 0, 0, 0, 0, 0, 0, 0, 0, 0, 0, 0)","(147, 136, 167, 196, 315, 313, 366, 349, 254, 155, 154, 117, 2669)","(177, 202, 236, 273, 309, 335, 347, 353, 258, 204, 167, 148, 3010)","(0, 0, 0, 0, 0, 0, 0, 0, 0, 0, 0, 0)","(162.0, 169.0, 201.5, 234.5, 312.0, 324.0, 356.5, 351.0, 256.0, 179.5, 160.5, 132.5)"
"(0, 0, 0, 0, 0, 0, 0, 0, 0, 0, 0, 0)","(213, 213, 273, 294, 335, 338, 361, 303, 176, 218, 109, 168, 3001)","(161, 175, 247, 298, 338, 310, 332, 311, 206, 231, 89, 132, 2830)","(0, 0, 0, 0, 0, 0, 0, 0, 0, 0, 0, 0)","(187.0, 194.0, 260.0, 296.0, 336.5, 324.0, 346.5, 307.0, 191.0, 224.5, 99.0, 150.0)"
"(0, 0, 0, 0, 0, 0, 0, 0, 0, 0, 0, 0)","(192, 184, 222, 246, 367, 371, 390, 364, 218, 208, 161, 190, 3113)","(132, 120, 203, 234, 347, 337, 355, 350, 172, 197, 153, 213, 2813)","(0, 0, 0, 0, 0, 0, 0, 0, 0, 0, 0, 0)","(162.0, 152.0, 212.5, 240.0, 357.0, 354.0, 372.5, 357.0, 195.0, 202.5, 157.0, 201.5)"
"(0, 0, 0, 0, 0, 0, 0, 0, 0, 0, 0, 0)","(169, 169, 225, 355, 344, 412, 404, 351, 327, 269, 170, 154, 3349)","(225, 178, 233, 351, 237, 361, 351, 320, 312, 242, 168, 141, 3119)","(0, 0, 0, 0, 0, 0, 0, 0, 0, 0, 0, 0)","(197.0, 173.5, 229.0, 353.0, 290.5, 386.5, 377.5, 335.5, 319.5, 255.5, 169.0, 147.5)"
