,AR,CA,IA,IL,LA,MN,ND,NE,SD,sunlight_svm,ID
12,1,0,0,0,0,0,0,0,0,162.10137939453125,2023-01
13,1,0,0,0,0,0,0,0,0,176.3875732421875,2023-02
14,1,0,0,0,0,0,0,0,0,216.07196044921875,2023-03
15,1,0,0,0,0,0,0,0,0,247.41148376464844,2023-04
16,1,0,0,0,0,0,0,0,0,292.6685791015625,2023-05
17,1,0,0,0,0,0,0,0,0,325.00299072265625,2023-06
18,1,0,0,0,0,0,0,0,0,338.95770263671875,2023-07
19,1,0,0,0,0,0,0,0,0,300.3031005859375,2023-08
20,1,0,0,0,0,0,0,0,0,257.30999755859375,2023-09
21,1,0,0,0,0,0,0,0,0,235.70352172851562,2023-10
22,1,0,0,0,0,0,0,0,0,174.14532470703125,2023-11
23,1,0,0,0,0,0,0,0,0,150.23101806640625,2023-12
24,1,0,0,0,0,0,0,0,0,161.93560791015625,2024-01
25,1,0,0,0,0,0,0,0,0,176.99154663085938,2024-02
26,1,0,0,0,0,0,0,0,0,215.82913208007812,2024-03
27,1,0,0,0,0,0,0,0,0,247.137939453125,2024-04
28,1,0,0,0,0,0,0,0,0,292.42718505859375,2024-05
29,1,0,0,0,0,0,0,0,0,324.87030029296875,2024-06
30,1,0,0,0,0,0,0,0,0,338.655517578125,2024-07
31,1,0,0,0,0,0,0,0,0,300.12542724609375,2024-08
32,1,0,0,0,0,0,0,0,0,257.2113342285156,2024-09
33,1,0,0,0,0,0,0,0,0,235.58767700195312,2024-10
34,1,0,0,0,0,0,0,0,0,174.04525756835938,2024-11
35,1,0,0,0,0,0,0,0,0,150.10289001464844,2024-12
36,1,0,0,0,0,0,0,0,0,161.7773895263672,2025-01
37,1,0,0,0,0,0,0,0,0,177.6219482421875,2025-02
38,1,0,0,0,0,0,0,0,0,215.58444213867188,2025-03
39,1,0,0,0,0,0,0,0,0,246.8518829345703,2025-04
40,1,0,0,0,0,0,0,0,0,292.1766052246094,2025-05
41,1,0,0,0,0,0,0,0,0,324.7353210449219,2025-06
42,1,0,0,0,0,0,0,0,0,338.3675537109375,2025-07
43,1,0,0,0,0,0,0,0,0,299.94390869140625,2025-08
44,1,0,0,0,0,0,0,0,0,257.10870361328125,2025-09
45,1,0,0,0,0,0,0,0,0,235.46939086914062,2025-10
46,1,0,0,0,0,0,0,0,0,173.9401092529297,2025-11
47,1,0,0,0,0,0,0,0,0,149.97311401367188,2025-12
48,1,0,0,0,0,0,0,0,0,161.62513732910156,2026-01
49,1,0,0,0,0,0,0,0,0,178.27520751953125,2026-02
50,1,0,0,0,0,0,0,0,0,215.3383026123047,2026-03
51,1,0,0,0,0,0,0,0,0,246.553466796875,2026-04
52,1,0,0,0,0,0,0,0,0,291.91741943359375,2026-05
53,1,0,0,0,0,0,0,0,0,324.59747314453125,2026-06
54,1,0,0,0,0,0,0,0,0,338.0946960449219,2026-07
55,1,0,0,0,0,0,0,0,0,299.7586669921875,2026-08
56,1,0,0,0,0,0,0,0,0,257.0020446777344,2026-09
57,1,0,0,0,0,0,0,0,0,235.3487548828125,2026-10
58,1,0,0,0,0,0,0,0,0,173.829833984375,2026-11
59,1,0,0,0,0,0,0,0,0,149.84165954589844,2026-12
60,1,0,0,0,0,0,0,0,0,161.47738647460938,2027-01
61,1,0,0,0,0,0,0,0,0,178.9467010498047,2027-02
62,1,0,0,0,0,0,0,0,0,215.0911865234375,2027-03
63,1,0,0,0,0,0,0,0,0,246.24278259277344,2027-04
64,1,0,0,0,0,0,0,0,0,291.65020751953125,2027-05
65,1,0,0,0,0,0,0,0,0,324.4562072753906,2027-06
66,1,0,0,0,0,0,0,0,0,337.83795166015625,2027-07
67,1,0,0,0,0,0,0,0,0,299.56964111328125,2027-08
68,1,0,0,0,0,0,0,0,0,256.891357421875,2027-09
69,1,0,0,0,0,0,0,0,0,235.2257080078125,2027-10
70,1,0,0,0,0,0,0,0,0,173.7142333984375,2027-11
71,1,0,0,0,0,0,0,0,0,149.70858764648438,2027-12
72,1,0,0,0,0,0,0,0,0,161.33270263671875,2028-01
73,1,0,0,0,0,0,0,0,0,179.63082885742188,2028-02
74,1,0,0,0,0,0,0,0,0,214.84368896484375,2028-03
75,1,0,0,0,0,0,0,0,0,245.9200439453125,2028-04
76,1,0,0,0,0,0,0,0,0,291.37567138671875,2028-05
77,1,0,0,0,0,0,0,0,0,324.3109130859375,2028-06
78,1,0,0,0,0,0,0,0,0,337.59759521484375,2028-07
79,1,0,0,0,0,0,0,0,0,299.377197265625,2028-08
80,1,0,0,0,0,0,0,0,0,256.7767333984375,2028-09
81,1,0,0,0,0,0,0,0,0,235.10028076171875,2028-10
82,1,0,0,0,0,0,0,0,0,173.59298706054688,2028-11
83,1,0,0,0,0,0,0,0,0,149.57386779785156,2028-12
84,1,0,0,0,0,0,0,0,0,161.18975830078125,2029-01
85,1,0,0,0,0,0,0,0,0,180.32101440429688,2029-02
86,1,0,0,0,0,0,0,0,0,214.59619140625,2029-03
87,1,0,0,0,0,0,0,0,0,245.58546447753906,2029-04
88,1,0,0,0,0,0,0,0,0,291.0946044921875,2029-05
89,1,0,0,0,0,0,0,0,0,324.16107177734375,2029-06
90,1,0,0,0,0,0,0,0,0,337.373779296875,2029-07
91,1,0,0,0,0,0,0,0,0,299.1812438964844,2029-08
92,1,0,0,0,0,0,0,0,0,256.6580505371094,2029-09
93,1,0,0,0,0,0,0,0,0,234.97230529785156,2029-10
94,1,0,0,0,0,0,0,0,0,173.46600341796875,2029-11
95,1,0,0,0,0,0,0,0,0,149.43768310546875,2029-12
96,1,0,0,0,0,0,0,0,0,161.0474853515625,2030-01
97,1,0,0,0,0,0,0,0,0,181.010009765625,2030-02
98,1,0,0,0,0,0,0,0,0,214.34933471679688,2030-03
99,1,0,0,0,0,0,0,0,0,245.23928833007812,2030-04
100,1,0,0,0,0,0,0,0,0,290.807861328125,2030-05
101,1,0,0,0,0,0,0,0,0,324.006103515625,2030-06
102,1,0,0,0,0,0,0,0,0,337.16656494140625,2030-07
103,1,0,0,0,0,0,0,0,0,298.9820556640625,2030-08
104,1,0,0,0,0,0,0,0,0,256.535400390625,2030-09
105,1,0,0,0,0,0,0,0,0,234.8419189453125,2030-10
106,1,0,0,0,0,0,0,0,0,173.33311462402344,2030-11
107,1,0,0,0,0,0,0,0,0,149.30001831054688,2030-12
108,1,0,0,0,0,0,0,0,0,160.90478515625,2031-01
109,1,0,0,0,0,0,0,0,0,181.68984985351562,2031-02
110,1,0,0,0,0,0,0,0,0,214.1035614013672,2031-03
111,1,0,0,0,0,0,0,0,0,244.8818359375,2031-04
112,1,0,0,0,0,0,0,0,0,290.5165710449219,2031-05
113,1,0,0,0,0,0,0,0,0,323.84552001953125,2031-06
114,1,0,0,0,0,0,0,0,0,336.9754638671875,2031-07
115,1,0,0,0,0,0,0,0,0,298.77984619140625,2031-08
116,1,0,0,0,0,0,0,0,0,256.4086608886719,2031-09
117,1,0,0,0,0,0,0,0,0,234.70895385742188,2031-10
118,1,0,0,0,0,0,0,0,0,173.19398498535156,2031-11
119,1,0,0,0,0,0,0,0,0,149.1609649658203,2031-12
120,1,0,0,0,0,0,0,0,0,160.76092529296875,2032-01
121,1,0,0,0,0,0,0,0,0,182.352294921875,2032-02
122,1,0,0,0,0,0,0,0,0,213.8594512939453,2032-03
123,1,0,0,0,0,0,0,0,0,244.513427734375,2032-04
124,1,0,0,0,0,0,0,0,0,290.2218017578125,2032-05
125,1,0,0,0,0,0,0,0,0,323.6789245605469,2032-06
126,1,0,0,0,0,0,0,0,0,336.8002014160156,2032-07
127,1,0,0,0,0,0,0,0,0,298.5746765136719,2032-08
128,1,0,0,0,0,0,0,0,0,256.2779541015625,2032-09
129,1,0,0,0,0,0,0,0,0,234.57342529296875,2032-10
130,1,0,0,0,0,0,0,0,0,173.0485076904297,2032-11
131,1,0,0,0,0,0,0,0,0,149.02047729492188,2032-12
144,0,1,0,0,0,0,0,0,0,158.63748168945312,2023-01
145,0,1,0,0,0,0,0,0,0,195.16156005859375,2023-02
146,0,1,0,0,0,0,0,0,0,244.23898315429688,2023-03
147,0,1,0,0,0,0,0,0,0,294.283447265625,2023-04
148,0,1,0,0,0,0,0,0,0,329.0428466796875,2023-05
149,0,1,0,0,0,0,0,0,0,340.4173583984375,2023-06
150,0,1,0,0,0,0,0,0,0,345.5411071777344,2023-07
151,0,1,0,0,0,0,0,0,0,327.9704284667969,2023-08
152,0,1,0,0,0,0,0,0,0,288.4742431640625,2023-09
153,0,1,0,0,0,0,0,0,0,259.1884765625,2023-10
154,0,1,0,0,0,0,0,0,0,190.874267578125,2023-11
155,0,1,0,0,0,0,0,0,0,162.9839630126953,2023-12
156,0,1,0,0,0,0,0,0,0,158.443359375,2024-01
157,0,1,0,0,0,0,0,0,0,196.38363647460938,2024-02
158,0,1,0,0,0,0,0,0,0,243.91656494140625,2024-03
159,0,1,0,0,0,0,0,0,0,293.2110900878906,2024-04
160,0,1,0,0,0,0,0,0,0,328.923828125,2024-05
161,0,1,0,0,0,0,0,0,0,340.0859375,2024-06
162,0,1,0,0,0,0,0,0,0,345.256103515625,2024-07
163,0,1,0,0,0,0,0,0,0,327.5159912109375,2024-08
164,0,1,0,0,0,0,0,0,0,288.10321044921875,2024-09
165,0,1,0,0,0,0,0,0,0,259.20916748046875,2024-10
166,0,1,0,0,0,0,0,0,0,190.81956481933594,2024-11
167,0,1,0,0,0,0,0,0,0,163.35040283203125,2024-12
168,0,1,0,0,0,0,0,0,0,158.2486572265625,2025-01
169,0,1,0,0,0,0,0,0,0,197.49893188476562,2025-02
170,0,1,0,0,0,0,0,0,0,243.6007080078125,2025-03
171,0,1,0,0,0,0,0,0,0,292.1682434082031,2025-04
172,0,1,0,0,0,0,0,0,0,328.7850341796875,2025-05
173,0,1,0,0,0,0,0,0,0,339.72161865234375,2025-06
174,0,1,0,0,0,0,0,0,0,344.9534912109375,2025-07
175,0,1,0,0,0,0,0,0,0,327.0522766113281,2025-08
176,0,1,0,0,0,0,0,0,0,287.72332763671875,2025-09
177,0,1,0,0,0,0,0,0,0,259.2292785644531,2025-10
178,0,1,0,0,0,0,0,0,0,190.75897216796875,2025-11
179,0,1,0,0,0,0,0,0,0,163.759521484375,2025-12
180,0,1,0,0,0,0,0,0,0,158.05348205566406,2026-01
181,0,1,0,0,0,0,0,0,0,198.5009765625,2026-02
182,0,1,0,0,0,0,0,0,0,243.29254150390625,2026-03
183,0,1,0,0,0,0,0,0,0,291.16717529296875,2026-04
184,0,1,0,0,0,0,0,0,0,328.6186218261719,2026-05
185,0,1,0,0,0,0,0,0,0,339.3246765136719,2026-06
186,0,1,0,0,0,0,0,0,0,344.632568359375,2026-07
187,0,1,0,0,0,0,0,0,0,326.5794982910156,2026-08
188,0,1,0,0,0,0,0,0,0,287.3382873535156,2026-09
189,0,1,0,0,0,0,0,0,0,259.24871826171875,2026-10
190,0,1,0,0,0,0,0,0,0,190.69247436523438,2026-11
191,0,1,0,0,0,0,0,0,0,164.2149658203125,2026-12
192,0,1,0,0,0,0,0,0,0,157.8579559326172,2027-01
193,0,1,0,0,0,0,0,0,0,199.39071655273438,2027-02
194,0,1,0,0,0,0,0,0,0,242.9933319091797,2027-03
195,0,1,0,0,0,0,0,0,0,290.21856689453125,2027-04
196,0,1,0,0,0,0,0,0,0,328.4172668457031,2027-05
197,0,1,0,0,0,0,0,0,0,338.89599609375,2027-06
198,0,1,0,0,0,0,0,0,0,344.2928466796875,2027-07
199,0,1,0,0,0,0,0,0,0,326.0981140136719,2027-08
200,0,1,0,0,0,0,0,0,0,286.9522705078125,2027-09
201,0,1,0,0,0,0,0,0,0,259.267578125,2027-10
202,0,1,0,0,0,0,0,0,0,190.62005615234375,2027-11
203,0,1,0,0,0,0,0,0,0,164.7196044921875,2027-12
204,0,1,0,0,0,0,0,0,0,157.66209411621094,2028-01
205,0,1,0,0,0,0,0,0,0,200.17449951171875,2028-02
206,0,1,0,0,0,0,0,0,0,242.70449829101562,2028-03
207,0,1,0,0,0,0,0,0,0,289.33160400390625,2028-04
208,0,1,0,0,0,0,0,0,0,328.17474365234375,2028-05
209,0,1,0,0,0,0,0,0,0,338.4367980957031,2028-06
210,0,1,0,0,0,0,0,0,0,343.9338684082031,2028-07
211,0,1,0,0,0,0,0,0,0,325.60882568359375,2028-08
212,0,1,0,0,0,0,0,0,0,286.56939697265625,2028-09
213,0,1,0,0,0,0,0,0,0,259.2858581542969,2028-10
214,0,1,0,0,0,0,0,0,0,190.54171752929688,2028-11
215,0,1,0,0,0,0,0,0,0,165.27685546875,2028-12
216,0,1,0,0,0,0,0,0,0,157.4659881591797,2029-01
217,0,1,0,0,0,0,0,0,0,200.86241149902344,2029-02
218,0,1,0,0,0,0,0,0,0,242.42782592773438,2029-03
219,0,1,0,0,0,0,0,0,0,288.5142517089844,2029-04
220,0,1,0,0,0,0,0,0,0,327.8863525390625,2029-05
221,0,1,0,0,0,0,0,0,0,337.94866943359375,2029-06
222,0,1,0,0,0,0,0,0,0,343.5550537109375,2029-07
223,0,1,0,0,0,0,0,0,0,325.112548828125,2029-08
224,0,1,0,0,0,0,0,0,0,286.193359375,2029-09
225,0,1,0,0,0,0,0,0,0,259.3035583496094,2029-10
226,0,1,0,0,0,0,0,0,0,190.45750427246094,2029-11
227,0,1,0,0,0,0,0,0,0,165.88954162597656,2029-12
228,0,1,0,0,0,0,0,0,0,157.269775390625,2030-01
229,0,1,0,0,0,0,0,0,0,201.46615600585938,2030-02
230,0,1,0,0,0,0,0,0,0,242.16543579101562,2030-03
231,0,1,0,0,0,0,0,0,0,287.77459716796875,2030-04
232,0,1,0,0,0,0,0,0,0,327.5492858886719,2030-05
233,0,1,0,0,0,0,0,0,0,337.4337158203125,2030-06
234,0,1,0,0,0,0,0,0,0,343.15618896484375,2030-07
235,0,1,0,0,0,0,0,0,0,324.6105651855469,2030-08
236,0,1,0,0,0,0,0,0,0,285.8277587890625,2030-09
237,0,1,0,0,0,0,0,0,0,259.3206787109375,2030-10
238,0,1,0,0,0,0,0,0,0,190.3675079345703,2030-11
239,0,1,0,0,0,0,0,0,0,166.5605010986328,2030-12
240,0,1,0,0,0,0,0,0,0,157.07350158691406,2031-01
241,0,1,0,0,0,0,0,0,0,201.99777221679688,2031-02
242,0,1,0,0,0,0,0,0,0,241.91981506347656,2031-03
243,0,1,0,0,0,0,0,0,0,287.1212158203125,2031-04
244,0,1,0,0,0,0,0,0,0,327.16278076171875,2031-05
245,0,1,0,0,0,0,0,0,0,336.89434814453125,2031-06
246,0,1,0,0,0,0,0,0,0,342.737060546875,2031-07
247,0,1,0,0,0,0,0,0,0,324.1041259765625,2031-08
248,0,1,0,0,0,0,0,0,0,285.475830078125,2031-09
249,0,1,0,0,0,0,0,0,0,259.3372802734375,2031-10
250,0,1,0,0,0,0,0,0,0,190.27195739746094,2031-11
251,0,1,0,0,0,0,0,0,0,167.29296875,2031-12
252,0,1,0,0,0,0,0,0,0,156.87725830078125,2032-01
253,0,1,0,0,0,0,0,0,0,202.4683837890625,2032-02
254,0,1,0,0,0,0,0,0,0,241.69400024414062,2032-03
255,0,1,0,0,0,0,0,0,0,286.56365966796875,2032-04
256,0,1,0,0,0,0,0,0,0,326.72821044921875,2032-05
257,0,1,0,0,0,0,0,0,0,336.3333740234375,2032-06
258,0,1,0,0,0,0,0,0,0,342.2977600097656,2032-07
259,0,1,0,0,0,0,0,0,0,323.59478759765625,2032-08
260,0,1,0,0,0,0,0,0,0,285.1398620605469,2032-09
261,0,1,0,0,0,0,0,0,0,259.35333251953125,2032-10
262,0,1,0,0,0,0,0,0,0,190.17108154296875,2032-11
263,0,1,0,0,0,0,0,0,0,168.08950805664062,2032-12
276,0,0,1,0,0,0,0,0,0,147.1312713623047,2023-01
277,0,0,1,0,0,0,0,0,0,180.86553955078125,2023-02
278,0,0,1,0,0,0,0,0,0,204.71983337402344,2023-03
279,0,0,1,0,0,0,0,0,0,239.59327697753906,2023-04
280,0,0,1,0,0,0,0,0,0,283.48992919921875,2023-05
281,0,0,1,0,0,0,0,0,0,323.1609802246094,2023-06
282,0,0,1,0,0,0,0,0,0,344.9744873046875,2023-07
283,0,0,1,0,0,0,0,0,0,292.4989013671875,2023-08
284,0,0,1,0,0,0,0,0,0,234.68624877929688,2023-09
285,0,0,1,0,0,0,0,0,0,203.20391845703125,2023-10
286,0,0,1,0,0,0,0,0,0,142.57171630859375,2023-11
287,0,0,1,0,0,0,0,0,0,128.15452575683594,2023-12
288,0,0,1,0,0,0,0,0,0,146.77601623535156,2024-01
289,0,0,1,0,0,0,0,0,0,181.9360809326172,2024-02
290,0,0,1,0,0,0,0,0,0,204.64385986328125,2024-03
291,0,0,1,0,0,0,0,0,0,239.7174835205078,2024-04
292,0,0,1,0,0,0,0,0,0,283.4935302734375,2024-05
293,0,0,1,0,0,0,0,0,0,323.1953430175781,2024-06
294,0,0,1,0,0,0,0,0,0,344.630126953125,2024-07
295,0,0,1,0,0,0,0,0,0,292.34326171875,2024-08
296,0,0,1,0,0,0,0,0,0,234.41305541992188,2024-09
297,0,0,1,0,0,0,0,0,0,202.88131713867188,2024-10
298,0,0,1,0,0,0,0,0,0,142.610595703125,2024-11
299,0,0,1,0,0,0,0,0,0,127.97396850585938,2024-12
300,0,0,1,0,0,0,0,0,0,146.41384887695312,2025-01
301,0,0,1,0,0,0,0,0,0,182.91119384765625,2025-02
302,0,0,1,0,0,0,0,0,0,204.5708465576172,2025-03
303,0,0,1,0,0,0,0,0,0,239.83633422851562,2025-04
304,0,0,1,0,0,0,0,0,0,283.4967041015625,2025-05
305,0,0,1,0,0,0,0,0,0,323.23138427734375,2025-06
306,0,0,1,0,0,0,0,0,0,344.2691650390625,2025-07
307,0,0,1,0,0,0,0,0,0,292.18634033203125,2025-08
308,0,0,1,0,0,0,0,0,0,234.151123046875,2025-09
309,0,0,1,0,0,0,0,0,0,202.5525665283203,2025-10
310,0,0,1,0,0,0,0,0,0,142.64605712890625,2025-11
311,0,0,1,0,0,0,0,0,0,127.79121398925781,2025-12
312,0,0,1,0,0,0,0,0,0,146.04464721679688,2026-01
313,0,0,1,0,0,0,0,0,0,183.751708984375,2026-02
314,0,0,1,0,0,0,0,0,0,204.50091552734375,2026-03
315,0,0,1,0,0,0,0,0,0,239.94947814941406,2026-04
316,0,0,1,0,0,0,0,0,0,283.499755859375,2026-05
317,0,0,1,0,0,0,0,0,0,323.26995849609375,2026-06
318,0,0,1,0,0,0,0,0,0,343.891845703125,2026-07
319,0,0,1,0,0,0,0,0,0,292.0286560058594,2026-08
320,0,0,1,0,0,0,0,0,0,233.90032958984375,2026-09
321,0,0,1,0,0,0,0,0,0,202.21749877929688,2026-10
322,0,0,1,0,0,0,0,0,0,142.6780548095703,2026-11
323,0,0,1,0,0,0,0,0,0,127.6061782836914,2026-12
324,0,0,1,0,0,0,0,0,0,145.66830444335938,2027-01
325,0,0,1,0,0,0,0,0,0,184.42413330078125,2027-02
326,0,0,1,0,0,0,0,0,0,204.43417358398438,2027-03
327,0,0,1,0,0,0,0,0,0,240.056640625,2027-04
328,0,0,1,0,0,0,0,0,0,283.50286865234375,2027-05
329,0,0,1,0,0,0,0,0,0,323.31195068359375,2027-06
330,0,0,1,0,0,0,0,0,0,343.498291015625,2027-07
331,0,0,1,0,0,0,0,0,0,291.8700866699219,2027-08
332,0,0,1,0,0,0,0,0,0,233.66030883789062,2027-09
333,0,0,1,0,0,0,0,0,0,201.87600708007812,2027-10
334,0,0,1,0,0,0,0,0,0,142.70680236816406,2027-11
335,0,0,1,0,0,0,0,0,0,127.41870880126953,2027-12
336,0,0,1,0,0,0,0,0,0,145.28463745117188,2028-01
337,0,0,1,0,0,0,0,0,0,184.90362548828125,2028-02
338,0,0,1,0,0,0,0,0,0,204.3707275390625,2028-03
339,0,0,1,0,0,0,0,0,0,240.15750122070312,2028-04
340,0,0,1,0,0,0,0,0,0,283.5063171386719,2028-05
341,0,0,1,0,0,0,0,0,0,323.35858154296875,2028-06
342,0,0,1,0,0,0,0,0,0,343.0890808105469,2028-07
343,0,0,1,0,0,0,0,0,0,291.7108154296875,2028-08
344,0,0,1,0,0,0,0,0,0,233.43063354492188,2028-09
345,0,0,1,0,0,0,0,0,0,201.5279541015625,2028-10
346,0,0,1,0,0,0,0,0,0,142.73228454589844,2028-11
347,0,0,1,0,0,0,0,0,0,127.22846221923828,2028-12
348,0,0,1,0,0,0,0,0,0,144.89369201660156,2029-01
349,0,0,1,0,0,0,0,0,0,185.17507934570312,2029-02
350,0,0,1,0,0,0,0,0,0,204.3107452392578,2029-03
351,0,0,1,0,0,0,0,0,0,240.2518310546875,2029-04
352,0,0,1,0,0,0,0,0,0,283.5103759765625,2029-05
353,0,0,1,0,0,0,0,0,0,323.4112243652344,2029-06
354,0,0,1,0,0,0,0,0,0,342.6645202636719,2029-07
355,0,0,1,0,0,0,0,0,0,291.55108642578125,2029-08
356,0,0,1,0,0,0,0,0,0,233.2108154296875,2029-09
357,0,0,1,0,0,0,0,0,0,201.17324829101562,2029-10
358,0,0,1,0,0,0,0,0,0,142.7547149658203,2029-11
359,0,0,1,0,0,0,0,0,0,127.03526306152344,2029-12
360,0,0,1,0,0,0,0,0,0,144.49510192871094,2030-01
361,0,0,1,0,0,0,0,0,0,185.23297119140625,2030-02
362,0,0,1,0,0,0,0,0,0,204.2542724609375,2030-03
363,0,0,1,0,0,0,0,0,0,240.3394012451172,2030-04
364,0,0,1,0,0,0,0,0,0,283.515380859375,2030-05
365,0,0,1,0,0,0,0,0,0,323.47149658203125,2030-06
366,0,0,1,0,0,0,0,0,0,342.22540283203125,2030-07
367,0,0,1,0,0,0,0,0,0,291.390869140625,2030-08
368,0,0,1,0,0,0,0,0,0,233.00039672851562,2030-09
369,0,0,1,0,0,0,0,0,0,200.81173706054688,2030-10
370,0,0,1,0,0,0,0,0,0,142.77401733398438,2030-11
371,0,0,1,0,0,0,0,0,0,126.83894348144531,2030-12
372,0,0,1,0,0,0,0,0,0,144.08876037597656,2031-01
373,0,0,1,0,0,0,0,0,0,185.080078125,2031-02
374,0,0,1,0,0,0,0,0,0,204.20150756835938,2031-03
375,0,0,1,0,0,0,0,0,0,240.42013549804688,2031-04
376,0,0,1,0,0,0,0,0,0,283.521728515625,2031-05
377,0,0,1,0,0,0,0,0,0,323.541259765625,2031-06
378,0,0,1,0,0,0,0,0,0,341.77227783203125,2031-07
379,0,0,1,0,0,0,0,0,0,291.23052978515625,2031-08
380,0,0,1,0,0,0,0,0,0,232.7987060546875,2031-09
381,0,0,1,0,0,0,0,0,0,200.443359375,2031-10
382,0,0,1,0,0,0,0,0,0,142.79046630859375,2031-11
383,0,0,1,0,0,0,0,0,0,126.63909149169922,2031-12
384,0,0,1,0,0,0,0,0,0,143.67459106445312,2032-01
385,0,0,1,0,0,0,0,0,0,184.7251434326172,2032-02
386,0,0,1,0,0,0,0,0,0,204.15252685546875,2032-03
387,0,0,1,0,0,0,0,0,0,240.49388122558594,2032-04
388,0,0,1,0,0,0,0,0,0,283.52978515625,2032-05
389,0,0,1,0,0,0,0,0,0,323.6225891113281,2032-06
390,0,0,1,0,0,0,0,0,0,341.3057861328125,2032-07
391,0,0,1,0,0,0,0,0,0,291.0700378417969,2032-08
392,0,0,1,0,0,0,0,0,0,232.6050262451172,2032-09
393,0,0,1,0,0,0,0,0,0,200.06802368164062,2032-10
394,0,0,1,0,0,0,0,0,0,142.80401611328125,2032-11
395,0,0,1,0,0,0,0,0,0,126.43563079833984,2032-12
408,0,0,0,1,0,0,0,0,0,134.86224365234375,2023-01
409,0,0,0,1,0,0,0,0,0,154.86744689941406,2023-02
410,0,0,0,1,0,0,0,0,0,203.08038330078125,2023-03
411,0,0,0,1,0,0,0,0,0,224.09976196289062,2023-04
412,0,0,0,1,0,0,0,0,0,272.3166198730469,2023-05
413,0,0,0,1,0,0,0,0,0,314.67724609375,2023-06
414,0,0,0,1,0,0,0,0,0,318.5638122558594,2023-07
415,0,0,0,1,0,0,0,0,0,291.47247314453125,2023-08
416,0,0,0,1,0,0,0,0,0,235.2593231201172,2023-09
417,0,0,0,1,0,0,0,0,0,208.6111297607422,2023-10
418,0,0,0,1,0,0,0,0,0,137.37005615234375,2023-11
419,0,0,0,1,0,0,0,0,0,115.60258483886719,2023-12
420,0,0,0,1,0,0,0,0,0,135.03350830078125,2024-01
421,0,0,0,1,0,0,0,0,0,155.00448608398438,2024-02
422,0,0,0,1,0,0,0,0,0,203.20777893066406,2024-03
423,0,0,0,1,0,0,0,0,0,224.3131866455078,2024-04
424,0,0,0,1,0,0,0,0,0,272.266357421875,2024-05
425,0,0,0,1,0,0,0,0,0,314.73321533203125,2024-06
426,0,0,0,1,0,0,0,0,0,318.4384460449219,2024-07
427,0,0,0,1,0,0,0,0,0,291.17205810546875,2024-08
428,0,0,0,1,0,0,0,0,0,235.07135009765625,2024-09
429,0,0,0,1,0,0,0,0,0,208.37948608398438,2024-10
430,0,0,0,1,0,0,0,0,0,137.47769165039062,2024-11
431,0,0,0,1,0,0,0,0,0,115.59294128417969,2024-12
432,0,0,0,1,0,0,0,0,0,135.21368408203125,2025-01
433,0,0,0,1,0,0,0,0,0,155.132568359375,2025-02
434,0,0,0,1,0,0,0,0,0,203.3202667236328,2025-03
435,0,0,0,1,0,0,0,0,0,224.53614807128906,2025-04
436,0,0,0,1,0,0,0,0,0,272.22430419921875,2025-05
437,0,0,0,1,0,0,0,0,0,314.8009338378906,2025-06
438,0,0,0,1,0,0,0,0,0,318.30889892578125,2025-07
439,0,0,0,1,0,0,0,0,0,290.8526916503906,2025-08
440,0,0,0,1,0,0,0,0,0,234.89218139648438,2025-09
441,0,0,0,1,0,0,0,0,0,208.13748168945312,2025-10
442,0,0,0,1,0,0,0,0,0,137.57752990722656,2025-11
443,0,0,0,1,0,0,0,0,0,115.58424377441406,2025-12
444,0,0,0,1,0,0,0,0,0,135.4022216796875,2026-01
445,0,0,0,1,0,0,0,0,0,155.24765014648438,2026-02
446,0,0,0,1,0,0,0,0,0,203.41903686523438,2026-03
447,0,0,0,1,0,0,0,0,0,224.7684326171875,2026-04
448,0,0,0,1,0,0,0,0,0,272.19061279296875,2026-05
449,0,0,0,1,0,0,0,0,0,314.88104248046875,2026-06
450,0,0,0,1,0,0,0,0,0,318.17529296875,2026-07
451,0,0,0,1,0,0,0,0,0,290.51434326171875,2026-08
452,0,0,0,1,0,0,0,0,0,234.7212371826172,2026-09
453,0,0,0,1,0,0,0,0,0,207.88442993164062,2026-10
454,0,0,0,1,0,0,0,0,0,137.66961669921875,2026-11
455,0,0,0,1,0,0,0,0,0,115.57667541503906,2026-12
456,0,0,0,1,0,0,0,0,0,135.59877014160156,2027-01
457,0,0,0,1,0,0,0,0,0,155.34573364257812,2027-02
458,0,0,0,1,0,0,0,0,0,203.50511169433594,2027-03
459,0,0,0,1,0,0,0,0,0,225.0098419189453,2027-04
460,0,0,0,1,0,0,0,0,0,272.1653747558594,2027-05
461,0,0,0,1,0,0,0,0,0,314.97418212890625,2027-06
462,0,0,0,1,0,0,0,0,0,318.037353515625,2027-07
463,0,0,0,1,0,0,0,0,0,290.157470703125,2027-08
464,0,0,0,1,0,0,0,0,0,234.55804443359375,2027-09
465,0,0,0,1,0,0,0,0,0,207.6195068359375,2027-10
466,0,0,0,1,0,0,0,0,0,137.75433349609375,2027-11
467,0,0,0,1,0,0,0,0,0,115.57026672363281,2027-12
468,0,0,0,1,0,0,0,0,0,135.8030242919922,2028-01
469,0,0,0,1,0,0,0,0,0,155.42320251464844,2028-02
470,0,0,0,1,0,0,0,0,0,203.5794677734375,2028-03
471,0,0,0,1,0,0,0,0,0,225.26014709472656,2028-04
472,0,0,0,1,0,0,0,0,0,272.1488037109375,2028-05
473,0,0,0,1,0,0,0,0,0,315.0810546875,2028-06
474,0,0,0,1,0,0,0,0,0,317.8948974609375,2028-07
475,0,0,0,1,0,0,0,0,0,289.7833251953125,2028-08
476,0,0,0,1,0,0,0,0,0,234.40191650390625,2028-09
477,0,0,0,1,0,0,0,0,0,207.34210205078125,2028-10
478,0,0,0,1,0,0,0,0,0,137.83177185058594,2028-11
479,0,0,0,1,0,0,0,0,0,115.56523132324219,2028-12
480,0,0,0,1,0,0,0,0,0,136.01461791992188,2029-01
481,0,0,0,1,0,0,0,0,0,155.47698974609375,2029-02
482,0,0,0,1,0,0,0,0,0,203.64285278320312,2029-03
483,0,0,0,1,0,0,0,0,0,225.5191650390625,2029-04
484,0,0,0,1,0,0,0,0,0,272.1410217285156,2029-05
485,0,0,0,1,0,0,0,0,0,315.2024230957031,2029-06
486,0,0,0,1,0,0,0,0,0,317.747802734375,2029-07
487,0,0,0,1,0,0,0,0,0,289.39410400390625,2029-08
488,0,0,0,1,0,0,0,0,0,234.25241088867188,2029-09
489,0,0,0,1,0,0,0,0,0,207.05157470703125,2029-10
490,0,0,0,1,0,0,0,0,0,137.90225219726562,2029-11
491,0,0,0,1,0,0,0,0,0,115.5618667602539,2029-12
492,0,0,0,1,0,0,0,0,0,136.2332763671875,2030-01
493,0,0,0,1,0,0,0,0,0,155.50482177734375,2030-02
494,0,0,0,1,0,0,0,0,0,203.6959686279297,2030-03
495,0,0,0,1,0,0,0,0,0,225.78671264648438,2030-04
496,0,0,0,1,0,0,0,0,0,272.142333984375,2030-05
497,0,0,0,1,0,0,0,0,0,315.3389892578125,2030-06
498,0,0,0,1,0,0,0,0,0,317.59576416015625,2030-07
499,0,0,0,1,0,0,0,0,0,288.9931640625,2030-08
500,0,0,0,1,0,0,0,0,0,234.10888671875,2030-09
501,0,0,0,1,0,0,0,0,0,206.74717712402344,2030-10
502,0,0,0,1,0,0,0,0,0,137.9658660888672,2030-11
503,0,0,0,1,0,0,0,0,0,115.56036376953125,2030-12
504,0,0,0,1,0,0,0,0,0,136.45835876464844,2031-01
505,0,0,0,1,0,0,0,0,0,155.50506591796875,2031-02
506,0,0,0,1,0,0,0,0,0,203.7393798828125,2031-03
507,0,0,0,1,0,0,0,0,0,226.06280517578125,2031-04
508,0,0,0,1,0,0,0,0,0,272.153076171875,2031-05
509,0,0,0,1,0,0,0,0,0,315.49151611328125,2031-06
510,0,0,0,1,0,0,0,0,0,317.43878173828125,2031-07
511,0,0,0,1,0,0,0,0,0,288.5844421386719,2031-08
512,0,0,0,1,0,0,0,0,0,233.97116088867188,2031-09
513,0,0,0,1,0,0,0,0,0,206.42852783203125,2031-10
514,0,0,0,1,0,0,0,0,0,138.02285766601562,2031-11
515,0,0,0,1,0,0,0,0,0,115.56100463867188,2031-12
516,0,0,0,1,0,0,0,0,0,136.6896209716797,2032-01
517,0,0,0,1,0,0,0,0,0,155.47702026367188,2032-02
518,0,0,0,1,0,0,0,0,0,203.7734375,2032-03
519,0,0,0,1,0,0,0,0,0,226.34730529785156,2032-04
520,0,0,0,1,0,0,0,0,0,272.17352294921875,2032-05
521,0,0,0,1,0,0,0,0,0,315.6607360839844,2032-06
522,0,0,0,1,0,0,0,0,0,317.2764892578125,2032-07
523,0,0,0,1,0,0,0,0,0,288.1728515625,2032-08
524,0,0,0,1,0,0,0,0,0,233.838623046875,2032-09
525,0,0,0,1,0,0,0,0,0,206.09500122070312,2032-10
526,0,0,0,1,0,0,0,0,0,138.07347106933594,2032-11
527,0,0,0,1,0,0,0,0,0,115.5641098022461,2032-12
540,0,0,0,0,1,0,0,0,0,156.4690704345703,2023-01
541,0,0,0,0,1,0,0,0,0,161.83413696289062,2023-02
542,0,0,0,0,1,0,0,0,0,216.80825805664062,2023-03
543,0,0,0,0,1,0,0,0,0,250.26919555664062,2023-04
544,0,0,0,0,1,0,0,0,0,282.5592041015625,2023-05
545,0,0,0,0,1,0,0,0,0,291.20245361328125,2023-06
546,0,0,0,0,1,0,0,0,0,288.83135986328125,2023-07
547,0,0,0,0,1,0,0,0,0,266.5730895996094,2023-08
548,0,0,0,0,1,0,0,0,0,248.05706787109375,2023-09
549,0,0,0,0,1,0,0,0,0,244.08389282226562,2023-10
550,0,0,0,0,1,0,0,0,0,185.96722412109375,2023-11
551,0,0,0,0,1,0,0,0,0,155.03689575195312,2023-12
552,0,0,0,0,1,0,0,0,0,156.5071258544922,2024-01
553,0,0,0,0,1,0,0,0,0,161.89767456054688,2024-02
554,0,0,0,0,1,0,0,0,0,216.8415069580078,2024-03
555,0,0,0,0,1,0,0,0,0,250.5162811279297,2024-04
556,0,0,0,0,1,0,0,0,0,282.25958251953125,2024-05
557,0,0,0,0,1,0,0,0,0,290.9234313964844,2024-06
558,0,0,0,0,1,0,0,0,0,288.7398376464844,2024-07
559,0,0,0,0,1,0,0,0,0,266.27587890625,2024-08
560,0,0,0,0,1,0,0,0,0,247.98574829101562,2024-09
561,0,0,0,0,1,0,0,0,0,244.01438903808594,2024-10
562,0,0,0,0,1,0,0,0,0,185.82635498046875,2024-11
563,0,0,0,0,1,0,0,0,0,155.0063018798828,2024-12
564,0,0,0,0,1,0,0,0,0,156.5483856201172,2025-01
565,0,0,0,0,1,0,0,0,0,161.96426391601562,2025-02
566,0,0,0,0,1,0,0,0,0,216.8836669921875,2025-03
567,0,0,0,0,1,0,0,0,0,250.7604522705078,2025-04
568,0,0,0,0,1,0,0,0,0,281.97906494140625,2025-05
569,0,0,0,0,1,0,0,0,0,290.62945556640625,2025-06
570,0,0,0,0,1,0,0,0,0,288.64404296875,2025-07
571,0,0,0,0,1,0,0,0,0,265.9642333984375,2025-08
572,0,0,0,0,1,0,0,0,0,247.91371154785156,2025-09
573,0,0,0,0,1,0,0,0,0,243.94570922851562,2025-10
574,0,0,0,0,1,0,0,0,0,185.67349243164062,2025-11
575,0,0,0,0,1,0,0,0,0,154.97576904296875,2025-12
576,0,0,0,0,1,0,0,0,0,156.59307861328125,2026-01
577,0,0,0,0,1,0,0,0,0,162.03158569335938,2026-02
578,0,0,0,0,1,0,0,0,0,216.93560791015625,2026-03
579,0,0,0,0,1,0,0,0,0,251.00245666503906,2026-04
580,0,0,0,0,1,0,0,0,0,281.7174377441406,2026-05
581,0,0,0,0,1,0,0,0,0,290.32415771484375,2026-06
582,0,0,0,0,1,0,0,0,0,288.54345703125,2026-07
583,0,0,0,0,1,0,0,0,0,265.63922119140625,2026-08
584,0,0,0,0,1,0,0,0,0,247.8407440185547,2026-09
585,0,0,0,0,1,0,0,0,0,243.87789916992188,2026-10
586,0,0,0,0,1,0,0,0,0,185.50906372070312,2026-11
587,0,0,0,0,1,0,0,0,0,154.94561767578125,2026-12
588,0,0,0,0,1,0,0,0,0,156.64151000976562,2027-01
589,0,0,0,0,1,0,0,0,0,162.097412109375,2027-02
590,0,0,0,0,1,0,0,0,0,216.99827575683594,2027-03
591,0,0,0,0,1,0,0,0,0,251.2430877685547,2027-04
592,0,0,0,0,1,0,0,0,0,281.4742126464844,2027-05
593,0,0,0,0,1,0,0,0,0,290.010986328125,2027-06
594,0,0,0,0,1,0,0,0,0,288.4376220703125,2027-07
595,0,0,0,0,1,0,0,0,0,265.3025207519531,2027-08
596,0,0,0,0,1,0,0,0,0,247.76658630371094,2027-09
597,0,0,0,0,1,0,0,0,0,243.8108367919922,2027-10
598,0,0,0,0,1,0,0,0,0,185.33343505859375,2027-11
599,0,0,0,0,1,0,0,0,0,154.91629028320312,2027-12
600,0,0,0,0,1,0,0,0,0,156.69390869140625,2028-01
601,0,0,0,0,1,0,0,0,0,162.16000366210938,2028-02
602,0,0,0,0,1,0,0,0,0,217.07257080078125,2028-03
603,0,0,0,0,1,0,0,0,0,251.48324584960938,2028-04
604,0,0,0,0,1,0,0,0,0,281.2485656738281,2028-05
605,0,0,0,0,1,0,0,0,0,289.6932373046875,2028-06
606,0,0,0,0,1,0,0,0,0,288.3260803222656,2028-07
607,0,0,0,0,1,0,0,0,0,264.95599365234375,2028-08
608,0,0,0,0,1,0,0,0,0,247.69107055664062,2028-09
609,0,0,0,0,1,0,0,0,0,243.74441528320312,2028-10
610,0,0,0,0,1,0,0,0,0,185.1469268798828,2028-11
611,0,0,0,0,1,0,0,0,0,154.8883056640625,2028-12
612,0,0,0,0,1,0,0,0,0,156.7506103515625,2029-01
613,0,0,0,0,1,0,0,0,0,162.21798706054688,2029-02
614,0,0,0,0,1,0,0,0,0,217.15948486328125,2029-03
615,0,0,0,0,1,0,0,0,0,251.72381591796875,2029-04
616,0,0,0,0,1,0,0,0,0,281.0395812988281,2029-05
617,0,0,0,0,1,0,0,0,0,289.37384033203125,2029-06
618,0,0,0,0,1,0,0,0,0,288.208251953125,2029-07
619,0,0,0,0,1,0,0,0,0,264.60205078125,2029-08
620,0,0,0,0,1,0,0,0,0,247.61387634277344,2029-09
621,0,0,0,0,1,0,0,0,0,243.67868041992188,2029-10
622,0,0,0,0,1,0,0,0,0,184.94992065429688,2029-11
623,0,0,0,0,1,0,0,0,0,154.8621063232422,2029-12
624,0,0,0,0,1,0,0,0,0,156.81185913085938,2030-01
625,0,0,0,0,1,0,0,0,0,162.27053833007812,2030-02
626,0,0,0,0,1,0,0,0,0,217.26007080078125,2030-03
627,0,0,0,0,1,0,0,0,0,251.96575927734375,2030-04
628,0,0,0,0,1,0,0,0,0,280.8460693359375,2030-05
629,0,0,0,0,1,0,0,0,0,289.05560302734375,2030-06
630,0,0,0,0,1,0,0,0,0,288.0836181640625,2030-07
631,0,0,0,0,1,0,0,0,0,264.243408203125,2030-08
632,0,0,0,0,1,0,0,0,0,247.53482055664062,2030-09
633,0,0,0,0,1,0,0,0,0,243.61334228515625,2030-10
634,0,0,0,0,1,0,0,0,0,184.7427520751953,2030-11
635,0,0,0,0,1,0,0,0,0,154.83840942382812,2030-12
636,0,0,0,0,1,0,0,0,0,156.87808227539062,2031-01
637,0,0,0,0,1,0,0,0,0,162.3172607421875,2031-02
638,0,0,0,0,1,0,0,0,0,217.37548828125,2031-03
639,0,0,0,0,1,0,0,0,0,252.2102813720703,2031-04
640,0,0,0,0,1,0,0,0,0,280.66668701171875,2031-05
641,0,0,0,0,1,0,0,0,0,288.740966796875,2031-06
642,0,0,0,0,1,0,0,0,0,287.9515686035156,2031-07
643,0,0,0,0,1,0,0,0,0,263.88250732421875,2031-08
644,0,0,0,0,1,0,0,0,0,247.45361328125,2031-09
645,0,0,0,0,1,0,0,0,0,243.54847717285156,2031-10
646,0,0,0,0,1,0,0,0,0,184.52578735351562,2031-11
647,0,0,0,0,1,0,0,0,0,154.81776428222656,2031-12
648,0,0,0,0,1,0,0,0,0,156.94943237304688,2032-01
649,0,0,0,0,1,0,0,0,0,162.358154296875,2032-02
650,0,0,0,0,1,0,0,0,0,217.50686645507812,2032-03
651,0,0,0,0,1,0,0,0,0,252.45840454101562,2032-04
652,0,0,0,0,1,0,0,0,0,280.4999694824219,2032-05
653,0,0,0,0,1,0,0,0,0,288.43212890625,2032-06
654,0,0,0,0,1,0,0,0,0,287.81146240234375,2032-07
655,0,0,0,0,1,0,0,0,0,263.52227783203125,2032-08
656,0,0,0,0,1,0,0,0,0,247.3699951171875,2032-09
657,0,0,0,0,1,0,0,0,0,243.4837646484375,2032-10
658,0,0,0,0,1,0,0,0,0,184.2993621826172,2032-11
659,0,0,0,0,1,0,0,0,0,154.80093383789062,2032-12
672,0,0,0,0,0,1,0,0,0,138.05734252929688,2023-01
673,0,0,0,0,0,1,0,0,0,163.73048400878906,2023-02
674,0,0,0,0,0,1,0,0,0,207.75936889648438,2023-03
675,0,0,0,0,0,1,0,0,0,236.87620544433594,2023-04
676,0,0,0,0,0,1,0,0,0,280.5821533203125,2023-05
677,0,0,0,0,0,1,0,0,0,307.7379455566406,2023-06
678,0,0,0,0,0,1,0,0,0,340.1698303222656,2023-07
679,0,0,0,0,0,1,0,0,0,284.3178405761719,2023-08
680,0,0,0,0,0,1,0,0,0,218.3665771484375,2023-09
681,0,0,0,0,0,1,0,0,0,167.3888702392578,2023-10
682,0,0,0,0,0,1,0,0,0,116.20095825195312,2023-11
683,0,0,0,0,0,1,0,0,0,108.32191467285156,2023-12
684,0,0,0,0,0,1,0,0,0,138.02459716796875,2024-01
685,0,0,0,0,0,1,0,0,0,163.19837951660156,2024-02
686,0,0,0,0,0,1,0,0,0,207.6402587890625,2024-03
687,0,0,0,0,0,1,0,0,0,236.94259643554688,2024-04
688,0,0,0,0,0,1,0,0,0,280.64520263671875,2024-05
689,0,0,0,0,0,1,0,0,0,307.9304504394531,2024-06
690,0,0,0,0,0,1,0,0,0,339.9999084472656,2024-07
691,0,0,0,0,0,1,0,0,0,284.261474609375,2024-08
692,0,0,0,0,0,1,0,0,0,218.34210205078125,2024-09
693,0,0,0,0,0,1,0,0,0,167.20538330078125,2024-10
694,0,0,0,0,0,1,0,0,0,116.30160522460938,2024-11
695,0,0,0,0,0,1,0,0,0,108.26387023925781,2024-12
696,0,0,0,0,0,1,0,0,0,137.98751831054688,2025-01
697,0,0,0,0,0,1,0,0,0,162.58108520507812,2025-02
698,0,0,0,0,0,1,0,0,0,207.51904296875,2025-03
699,0,0,0,0,0,1,0,0,0,237.011474609375,2025-04
700,0,0,0,0,0,1,0,0,0,280.71087646484375,2025-05
701,0,0,0,0,0,1,0,0,0,308.11163330078125,2025-06
702,0,0,0,0,0,1,0,0,0,339.843994140625,2025-07
703,0,0,0,0,0,1,0,0,0,284.2059326171875,2025-08
704,0,0,0,0,0,1,0,0,0,218.3157501220703,2025-09
705,0,0,0,0,0,1,0,0,0,167.01991271972656,2025-10
706,0,0,0,0,0,1,0,0,0,116.399658203125,2025-11
707,0,0,0,0,0,1,0,0,0,108.20523834228516,2025-12
708,0,0,0,0,0,1,0,0,0,137.947021484375,2026-01
709,0,0,0,0,0,1,0,0,0,161.8765869140625,2026-02
710,0,0,0,0,0,1,0,0,0,207.39599609375,2026-03
711,0,0,0,0,0,1,0,0,0,237.0829620361328,2026-04
712,0,0,0,0,0,1,0,0,0,280.77923583984375,2026-05
713,0,0,0,0,0,1,0,0,0,308.28369140625,2026-06
714,0,0,0,0,0,1,0,0,0,339.7035217285156,2026-07
715,0,0,0,0,0,1,0,0,0,284.1510925292969,2026-08
716,0,0,0,0,0,1,0,0,0,218.2874755859375,2026-09
717,0,0,0,0,0,1,0,0,0,166.83238220214844,2026-10
718,0,0,0,0,0,1,0,0,0,116.49517059326172,2026-11
719,0,0,0,0,0,1,0,0,0,108.1461181640625,2026-12
720,0,0,0,0,0,1,0,0,0,137.904052734375,2027-01
721,0,0,0,0,0,1,0,0,0,161.0811767578125,2027-02
722,0,0,0,0,0,1,0,0,0,207.2714385986328,2027-03
723,0,0,0,0,0,1,0,0,0,237.1571807861328,2027-04
724,0,0,0,0,0,1,0,0,0,280.8504943847656,2027-05
725,0,0,0,0,0,1,0,0,0,308.44976806640625,2027-06
726,0,0,0,0,0,1,0,0,0,339.57965087890625,2027-07
727,0,0,0,0,0,1,0,0,0,284.09698486328125,2027-08
728,0,0,0,0,0,1,0,0,0,218.25723266601562,2027-09
729,0,0,0,0,0,1,0,0,0,166.6428680419922,2027-10
730,0,0,0,0,0,1,0,0,0,116.58836364746094,2027-11
731,0,0,0,0,0,1,0,0,0,108.08653259277344,2027-12
732,0,0,0,0,0,1,0,0,0,137.8594970703125,2028-01
733,0,0,0,0,0,1,0,0,0,160.19186401367188,2028-02
734,0,0,0,0,0,1,0,0,0,207.14564514160156,2028-03
735,0,0,0,0,0,1,0,0,0,237.2340850830078,2028-04
736,0,0,0,0,0,1,0,0,0,280.92474365234375,2028-05
737,0,0,0,0,0,1,0,0,0,308.6139831542969,2028-06
738,0,0,0,0,0,1,0,0,0,339.47296142578125,2028-07
739,0,0,0,0,0,1,0,0,0,284.04364013671875,2028-08
740,0,0,0,0,0,1,0,0,0,218.22500610351562,2028-09
741,0,0,0,0,0,1,0,0,0,166.451416015625,2028-10
742,0,0,0,0,0,1,0,0,0,116.67930603027344,2028-11
743,0,0,0,0,0,1,0,0,0,108.02644348144531,2028-12
744,0,0,0,0,0,1,0,0,0,137.81436157226562,2029-01
745,0,0,0,0,0,1,0,0,0,159.20883178710938,2029-02
746,0,0,0,0,0,1,0,0,0,207.01907348632812,2029-03
747,0,0,0,0,0,1,0,0,0,237.31378173828125,2029-04
748,0,0,0,0,0,1,0,0,0,281.00225830078125,2029-05
749,0,0,0,0,0,1,0,0,0,308.78118896484375,2029-06
750,0,0,0,0,0,1,0,0,0,339.38348388671875,2029-07
751,0,0,0,0,0,1,0,0,0,283.990966796875,2029-08
752,0,0,0,0,0,1,0,0,0,218.19064331054688,2029-09
753,0,0,0,0,0,1,0,0,0,166.25804138183594,2029-10
754,0,0,0,0,0,1,0,0,0,116.7681884765625,2029-11
755,0,0,0,0,0,1,0,0,0,107.96593475341797,2029-12
756,0,0,0,0,0,1,0,0,0,137.7696990966797,2030-01
757,0,0,0,0,0,1,0,0,0,158.1374053955078,2030-02
758,0,0,0,0,0,1,0,0,0,206.89212036132812,2030-03
759,0,0,0,0,0,1,0,0,0,237.396240234375,2030-04
760,0,0,0,0,0,1,0,0,0,281.083251953125,2030-05
761,0,0,0,0,0,1,0,0,0,308.95703125,2030-06
762,0,0,0,0,0,1,0,0,0,339.31085205078125,2030-07
763,0,0,0,0,0,1,0,0,0,283.9390869140625,2030-08
764,0,0,0,0,0,1,0,0,0,218.15415954589844,2030-09
765,0,0,0,0,0,1,0,0,0,166.06288146972656,2030-10
766,0,0,0,0,0,1,0,0,0,116.85507202148438,2030-11
767,0,0,0,0,0,1,0,0,0,107.9049072265625,2030-12
768,0,0,0,0,0,1,0,0,0,137.72650146484375,2031-01
769,0,0,0,0,0,1,0,0,0,156.98899841308594,2031-02
770,0,0,0,0,0,1,0,0,0,206.7652587890625,2031-03
771,0,0,0,0,0,1,0,0,0,237.48141479492188,2031-04
772,0,0,0,0,0,1,0,0,0,281.1680908203125,2031-05
773,0,0,0,0,0,1,0,0,0,309.147216796875,2031-06
774,0,0,0,0,0,1,0,0,0,339.2545166015625,2031-07
775,0,0,0,0,0,1,0,0,0,283.88787841796875,2031-08
776,0,0,0,0,0,1,0,0,0,218.11550903320312,2031-09
777,0,0,0,0,0,1,0,0,0,165.86602783203125,2031-10
778,0,0,0,0,0,1,0,0,0,116.94012451171875,2031-11
779,0,0,0,0,0,1,0,0,0,107.84329223632812,2031-12
780,0,0,0,0,0,1,0,0,0,137.6858673095703,2032-01
781,0,0,0,0,0,1,0,0,0,155.78025817871094,2032-02
782,0,0,0,0,0,1,0,0,0,206.6390380859375,2032-03
783,0,0,0,0,0,1,0,0,0,237.56919860839844,2032-04
784,0,0,0,0,0,1,0,0,0,281.25714111328125,2032-05
785,0,0,0,0,0,1,0,0,0,309.3580322265625,2032-06
786,0,0,0,0,0,1,0,0,0,339.2133483886719,2032-07
787,0,0,0,0,0,1,0,0,0,283.83740234375,2032-08
788,0,0,0,0,0,1,0,0,0,218.0745849609375,2032-09
789,0,0,0,0,0,1,0,0,0,165.66748046875,2032-10
790,0,0,0,0,0,1,0,0,0,117.0234375,2032-11
791,0,0,0,0,0,1,0,0,0,107.78124237060547,2032-12
804,0,0,0,0,0,0,1,0,0,134.1326446533203,2023-01
805,0,0,0,0,0,0,1,0,0,163.90460205078125,2023-02
806,0,0,0,0,0,0,1,0,0,214.3882598876953,2023-03
807,0,0,0,0,0,0,1,0,0,251.40484619140625,2023-04
808,0,0,0,0,0,0,1,0,0,288.8407897949219,2023-05
809,0,0,0,0,0,0,1,0,0,312.80670166015625,2023-06
810,0,0,0,0,0,0,1,0,0,351.4518737792969,2023-07
811,0,0,0,0,0,0,1,0,0,310.9049072265625,2023-08
812,0,0,0,0,0,0,1,0,0,240.37335205078125,2023-09
813,0,0,0,0,0,0,1,0,0,187.22357177734375,2023-10
814,0,0,0,0,0,0,1,0,0,131.76254272460938,2023-11
815,0,0,0,0,0,0,1,0,0,125.97179412841797,2023-12
816,0,0,0,0,0,0,1,0,0,134.09864807128906,2024-01
817,0,0,0,0,0,0,1,0,0,163.9713134765625,2024-02
818,0,0,0,0,0,0,1,0,0,214.19093322753906,2024-03
819,0,0,0,0,0,0,1,0,0,251.3357391357422,2024-04
820,0,0,0,0,0,0,1,0,0,288.7461242675781,2024-05
821,0,0,0,0,0,0,1,0,0,313.10064697265625,2024-06
822,0,0,0,0,0,0,1,0,0,351.42547607421875,2024-07
823,0,0,0,0,0,0,1,0,0,310.8869934082031,2024-08
824,0,0,0,0,0,0,1,0,0,240.33642578125,2024-09
825,0,0,0,0,0,0,1,0,0,187.14205932617188,2024-10
826,0,0,0,0,0,0,1,0,0,131.95172119140625,2024-11
827,0,0,0,0,0,0,1,0,0,125.99543762207031,2024-12
828,0,0,0,0,0,0,1,0,0,134.07618713378906,2025-01
829,0,0,0,0,0,0,1,0,0,164.00262451171875,2025-02
830,0,0,0,0,0,0,1,0,0,214.0459747314453,2025-03
831,0,0,0,0,0,0,1,0,0,251.2504119873047,2025-04
832,0,0,0,0,0,0,1,0,0,288.6434020996094,2025-05
833,0,0,0,0,0,0,1,0,0,313.4327392578125,2025-06
834,0,0,0,0,0,0,1,0,0,351.399169921875,2025-07
835,0,0,0,0,0,0,1,0,0,310.86968994140625,2025-08
836,0,0,0,0,0,0,1,0,0,240.29583740234375,2025-09
837,0,0,0,0,0,0,1,0,0,187.06103515625,2025-10
838,0,0,0,0,0,0,1,0,0,132.13723754882812,2025-11
839,0,0,0,0,0,0,1,0,0,126.01521301269531,2025-12
840,0,0,0,0,0,0,1,0,0,134.0658721923828,2026-01
841,0,0,0,0,0,0,1,0,0,163.9984893798828,2026-02
842,0,0,0,0,0,0,1,0,0,213.9627685546875,2026-03
843,0,0,0,0,0,0,1,0,0,251.1486358642578,2026-04
844,0,0,0,0,0,0,1,0,0,288.53277587890625,2026-05
845,0,0,0,0,0,0,1,0,0,313.804931640625,2026-06
846,0,0,0,0,0,0,1,0,0,351.37335205078125,2026-07
847,0,0,0,0,0,0,1,0,0,310.85302734375,2026-08
848,0,0,0,0,0,0,1,0,0,240.25148010253906,2026-09
849,0,0,0,0,0,0,1,0,0,186.98046875,2026-10
850,0,0,0,0,0,0,1,0,0,132.3191680908203,2026-11
851,0,0,0,0,0,0,1,0,0,126.0308837890625,2026-12
852,0,0,0,0,0,0,1,0,0,134.06822204589844,2027-01
853,0,0,0,0,0,0,1,0,0,163.95895385742188,2027-02
854,0,0,0,0,0,0,1,0,0,213.95071411132812,2027-03
855,0,0,0,0,0,0,1,0,0,251.02999877929688,2027-04
856,0,0,0,0,0,0,1,0,0,288.41448974609375,2027-05
857,0,0,0,0,0,0,1,0,0,314.2186584472656,2027-06
858,0,0,0,0,0,0,1,0,0,351.34832763671875,2027-07
859,0,0,0,0,0,0,1,0,0,310.8370361328125,2027-08
860,0,0,0,0,0,0,1,0,0,240.2034912109375,2027-09
861,0,0,0,0,0,0,1,0,0,186.900390625,2027-10
862,0,0,0,0,0,0,1,0,0,132.49765014648438,2027-11
863,0,0,0,0,0,0,1,0,0,126.04217529296875,2027-12
864,0,0,0,0,0,0,1,0,0,134.083740234375,2028-01
865,0,0,0,0,0,0,1,0,0,163.8839111328125,2028-02
866,0,0,0,0,0,0,1,0,0,214.01889038085938,2028-03
867,0,0,0,0,0,0,1,0,0,250.89422607421875,2028-04
868,0,0,0,0,0,0,1,0,0,288.2889404296875,2028-05
869,0,0,0,0,0,0,1,0,0,314.67523193359375,2028-06
870,0,0,0,0,0,0,1,0,0,351.32427978515625,2028-07
871,0,0,0,0,0,0,1,0,0,310.82171630859375,2028-08
872,0,0,0,0,0,0,1,0,0,240.1519775390625,2028-09
873,0,0,0,0,0,0,1,0,0,186.8207550048828,2028-10
874,0,0,0,0,0,0,1,0,0,132.67283630371094,2028-11
875,0,0,0,0,0,0,1,0,0,126.0489501953125,2028-12
876,0,0,0,0,0,0,1,0,0,134.11306762695312,2029-01
877,0,0,0,0,0,0,1,0,0,163.77301025390625,2029-02
878,0,0,0,0,0,0,1,0,0,214.17559814453125,2029-03
879,0,0,0,0,0,0,1,0,0,250.74118041992188,2029-04
880,0,0,0,0,0,0,1,0,0,288.1566162109375,2029-05
881,0,0,0,0,0,0,1,0,0,315.1753234863281,2029-06
882,0,0,0,0,0,0,1,0,0,351.30126953125,2029-07
883,0,0,0,0,0,0,1,0,0,310.80712890625,2029-08
884,0,0,0,0,0,0,1,0,0,240.09689331054688,2029-09
885,0,0,0,0,0,0,1,0,0,186.74163818359375,2029-10
886,0,0,0,0,0,0,1,0,0,132.8447723388672,2029-11
887,0,0,0,0,0,0,1,0,0,126.05099487304688,2029-12
888,0,0,0,0,0,0,1,0,0,134.15664672851562,2030-01
889,0,0,0,0,0,0,1,0,0,163.6256103515625,2030-02
890,0,0,0,0,0,0,1,0,0,214.4280242919922,2030-03
891,0,0,0,0,0,0,1,0,0,250.5707550048828,2030-04
892,0,0,0,0,0,0,1,0,0,288.01812744140625,2030-05
893,0,0,0,0,0,0,1,0,0,315.7188720703125,2030-06
894,0,0,0,0,0,0,1,0,0,351.2793273925781,2030-07
895,0,0,0,0,0,0,1,0,0,310.7933654785156,2030-08
896,0,0,0,0,0,0,1,0,0,240.038330078125,2030-09
897,0,0,0,0,0,0,1,0,0,186.6630859375,2030-10
898,0,0,0,0,0,0,1,0,0,133.013671875,2030-11
899,0,0,0,0,0,0,1,0,0,126.0482177734375,2030-12
900,0,0,0,0,0,0,1,0,0,134.215087890625,2031-01
901,0,0,0,0,0,0,1,0,0,163.44056701660156,2031-02
902,0,0,0,0,0,0,1,0,0,214.78163146972656,2031-03
903,0,0,0,0,0,0,1,0,0,250.3828887939453,2031-04
904,0,0,0,0,0,0,1,0,0,287.87420654296875,2031-05
905,0,0,0,0,0,0,1,0,0,316.305419921875,2031-06
906,0,0,0,0,0,0,1,0,0,351.2583312988281,2031-07
907,0,0,0,0,0,0,1,0,0,310.7803649902344,2031-08
908,0,0,0,0,0,0,1,0,0,239.97634887695312,2031-09
909,0,0,0,0,0,0,1,0,0,186.58502197265625,2031-10
910,0,0,0,0,0,0,1,0,0,133.17959594726562,2031-11
911,0,0,0,0,0,0,1,0,0,126.04026794433594,2031-12
912,0,0,0,0,0,0,1,0,0,134.28878784179688,2032-01
913,0,0,0,0,0,0,1,0,0,163.21609497070312,2032-02
914,0,0,0,0,0,0,1,0,0,215.23992919921875,2032-03
915,0,0,0,0,0,0,1,0,0,250.17771911621094,2032-04
916,0,0,0,0,0,0,1,0,0,287.725830078125,2032-05
917,0,0,0,0,0,0,1,0,0,316.9333801269531,2032-06
918,0,0,0,0,0,0,1,0,0,351.2381896972656,2032-07
919,0,0,0,0,0,0,1,0,0,310.7682189941406,2032-08
920,0,0,0,0,0,0,1,0,0,239.91110229492188,2032-09
921,0,0,0,0,0,0,1,0,0,186.50762939453125,2032-10
922,0,0,0,0,0,0,1,0,0,133.34274291992188,2032-11
923,0,0,0,0,0,0,1,0,0,126.027099609375,2032-12
936,0,0,0,0,0,0,0,1,0,171.9876708984375,2023-01
937,0,0,0,0,0,0,0,1,0,183.82083129882812,2023-02
938,0,0,0,0,0,0,0,1,0,212.13265991210938,2023-03
939,0,0,0,0,0,0,0,1,0,243.35284423828125,2023-04
940,0,0,0,0,0,0,0,1,0,288.5152587890625,2023-05
941,0,0,0,0,0,0,0,1,0,325.62506103515625,2023-06
942,0,0,0,0,0,0,0,1,0,346.85369873046875,2023-07
943,0,0,0,0,0,0,0,1,0,304.86669921875,2023-08
944,0,0,0,0,0,0,0,1,0,259.5269775390625,2023-09
945,0,0,0,0,0,0,0,1,0,225.74441528320312,2023-10
946,0,0,0,0,0,0,0,1,0,169.08534240722656,2023-11
947,0,0,0,0,0,0,0,1,0,151.338134765625,2023-12
948,0,0,0,0,0,0,0,1,0,171.91783142089844,2024-01
949,0,0,0,0,0,0,0,1,0,184.73309326171875,2024-02
950,0,0,0,0,0,0,0,1,0,211.82943725585938,2024-03
951,0,0,0,0,0,0,0,1,0,243.2467498779297,2024-04
952,0,0,0,0,0,0,0,1,0,288.486083984375,2024-05
953,0,0,0,0,0,0,0,1,0,326.00653076171875,2024-06
954,0,0,0,0,0,0,0,1,0,346.6694030761719,2024-07
955,0,0,0,0,0,0,0,1,0,304.73577880859375,2024-08
956,0,0,0,0,0,0,0,1,0,259.45623779296875,2024-09
957,0,0,0,0,0,0,0,1,0,225.6345977783203,2024-10
958,0,0,0,0,0,0,0,1,0,169.10525512695312,2024-11
959,0,0,0,0,0,0,0,1,0,151.1933135986328,2024-12
960,0,0,0,0,0,0,0,1,0,171.84808349609375,2025-01
961,0,0,0,0,0,0,0,1,0,185.63214111328125,2025-02
962,0,0,0,0,0,0,0,1,0,211.522705078125,2025-03
963,0,0,0,0,0,0,0,1,0,243.13311767578125,2025-04
964,0,0,0,0,0,0,0,1,0,288.45050048828125,2025-05
965,0,0,0,0,0,0,0,1,0,326.4051513671875,2025-06
966,0,0,0,0,0,0,0,1,0,346.48358154296875,2025-07
967,0,0,0,0,0,0,0,1,0,304.60357666015625,2025-08
968,0,0,0,0,0,0,0,1,0,259.382080078125,2025-09
969,0,0,0,0,0,0,0,1,0,225.52786254882812,2025-10
970,0,0,0,0,0,0,0,1,0,169.1214599609375,2025-11
971,0,0,0,0,0,0,0,1,0,151.04644775390625,2025-12
972,0,0,0,0,0,0,0,1,0,171.77862548828125,2026-01
973,0,0,0,0,0,0,0,1,0,186.5123291015625,2026-02
974,0,0,0,0,0,0,0,1,0,211.21282958984375,2026-03
975,0,0,0,0,0,0,0,1,0,243.01190185546875,2026-04
976,0,0,0,0,0,0,0,1,0,288.40850830078125,2026-05
977,0,0,0,0,0,0,0,1,0,326.82049560546875,2026-06
978,0,0,0,0,0,0,0,1,0,346.295654296875,2026-07
979,0,0,0,0,0,0,0,1,0,304.4703674316406,2026-08
980,0,0,0,0,0,0,0,1,0,259.30450439453125,2026-09
981,0,0,0,0,0,0,0,1,0,225.42431640625,2026-10
982,0,0,0,0,0,0,0,1,0,169.13429260253906,2026-11
983,0,0,0,0,0,0,0,1,0,150.89764404296875,2026-12
984,0,0,0,0,0,0,0,1,0,171.70953369140625,2027-01
985,0,0,0,0,0,0,0,1,0,187.36883544921875,2027-02
986,0,0,0,0,0,0,0,1,0,210.9003143310547,2027-03
987,0,0,0,0,0,0,0,1,0,242.88348388671875,2027-04
988,0,0,0,0,0,0,0,1,0,288.3603820800781,2027-05
989,0,0,0,0,0,0,0,1,0,327.2521667480469,2027-06
990,0,0,0,0,0,0,0,1,0,346.10516357421875,2027-07
991,0,0,0,0,0,0,0,1,0,304.3359680175781,2027-08
992,0,0,0,0,0,0,0,1,0,259.2231750488281,2027-09
993,0,0,0,0,0,0,0,1,0,225.32383728027344,2027-10
994,0,0,0,0,0,0,0,1,0,169.14395141601562,2027-11
995,0,0,0,0,0,0,0,1,0,150.74667358398438,2027-12
996,0,0,0,0,0,0,0,1,0,171.64071655273438,2028-01
997,0,0,0,0,0,0,0,1,0,188.19802856445312,2028-02
998,0,0,0,0,0,0,0,1,0,210.58558654785156,2028-03
999,0,0,0,0,0,0,0,1,0,242.7481689453125,2028-04
1000,0,0,0,0,0,0,0,1,0,288.3063049316406,2028-05
1001,0,0,0,0,0,0,0,1,0,327.699951171875,2028-06
1002,0,0,0,0,0,0,0,1,0,345.9114990234375,2028-07
1003,0,0,0,0,0,0,0,1,0,304.20037841796875,2028-08
1004,0,0,0,0,0,0,0,1,0,259.13818359375,2028-09
1005,0,0,0,0,0,0,0,1,0,225.2264404296875,2028-10
1006,0,0,0,0,0,0,0,1,0,169.15097045898438,2028-11
1007,0,0,0,0,0,0,0,1,0,150.59368896484375,2028-12
1008,0,0,0,0,0,0,0,1,0,171.57244873046875,2029-01
1009,0,0,0,0,0,0,0,1,0,188.9969940185547,2029-02
1010,0,0,0,0,0,0,0,1,0,210.26918029785156,2029-03
1011,0,0,0,0,0,0,0,1,0,242.6063995361328,2029-04
1012,0,0,0,0,0,0,0,1,0,288.2466735839844,2029-05
1013,0,0,0,0,0,0,0,1,0,328.16357421875,2029-06
1014,0,0,0,0,0,0,0,1,0,345.71405029296875,2029-07
1015,0,0,0,0,0,0,0,1,0,304.063720703125,2029-08
1016,0,0,0,0,0,0,0,1,0,259.0494079589844,2029-09
1017,0,0,0,0,0,0,0,1,0,225.1320037841797,2029-10
1018,0,0,0,0,0,0,0,1,0,169.15548706054688,2029-11
1019,0,0,0,0,0,0,0,1,0,150.43869018554688,2029-12
1020,0,0,0,0,0,0,0,1,0,171.5047149658203,2030-01
1021,0,0,0,0,0,0,0,1,0,189.763916015625,2030-02
1022,0,0,0,0,0,0,0,1,0,209.9517364501953,2030-03
1023,0,0,0,0,0,0,0,1,0,242.45875549316406,2030-04
1024,0,0,0,0,0,0,0,1,0,288.18194580078125,2030-05
1025,0,0,0,0,0,0,0,1,0,328.64306640625,2030-06
1026,0,0,0,0,0,0,0,1,0,345.51214599609375,2030-07
1027,0,0,0,0,0,0,0,1,0,303.9259033203125,2030-08
1028,0,0,0,0,0,0,0,1,0,258.95672607421875,2030-09
1029,0,0,0,0,0,0,0,1,0,225.04039001464844,2030-10
1030,0,0,0,0,0,0,0,1,0,169.15785217285156,2030-11
1031,0,0,0,0,0,0,0,1,0,150.2815399169922,2030-12
1032,0,0,0,0,0,0,0,1,0,171.4376678466797,2031-01
1033,0,0,0,0,0,0,0,1,0,190.4978485107422,2031-02
1034,0,0,0,0,0,0,0,1,0,209.63388061523438,2031-03
1035,0,0,0,0,0,0,0,1,0,242.30589294433594,2031-04
1036,0,0,0,0,0,0,0,1,0,288.1127014160156,2031-05
1037,0,0,0,0,0,0,0,1,0,329.13873291015625,2031-06
1038,0,0,0,0,0,0,0,1,0,345.30511474609375,2031-07
1039,0,0,0,0,0,0,0,1,0,303.7870178222656,2031-08
1040,0,0,0,0,0,0,0,1,0,258.8600158691406,2031-09
1041,0,0,0,0,0,0,0,1,0,224.9516143798828,2031-10
1042,0,0,0,0,0,0,0,1,0,169.15838623046875,2031-11
1043,0,0,0,0,0,0,0,1,0,150.12234497070312,2031-12
1044,0,0,0,0,0,0,0,1,0,171.371337890625,2032-01
1045,0,0,0,0,0,0,0,1,0,191.1985321044922,2032-02
1046,0,0,0,0,0,0,0,1,0,209.31631469726562,2032-03
1047,0,0,0,0,0,0,0,1,0,242.1486358642578,2032-04
1048,0,0,0,0,0,0,0,1,0,288.0396728515625,2032-05
1049,0,0,0,0,0,0,0,1,0,329.6507873535156,2032-06
1050,0,0,0,0,0,0,0,1,0,345.0920715332031,2032-07
1051,0,0,0,0,0,0,0,1,0,303.64703369140625,2032-08
1052,0,0,0,0,0,0,0,1,0,258.75927734375,2032-09
1053,0,0,0,0,0,0,0,1,0,224.86549377441406,2032-10
1054,0,0,0,0,0,0,0,1,0,169.1573944091797,2032-11
1055,0,0,0,0,0,0,0,1,0,149.96109008789062,2032-12
1068,0,0,0,0,0,0,0,0,1,154.50729370117188,2023-01
1069,0,0,0,0,0,0,0,0,1,189.4145965576172,2023-02
1070,0,0,0,0,0,0,0,0,1,228.85707092285156,2023-03
1071,0,0,0,0,0,0,0,0,1,249.44808959960938,2023-04
1072,0,0,0,0,0,0,0,0,1,291.60113525390625,2023-05
1073,0,0,0,0,0,0,0,0,1,327.1511535644531,2023-06
1074,0,0,0,0,0,0,0,0,1,350.7334289550781,2023-07
1075,0,0,0,0,0,0,0,0,1,314.88421630859375,2023-08
1076,0,0,0,0,0,0,0,0,1,254.58273315429688,2023-09
1077,0,0,0,0,0,0,0,0,1,214.79739379882812,2023-10
1078,0,0,0,0,0,0,0,0,1,154.012451171875,2023-11
1079,0,0,0,0,0,0,0,0,1,142.77085876464844,2023-12
1080,0,0,0,0,0,0,0,0,1,154.21633911132812,2024-01
1081,0,0,0,0,0,0,0,0,1,189.38644409179688,2024-02
1082,0,0,0,0,0,0,0,0,1,228.9813995361328,2024-03
1083,0,0,0,0,0,0,0,0,1,249.5040740966797,2024-04
1084,0,0,0,0,0,0,0,0,1,291.6946105957031,2024-05
1085,0,0,0,0,0,0,0,0,1,327.4747314453125,2024-06
1086,0,0,0,0,0,0,0,0,1,350.6646728515625,2024-07
1087,0,0,0,0,0,0,0,0,1,314.88385009765625,2024-08
1088,0,0,0,0,0,0,0,0,1,254.5396728515625,2024-09
1089,0,0,0,0,0,0,0,0,1,214.7208251953125,2024-10
1090,0,0,0,0,0,0,0,0,1,154.0548858642578,2024-11
1091,0,0,0,0,0,0,0,0,1,142.61611938476562,2024-12
1092,0,0,0,0,0,0,0,0,1,153.92257690429688,2025-01
1093,0,0,0,0,0,0,0,0,1,189.20677185058594,2025-02
1094,0,0,0,0,0,0,0,0,1,229.11279296875,2025-03
1095,0,0,0,0,0,0,0,0,1,249.55795288085938,2025-04
1096,0,0,0,0,0,0,0,0,1,291.78985595703125,2025-05
1097,0,0,0,0,0,0,0,0,1,327.8154296875,2025-06
1098,0,0,0,0,0,0,0,0,1,350.5809326171875,2025-07
1099,0,0,0,0,0,0,0,0,1,314.8834533691406,2025-08
1100,0,0,0,0,0,0,0,0,1,254.49447631835938,2025-09
1101,0,0,0,0,0,0,0,0,1,214.64537048339844,2025-10
1102,0,0,0,0,0,0,0,0,1,154.09603881835938,2025-11
1103,0,0,0,0,0,0,0,0,1,142.45835876464844,2025-12
1104,0,0,0,0,0,0,0,0,1,153.62628173828125,2026-01
1105,0,0,0,0,0,0,0,0,1,188.8915557861328,2026-02
1106,0,0,0,0,0,0,0,0,1,229.2520751953125,2026-03
1107,0,0,0,0,0,0,0,0,1,249.60992431640625,2026-04
1108,0,0,0,0,0,0,0,0,1,291.8876647949219,2026-05
1109,0,0,0,0,0,0,0,0,1,328.17462158203125,2026-06
1110,0,0,0,0,0,0,0,0,1,350.4794006347656,2026-07
1111,0,0,0,0,0,0,0,0,1,314.883056640625,2026-08
1112,0,0,0,0,0,0,0,0,1,254.44680786132812,2026-09
1113,0,0,0,0,0,0,0,0,1,214.57101440429688,2026-10
1114,0,0,0,0,0,0,0,0,1,154.13601684570312,2026-11
1115,0,0,0,0,0,0,0,0,1,142.29766845703125,2026-12
1116,0,0,0,0,0,0,0,0,1,153.32769775390625,2027-01
1117,0,0,0,0,0,0,0,0,1,188.45774841308594,2027-02
1118,0,0,0,0,0,0,0,0,1,229.40011596679688,2027-03
1119,0,0,0,0,0,0,0,0,1,249.66026306152344,2027-04
1120,0,0,0,0,0,0,0,0,1,291.9890441894531,2027-05
1121,0,0,0,0,0,0,0,0,1,328.5531311035156,2027-06
1122,0,0,0,0,0,0,0,0,1,350.357177734375,2027-07
1123,0,0,0,0,0,0,0,0,1,314.88262939453125,2027-08
1124,0,0,0,0,0,0,0,0,1,254.39666748046875,2027-09
1125,0,0,0,0,0,0,0,0,1,214.49783325195312,2027-10
1126,0,0,0,0,0,0,0,0,1,154.17510986328125,2027-11
1127,0,0,0,0,0,0,0,0,1,142.13436889648438,2027-12
1128,0,0,0,0,0,0,0,0,1,153.02725219726562,2028-01
1129,0,0,0,0,0,0,0,0,1,187.92178344726562,2028-02
1130,0,0,0,0,0,0,0,0,1,229.55783081054688,2028-03
1131,0,0,0,0,0,0,0,0,1,249.7091064453125,2028-04
1132,0,0,0,0,0,0,0,0,1,292.0950622558594,2028-05
1133,0,0,0,0,0,0,0,0,1,328.9522705078125,2028-06
1134,0,0,0,0,0,0,0,0,1,350.2110595703125,2028-07
1135,0,0,0,0,0,0,0,0,1,314.8821105957031,2028-08
1136,0,0,0,0,0,0,0,0,1,254.34384155273438,2028-09
1137,0,0,0,0,0,0,0,0,1,214.42587280273438,2028-10
1138,0,0,0,0,0,0,0,0,1,154.21340942382812,2028-11
1139,0,0,0,0,0,0,0,0,1,141.96841430664062,2028-12
1140,0,0,0,0,0,0,0,0,1,152.72509765625,2029-01
1141,0,0,0,0,0,0,0,0,1,187.29901123046875,2029-02
1142,0,0,0,0,0,0,0,0,1,229.7261199951172,2029-03
1143,0,0,0,0,0,0,0,0,1,249.75677490234375,2029-04
1144,0,0,0,0,0,0,0,0,1,292.20697021484375,2029-05
1145,0,0,0,0,0,0,0,0,1,329.37310791015625,2029-06
1146,0,0,0,0,0,0,0,0,1,350.0379333496094,2029-07
1147,0,0,0,0,0,0,0,0,1,314.8815612792969,2029-08
1148,0,0,0,0,0,0,0,0,1,254.2882080078125,2029-09
1149,0,0,0,0,0,0,0,0,1,214.3551025390625,2029-10
1150,0,0,0,0,0,0,0,0,1,154.25115966796875,2029-11
1151,0,0,0,0,0,0,0,0,1,141.8001708984375,2029-12
1152,0,0,0,0,0,0,0,0,1,152.42137145996094,2030-01
1153,0,0,0,0,0,0,0,0,1,186.6033935546875,2030-02
1154,0,0,0,0,0,0,0,0,1,229.90591430664062,2030-03
1155,0,0,0,0,0,0,0,0,1,249.8035430908203,2030-04
1156,0,0,0,0,0,0,0,0,1,292.3260498046875,2030-05
1157,0,0,0,0,0,0,0,0,1,329.81671142578125,2030-06
1158,0,0,0,0,0,0,0,0,1,349.8345947265625,2030-07
1159,0,0,0,0,0,0,0,0,1,314.8809814453125,2030-08
1160,0,0,0,0,0,0,0,0,1,254.22967529296875,2030-09
1161,0,0,0,0,0,0,0,0,1,214.28562927246094,2030-10
1162,0,0,0,0,0,0,0,0,1,154.28851318359375,2030-11
1163,0,0,0,0,0,0,0,0,1,141.62974548339844,2030-12
1164,0,0,0,0,0,0,0,0,1,152.11630249023438,2031-01
1165,0,0,0,0,0,0,0,0,1,185.84725952148438,2031-02
1166,0,0,0,0,0,0,0,0,1,230.0981903076172,2031-03
1167,0,0,0,0,0,0,0,0,1,249.84970092773438,2031-04
1168,0,0,0,0,0,0,0,0,1,292.453857421875,2031-05
1169,0,0,0,0,0,0,0,0,1,330.2840576171875,2031-06
1170,0,0,0,0,0,0,0,0,1,349.5982666015625,2031-07
1171,0,0,0,0,0,0,0,0,1,314.88043212890625,2031-08
1172,0,0,0,0,0,0,0,0,1,254.1681671142578,2031-09
1173,0,0,0,0,0,0,0,0,1,214.2174835205078,2031-10
1174,0,0,0,0,0,0,0,0,1,154.32568359375,2031-11
1175,0,0,0,0,0,0,0,0,1,141.45729064941406,2031-12
1176,0,0,0,0,0,0,0,0,1,151.80999755859375,2032-01
1177,0,0,0,0,0,0,0,0,1,185.0420379638672,2032-02
1178,0,0,0,0,0,0,0,0,1,230.30398559570312,2032-03
1179,0,0,0,0,0,0,0,0,1,249.8955841064453,2032-04
1180,0,0,0,0,0,0,0,0,1,292.5920715332031,2032-05
1181,0,0,0,0,0,0,0,0,1,330.77630615234375,2032-06
1182,0,0,0,0,0,0,0,0,1,349.3262939453125,2032-07
1183,0,0,0,0,0,0,0,0,1,314.8797302246094,2032-08
1184,0,0,0,0,0,0,0,0,1,254.10340881347656,2032-09
1185,0,0,0,0,0,0,0,0,1,214.1506805419922,2032-10
1186,0,0,0,0,0,0,0,0,1,154.3629150390625,2032-11
1187,0,0,0,0,0,0,0,0,1,141.28292846679688,2032-12
