ID,fertilizer_price_index_all,fertilizer_price_index_nitrogen,fertilizer_price_index_phosphate,type
1866-01,1,7.442904188,1,predicted
1866-02,1,7.447438282,1,predicted
1866-03,1,7.451972376,1,predicted
1866-04,1,7.456506469,1,predicted
1866-05,1,7.461040563,1,predicted
1866-06,1,7.465574657,1,predicted
1866-07,1,7.470108751,1,predicted
1866-08,1,7.474642844,1,predicted
1866-09,1,7.479176938,1,predicted
1866-10,1,7.483711032,1,predicted
1866-11,1,7.488245125,1,predicted
1866-12,1,7.492779219,1,predicted
1867-01,1,7.497313313,1,predicted
1867-02,1,7.501847407,1,predicted
1867-03,1,7.5063815,1,predicted
1867-04,1,7.510915594,1,predicted
1867-05,1,7.515449688,1,predicted
1867-06,1,7.519983781,1,predicted
1867-07,1,7.524517875,1,predicted
1867-08,1,7.529051969,1,predicted
1867-09,1,7.533586063,1,predicted
1867-10,1,7.538120156,1,predicted
1867-11,1,7.54265425,1,predicted
1867-12,1,7.547188344,1,predicted
1868-01,1,7.551722437,1,predicted
1868-02,1,7.556256531,1,predicted
1868-03,1,7.560790625,1,predicted
1868-04,1,7.565324719,1,predicted
1868-05,1,7.569858812,1,predicted
1868-06,1,7.574392906,1,predicted
1868-07,1,7.578927,1,predicted
1868-08,1,7.583461093,1,predicted
1868-09,1,7.587995187,1,predicted
1868-10,1,7.592529281,1,predicted
1868-11,1,7.597063375,1,predicted
1868-12,1,7.601597468,1,predicted
1869-01,1,7.606131562,1,predicted
1869-02,1,7.610665656,1,predicted
1869-03,1,7.615199749,1,predicted
1869-04,1,7.619733843,1,predicted
1869-05,1,7.624267937,1,predicted
1869-06,1,7.628802031,1,predicted
1869-07,1,7.633336124,1,predicted
1869-08,1,7.637870218,1,predicted
1869-09,1,7.642404312,1,predicted
1869-10,1,7.646938405,1,predicted
1869-11,1,7.651472499,1,predicted
1869-12,1,7.656006593,1,predicted
1870-01,1,7.660540687,1,predicted
1870-02,1,7.66507478,1,predicted
1870-03,1,7.669608874,1,predicted
1870-04,1,7.674142968,1,predicted
1870-05,1,7.678677061,1,predicted
1870-06,1,7.683211155,1,predicted
1870-07,1,7.687745249,1,predicted
1870-08,1,7.692279343,1,predicted
1870-09,1,7.696813436,1,predicted
1870-10,1,7.70134753,1,predicted
1870-11,1,7.705881624,1,predicted
1870-12,1,7.710415717,1,predicted
1871-01,1,7.714949811,1,predicted
1871-02,1,7.719483905,1,predicted
1871-03,1,7.724017999,1,predicted
1871-04,1,7.728552092,1,predicted
1871-05,1,7.733086186,1,predicted
1871-06,1,7.73762028,1,predicted
1871-07,1,7.742154373,1,predicted
1871-08,1,7.746688467,1,predicted
1871-09,1,7.751222561,1,predicted
1871-10,1,7.755756655,1,predicted
1871-11,1,7.760290748,1,predicted
1871-12,1,7.764824842,1,predicted
1872-01,1,7.769358936,1,predicted
1872-02,1,7.773893029,1,predicted
1872-03,1,7.778427123,1,predicted
1872-04,1,7.782961217,1,predicted
1872-05,1,7.787495311,1,predicted
1872-06,1,7.792029404,1,predicted
1872-07,1,7.796563498,1,predicted
1872-08,1,7.801097592,1,predicted
1872-09,1,7.805631685,1,predicted
1872-10,1,7.810165779,1,predicted
1872-11,1,7.814699873,1,predicted
1872-12,1,7.819233967,1,predicted
1873-01,1,7.82376806,1,predicted
1873-02,1,7.828302154,1,predicted
1873-03,1,7.832836248,1,predicted
1873-04,1,7.837370341,1,predicted
1873-05,1,7.841904435,1,predicted
1873-06,1,7.846438529,1,predicted
1873-07,1,7.850972623,1,predicted
1873-08,1,7.855506716,1,predicted
1873-09,1,7.86004081,1,predicted
1873-10,1,7.864574904,1,predicted
1873-11,1,7.869108997,1,predicted
1873-12,1,7.873643091,1,predicted
1874-01,1,7.878177185,1,predicted
1874-02,1,7.882711279,1,predicted
1874-03,1,7.887245372,1,predicted
1874-04,1,7.891779466,1,predicted
1874-05,1,7.89631356,1,predicted
1874-06,1,7.900847653,1,predicted
1874-07,1,7.905381747,1,predicted
1874-08,1,7.909915841,1,predicted
1874-09,1,7.914449935,1,predicted
1874-10,1,7.918984028,1,predicted
1874-11,1,7.923518122,1,predicted
1874-12,1,7.928052216,1,predicted
1875-01,1,7.932586309,1,predicted
1875-02,1,7.937120403,1,predicted
1875-03,1,7.941654497,1,predicted
1875-04,1,7.946188591,1,predicted
1875-05,1,7.950722684,1,predicted
1875-06,1,7.955256778,1,predicted
1875-07,1,7.959790872,1,predicted
1875-08,1,7.964324965,1,predicted
1875-09,1,7.968859059,1,predicted
1875-10,1,7.973393153,1,predicted
1875-11,1,7.977927247,1,predicted
1875-12,1,7.98246134,1,predicted
1876-01,1,7.986995434,1,predicted
1876-02,1,7.991529528,1,predicted
1876-03,1,7.996063621,1,predicted
1876-04,1,8.000597715,1,predicted
1876-05,1,8.005131809,1,predicted
1876-06,1,8.009665903,1,predicted
1876-07,1,8.014199996,1,predicted
1876-08,1,8.01873409,1,predicted
1876-09,1,8.023268184,1,predicted
1876-10,1,8.027802277,1,predicted
1876-11,1,8.032336371,1,predicted
1876-12,1,8.036870465,1,predicted
1877-01,1,8.041404559,1,predicted
1877-02,1,8.045938652,1,predicted
1877-03,1,8.050472746,1,predicted
1877-04,1,8.05500684,1,predicted
1877-05,1,8.059540933,1,predicted
1877-06,1,8.064075027,1,predicted
1877-07,1,8.068609121,1,predicted
1877-08,1,8.073143215,1,predicted
1877-09,1,8.077677308,1,predicted
1877-10,1,8.082211402,1,predicted
1877-11,1,8.086745496,1,predicted
1877-12,1,8.091279589,1,predicted
1878-01,1,8.095813683,1,predicted
1878-02,1,8.100347777,1,predicted
1878-03,1,8.104881871,1,predicted
1878-04,1,8.109415964,1,predicted
1878-05,1,8.113950058,1,predicted
1878-06,1,8.118484152,1,predicted
1878-07,1,8.123018245,1,predicted
1878-08,1,8.127552339,1,predicted
1878-09,1,8.132086433,1,predicted
1878-10,1,8.136620527,1,predicted
1878-11,1,8.14115462,1,predicted
1878-12,1,8.145688714,1,predicted
1879-01,1,8.150222808,1,predicted
1879-02,1,8.154756901,1,predicted
1879-03,1,8.159290995,1,predicted
1879-04,1,8.163825089,1,predicted
1879-05,1,8.168359183,1,predicted
1879-06,1,8.172893276,1,predicted
1879-07,1,8.17742737,1,predicted
1879-08,1,8.181961464,1,predicted
1879-09,1,8.186495557,1,predicted
1879-10,1,8.191029651,1,predicted
1879-11,1,8.195563745,1,predicted
1879-12,1,8.200097839,1,predicted
1880-01,1,8.204631932,1,predicted
1880-02,1,8.209166026,1,predicted
1880-03,1,8.21370012,1,predicted
1880-04,1,8.218234213,1,predicted
1880-05,1,8.222768307,1,predicted
1880-06,1,8.227302401,1,predicted
1880-07,1,8.231836495,1,predicted
1880-08,1,8.236370588,1,predicted
1880-09,1,8.240904682,1,predicted
1880-10,1,8.245438776,1,predicted
1880-11,1,8.249972869,1,predicted
1880-12,1,8.254506963,1,predicted
1881-01,1,8.259041057,1,predicted
1881-02,1,8.263575151,1,predicted
1881-03,1,8.268109244,1,predicted
1881-04,1,8.272643338,1,predicted
1881-05,1,8.277177432,1,predicted
1881-06,1,8.281711525,1,predicted
1881-07,1,8.286245619,1,predicted
1881-08,1,8.290779713,1,predicted
1881-09,1,8.295313807,1,predicted
1881-10,1,8.2998479,1,predicted
1881-11,1,8.304381994,1,predicted
1881-12,1,8.308916088,1,predicted
1882-01,1,8.313450181,1,predicted
1882-02,1,8.317984275,1,predicted
1882-03,1,8.322518369,1,predicted
1882-04,1,8.327052463,1,predicted
1882-05,1,8.331586556,1,predicted
1882-06,1,8.33612065,1,predicted
1882-07,1,8.340654744,1,predicted
1882-08,1,8.345188837,1,predicted
1882-09,1,8.349722931,1,predicted
1882-10,1,8.354257025,1,predicted
1882-11,1,8.358791119,1,predicted
1882-12,1,8.363325212,1,predicted
1883-01,1,8.367859306,1,predicted
1883-02,1,8.3723934,1,predicted
1883-03,1,8.376927493,1,predicted
1883-04,1,8.381461587,1,predicted
1883-05,1,8.385995681,1,predicted
1883-06,1,8.390529775,1,predicted
1883-07,1,8.395063868,1,predicted
1883-08,1,8.399597962,1,predicted
1883-09,1,8.404132056,1,predicted
1883-10,1,8.408666149,1,predicted
1883-11,1,8.413200243,1,predicted
1883-12,1,8.417734337,1,predicted
1884-01,1,8.422268431,1,predicted
1884-02,1,8.426802524,1,predicted
1884-03,1,8.431336618,1,predicted
1884-04,1,8.435870712,1,predicted
1884-05,1,8.440404805,1,predicted
1884-06,1,8.444938899,1,predicted
1884-07,1,8.449472993,1,predicted
1884-08,1,8.454007087,1,predicted
1884-09,1,8.45854118,1,predicted
1884-10,1,8.463075274,1,predicted
1884-11,1,8.467609368,1,predicted
1884-12,1,8.472143461,1,predicted
1885-01,1,8.476677555,1,predicted
1885-02,1,8.481211649,1,predicted
1885-03,1,8.485745743,1,predicted
1885-04,1,8.490279836,1,predicted
1885-05,1,8.49481393,1,predicted
1885-06,1,8.499348024,1,predicted
1885-07,1,8.503882117,1,predicted
1885-08,1,8.508416211,1,predicted
1885-09,1,8.512950305,1,predicted
1885-10,1,8.517484399,1,predicted
1885-11,1,8.522018492,1,predicted
1885-12,1,8.526552586,1,predicted
1886-01,1,8.53108668,1,predicted
1886-02,1,8.535620773,1,predicted
1886-03,1,8.540154867,1,predicted
1886-04,1,8.544688961,1,predicted
1886-05,1,8.549223055,1,predicted
1886-06,1,8.553757148,1,predicted
1886-07,1,8.558291242,1,predicted
1886-08,1,8.562825336,1,predicted
1886-09,1,8.567359429,1,predicted
1886-10,1,8.571893523,1,predicted
1886-11,1,8.576427617,1,predicted
1886-12,1,8.580961711,1,predicted
1887-01,1,8.585495804,1,predicted
1887-02,1,8.590029898,1,predicted
1887-03,1,8.594563992,1,predicted
1887-04,1,8.599098085,1,predicted
1887-05,1,8.603632179,1,predicted
1887-06,1,8.608166273,1,predicted
1887-07,1,8.612700367,1,predicted
1887-08,1,8.61723446,1,predicted
1887-09,1,8.621768554,1,predicted
1887-10,1,8.626302648,1,predicted
1887-11,1,8.630836741,1,predicted
1887-12,1,8.635370835,1,predicted
1888-01,1,8.639904929,1,predicted
1888-02,1,8.644439023,1,predicted
1888-03,1,8.648973116,1,predicted
1888-04,1,8.65350721,1,predicted
1888-05,1,8.658041304,1,predicted
1888-06,1,8.662575397,1,predicted
1888-07,1,8.667109491,1,predicted
1888-08,1,8.671643585,1,predicted
1888-09,1,8.676177679,1,predicted
1888-10,1,8.680711772,1,predicted
1888-11,1,8.685245866,1,predicted
1888-12,1,8.68977996,1,predicted
1889-01,1,8.694314053,1,predicted
1889-02,1,8.698848147,1,predicted
1889-03,1,8.703382241,1,predicted
1889-04,1,8.707916335,1,predicted
1889-05,1,8.712450428,1,predicted
1889-06,1,8.716984522,1,predicted
1889-07,1,8.721518616,1,predicted
1889-08,1,8.726052709,1,predicted
1889-09,1,8.730586803,1,predicted
1889-10,1,8.735120897,1,predicted
1889-11,1,8.739654991,1,predicted
1889-12,1,8.744189084,1,predicted
1890-01,1,8.748723178,1,predicted
1890-02,1.004291149,8.753257272,1,predicted
1890-03,1.018436099,8.757791365,1,predicted
1890-04,1.032581049,8.762325459,1,predicted
1890-05,1.046725998,8.766859553,1,predicted
1890-06,1.060870948,8.771393647,1,predicted
1890-07,1.075015898,8.77592774,1,predicted
1890-08,1.089160847,8.780461834,1,predicted
1890-09,1.103305797,8.784995928,1,predicted
1890-10,1.117450746,8.789530021,1,predicted
1890-11,1.131595696,8.794064115,1,predicted
1890-12,1.145740646,8.798598209,1,predicted
1891-01,1.159885595,8.803132303,1,predicted
1891-02,1.174030545,8.807666396,1,predicted
1891-03,1.188175495,8.81220049,1,predicted
1891-04,1.202320444,8.816734584,1,predicted
1891-05,1.216465394,8.821268677,1,predicted
1891-06,1.230610343,8.825802771,1,predicted
1891-07,1.244755293,8.830336865,1,predicted
1891-08,1.258900243,8.834870959,1,predicted
1891-09,1.273045192,8.839405052,1,predicted
1891-10,1.287190142,8.843939146,1,predicted
1891-11,1.301335092,8.84847324,1,predicted
1891-12,1.315480041,8.853007333,1,predicted
1892-01,1.329624991,8.857541427,1,predicted
1892-02,1.343769941,8.862075521,1,predicted
1892-03,1.35791489,8.866609615,1,predicted
1892-04,1.37205984,8.871143708,1,predicted
1892-05,1.386204789,8.875677802,1,predicted
1892-06,1.400349739,8.880211896,1,predicted
1892-07,1.414494689,8.884745989,1,predicted
1892-08,1.428639638,8.889280083,1,predicted
1892-09,1.442784588,8.893814177,1,predicted
1892-10,1.456929538,8.898348271,1,predicted
1892-11,1.471074487,8.902882364,1,predicted
1892-12,1.485219437,8.907416458,1,predicted
1893-01,1.499364386,8.911950552,1,predicted
1893-02,1.513509336,8.916484645,1,predicted
1893-03,1.527654286,8.921018739,1,predicted
1893-04,1.541799235,8.925552833,1,predicted
1893-05,1.555944185,8.930086927,1,predicted
1893-06,1.570089135,8.93462102,1,predicted
1893-07,1.584234084,8.939155114,1,predicted
1893-08,1.598379034,8.943689208,1,predicted
1893-09,1.612523983,8.948223301,1,predicted
1893-10,1.626668933,8.952757395,1,predicted
1893-11,1.640813883,8.957291489,1,predicted
1893-12,1.654958832,8.961825583,1,predicted
1894-01,1.669103782,8.966359676,1,predicted
1894-02,1.683248732,8.97089377,1,predicted
1894-03,1.697393681,8.975427864,1,predicted
1894-04,1.711538631,8.979961957,1,predicted
1894-05,1.72568358,8.984496051,1,predicted
1894-06,1.73982853,8.989030145,1,predicted
1894-07,1.75397348,8.993564239,1,predicted
1894-08,1.768118429,8.998098332,1,predicted
1894-09,1.782263379,9.002632426,1,predicted
1894-10,1.796408329,9.00716652,1,predicted
1894-11,1.810553278,9.011700613,1,predicted
1894-12,1.824698228,9.016234707,1,predicted
1895-01,1.838843177,9.020768801,1,predicted
1895-02,1.852988127,9.025302895,1,predicted
1895-03,1.867133077,9.029836988,1,predicted
1895-04,1.881278026,9.034371082,1,predicted
1895-05,1.895422976,9.038905176,1,predicted
1895-06,1.909567926,9.043439269,1,predicted
1895-07,1.923712875,9.047973363,1,predicted
1895-08,1.937857825,9.052507457,1,predicted
1895-09,1.952002774,9.057041551,1,predicted
1895-10,1.966147724,9.061575644,1,predicted
1895-11,1.980292674,9.066109738,1,predicted
1895-12,1.994437623,9.070643832,1,predicted
1896-01,2.008582573,9.075177925,1,predicted
1896-02,2.022727523,9.079712019,1,predicted
1896-03,2.036872472,9.084246113,1,predicted
1896-04,2.051017422,9.088780207,1,predicted
1896-05,2.065162371,9.0933143,1,predicted
1896-06,2.079307321,9.097848394,1,predicted
1896-07,2.093452271,9.102382488,1,predicted
1896-08,2.10759722,9.106916581,1,predicted
1896-09,2.12174217,9.111450675,1,predicted
1896-10,2.13588712,9.115984769,1,predicted
1896-11,2.150032069,9.120518863,1,predicted
1896-12,2.164177019,9.125052956,1,predicted
1897-01,2.178321968,9.12958705,1,predicted
1897-02,2.192466918,9.134121144,1,predicted
1897-03,2.206611868,9.138655237,1,predicted
1897-04,2.220756817,9.143189331,1,predicted
1897-05,2.234901767,9.147723425,1,predicted
1897-06,2.249046717,9.152257519,1,predicted
1897-07,2.263191666,9.156791612,1,predicted
1897-08,2.277336616,9.161325706,1,predicted
1897-09,2.291481565,9.1658598,1,predicted
1897-10,2.305626515,9.170393893,1,predicted
1897-11,2.319771465,9.174927987,1,predicted
1897-12,2.333916414,9.179462081,1,predicted
1898-01,2.348061364,9.183996175,1,predicted
1898-02,2.362206314,9.188530268,1,predicted
1898-03,2.376351263,9.193064362,1,predicted
1898-04,2.390496213,9.197598456,1,predicted
1898-05,2.404641162,9.202132549,1,predicted
1898-06,2.418786112,9.206666643,1,predicted
1898-07,2.432931062,9.211200737,1,predicted
1898-08,2.447076011,9.215734831,1,predicted
1898-09,2.461220961,9.220268924,1,predicted
1898-10,2.475365911,9.224803018,1,predicted
1898-11,2.48951086,9.229337112,1,predicted
1898-12,2.50365581,9.233871205,1,predicted
1899-01,2.517800759,9.238405299,1,predicted
1899-02,2.531945709,9.242939393,1,predicted
1899-03,2.546090659,9.247473487,1,predicted
1899-04,2.560235608,9.25200758,1,predicted
1899-05,2.574380558,9.256541674,1,predicted
1899-06,2.588525508,9.261075768,1,predicted
1899-07,2.602670457,9.265609861,1,predicted
1899-08,2.616815407,9.270143955,1,predicted
1899-09,2.630960357,9.274678049,1,predicted
1899-10,2.645105306,9.279212143,1,predicted
1899-11,2.659250256,9.283746236,1,predicted
1899-12,2.673395205,9.28828033,1,predicted
1900-01,2.687540155,9.292814424,1,predicted
1900-02,2.701685105,9.297348517,1,predicted
1900-03,2.715830054,9.301882611,1,predicted
1900-04,2.729975004,9.306416705,1,predicted
1900-05,2.744119954,9.310950799,1,predicted
1900-06,2.758264903,9.315484892,1,predicted
1900-07,2.772409853,9.320018986,1,predicted
1900-08,2.786554802,9.32455308,1,predicted
1900-09,2.800699752,9.329087173,1,predicted
1900-10,2.814844702,9.333621267,1,predicted
1900-11,2.828989651,9.338155361,1,predicted
1900-12,2.843134601,9.342689455,1,predicted
1901-01,2.857279551,9.347223548,1,predicted
1901-02,2.8714245,9.351757642,1,predicted
1901-03,2.88556945,9.356291736,1,predicted
1901-04,2.899714399,9.360825829,1,predicted
1901-05,2.913859349,9.365359923,1,predicted
1901-06,2.928004299,9.369894017,1,predicted
1901-07,2.942149248,9.374428111,1,predicted
1901-08,2.956294198,9.378962204,1,predicted
1901-09,2.970439148,9.383496298,1,predicted
1901-10,2.984584097,9.388030392,1,predicted
1901-11,2.998729047,9.392564485,1,predicted
1901-12,3.012873996,9.397098579,1,predicted
1902-01,3.027018946,9.401632673,1,predicted
1902-02,3.041163896,9.406166767,1,predicted
1902-03,3.055308845,9.41070086,1,predicted
1902-04,3.069453795,9.415234954,1,predicted
1902-05,3.083598745,9.419769048,1,predicted
1902-06,3.097743694,9.424303141,1,predicted
1902-07,3.111888644,9.428837235,1,predicted
1902-08,3.126033593,9.433371329,1,predicted
1902-09,3.140178543,9.437905423,1,predicted
1902-10,3.154323493,9.442439516,1,predicted
1902-11,3.168468442,9.44697361,1,predicted
1902-12,3.182613392,9.451507704,1,predicted
1903-01,3.196758342,9.456041797,1,predicted
1903-02,3.210903291,9.460575891,1,predicted
1903-03,3.225048241,9.465109985,1,predicted
1903-04,3.23919319,9.469644079,1,predicted
1903-05,3.25333814,9.474178172,1,predicted
1903-06,3.26748309,9.478712266,1,predicted
1903-07,3.281628039,9.48324636,1,predicted
1903-08,3.295772989,9.487780453,1,predicted
1903-09,3.309917939,9.492314547,1,predicted
1903-10,3.324062888,9.496848641,1,predicted
1903-11,3.338207838,9.501382735,1,predicted
1903-12,3.352352787,9.505916828,1,predicted
1904-01,3.366497737,9.510450922,1,predicted
1904-02,3.380642687,9.514985016,1,predicted
1904-03,3.394787636,9.519519109,1,predicted
1904-04,3.408932586,9.524053203,1,predicted
1904-05,3.423077536,9.528587297,1,predicted
1904-06,3.437222485,9.533121391,1,predicted
1904-07,3.451367435,9.537655484,1,predicted
1904-08,3.465512384,9.542189578,1,predicted
1904-09,3.479657334,9.546723672,1,predicted
1904-10,3.493802284,9.551257765,1,predicted
1904-11,3.507947233,9.555791859,1,predicted
1904-12,3.522092183,9.560325953,1,predicted
1905-01,3.536237133,9.564860047,1,predicted
1905-02,3.550382082,9.56939414,1,predicted
1905-03,3.564527032,9.573928234,1,predicted
1905-04,3.578671981,9.578462328,1,predicted
1905-05,3.592816931,9.582996421,1,predicted
1905-06,3.606961881,9.587530515,1,predicted
1905-07,3.62110683,9.592064609,1,predicted
1905-08,3.63525178,9.596598703,1,predicted
1905-09,3.64939673,9.601132796,1,predicted
1905-10,3.663541679,9.60566689,1,predicted
1905-11,3.677686629,9.610200984,1,predicted
1905-12,3.691831578,9.614735077,1,predicted
1906-01,3.705976528,9.619269171,1,predicted
1906-02,3.720121478,9.623803265,1,predicted
1906-03,3.734266427,9.628337359,1,predicted
1906-04,3.748411377,9.632871452,1,predicted
1906-05,3.762556327,9.637405546,1,predicted
1906-06,3.776701276,9.64193964,1,predicted
1906-07,3.790846226,9.646473733,1,predicted
1906-08,3.804991175,9.651007827,1,predicted
1906-09,3.819136125,9.655541921,1,predicted
1906-10,3.833281075,9.660076015,1,predicted
1906-11,3.847426024,9.664610108,1,predicted
1906-12,3.861570974,9.669144202,1,predicted
1907-01,3.875715924,9.673678296,1,predicted
1907-02,3.889860873,9.678212389,1,predicted
1907-03,3.904005823,9.682746483,1,predicted
1907-04,3.918150773,9.687280577,1,predicted
1907-05,3.932295722,9.691814671,1,predicted
1907-06,3.946440672,9.696348764,1,predicted
1907-07,3.960585621,9.700882858,1,predicted
1907-08,3.974730571,9.705416952,1,predicted
1907-09,3.988875521,9.709951045,1,predicted
1907-10,4.00302047,9.714485139,1,predicted
1907-11,4.01716542,9.719019233,1,predicted
1907-12,4.03131037,9.723553327,1,predicted
1908-01,4.045455319,9.72808742,1,predicted
1908-02,4.059600269,9.732621514,1,predicted
1908-03,4.073745218,9.737155608,1,predicted
1908-04,4.087890168,9.741689701,1,predicted
1908-05,4.102035118,9.746223795,1,predicted
1908-06,4.116180067,9.750757889,1,predicted
1908-07,4.130325017,9.755291983,1,predicted
1908-08,4.144469967,9.759826076,1,predicted
1908-09,4.158614916,9.76436017,1,predicted
1908-10,4.172759866,9.768894264,1,predicted
1908-11,4.186904815,9.773428357,1,predicted
1908-12,4.201049765,9.777962451,1,predicted
1909-01,4.215194715,9.782496545,1,predicted
1909-02,4.229339664,9.787030639,1,predicted
1909-03,4.243484614,9.791564732,1,predicted
1909-04,4.257629564,9.796098826,1,predicted
1909-05,4.271774513,9.80063292,1,predicted
1909-06,4.285919463,9.805167013,1,predicted
1909-07,4.300064412,9.809701107,1,predicted
1909-08,4.314209362,9.814235201,1,predicted
1909-09,4.328354312,9.818769295,1,predicted
1909-10,4.342499261,9.823303388,1,predicted
1909-11,4.356644211,9.827837482,1,predicted
1909-12,4.370789161,9.832371576,1,predicted
1910-01,4.38493411,9.836905669,1,predicted
1910-02,4.39907906,9.841439763,1,predicted
1910-03,4.413224009,9.845973857,1,predicted
1910-04,4.427368959,9.850507951,1,predicted
1910-05,4.441513909,9.855042044,1,predicted
1910-06,4.455658858,9.859576138,1,predicted
1910-07,4.469803808,9.864110232,1,predicted
1910-08,4.483948758,9.868644325,1,predicted
1910-09,4.498093707,9.873178419,1,predicted
1910-10,4.512238657,9.877712513,1,predicted
1910-11,4.526383606,9.882246607,1,predicted
1910-12,4.540528556,9.8867807,1,predicted
1911-01,4.554673506,9.891314794,1,predicted
1911-02,4.568818455,9.895848888,1,predicted
1911-03,4.582963405,9.900382981,1,predicted
1911-04,4.597108355,9.904917075,1,predicted
1911-05,4.611253304,9.909451169,1,predicted
1911-06,4.625398254,9.913985263,1,predicted
1911-07,4.639543203,9.918519356,1,predicted
1911-08,4.653688153,9.92305345,1,predicted
1911-09,4.667833103,9.927587544,1,predicted
1911-10,4.681978052,9.932121637,1,predicted
1911-11,4.696123002,9.936655731,1,predicted
1911-12,4.710267952,9.941189825,1,predicted
1912-01,4.724412901,9.945723919,1,predicted
1912-02,4.738557851,9.950258012,1,predicted
1912-03,4.7527028,9.954792106,1,predicted
1912-04,4.76684775,9.9593262,1,predicted
1912-05,4.7809927,9.963860293,1,predicted
1912-06,4.795137649,9.968394387,1,predicted
1912-07,4.809282599,9.972928481,1,predicted
1912-08,4.823427549,9.977462575,1,predicted
1912-09,4.837572498,9.981996668,1,predicted
1912-10,4.851717448,9.986530762,1,predicted
1912-11,4.865862397,9.991064856,1,predicted
1912-12,4.880007347,9.995598949,1,predicted
1913-01,4.894152297,10.00013304,1,predicted
1913-02,4.908297246,10.00466714,1,predicted
1913-03,4.922442196,10.00920123,1,predicted
1913-04,4.936587146,10.01373532,1,predicted
1913-05,4.950732095,10.01826942,1,predicted
1913-06,4.964877045,10.02280351,1,predicted
1913-07,4.979021994,10.02733761,1,predicted
1913-08,4.993166944,10.0318717,1,predicted
1913-09,5.007311894,10.03640579,1,predicted
1913-10,5.021456843,10.04093989,1,predicted
1913-11,5.035601793,10.04547398,1,predicted
1913-12,5.049746743,10.05000807,1,predicted
1914-01,5.063891692,10.05454217,1,predicted
1914-02,5.078036642,10.05907626,1,predicted
1914-03,5.092181591,10.06361036,1,predicted
1914-04,5.106326541,10.06814445,1,predicted
1914-05,5.120471491,10.07267854,1,predicted
1914-06,5.13461644,10.07721264,1,predicted
1914-07,5.14876139,10.08174673,1,predicted
1914-08,5.16290634,10.08628082,1,predicted
1914-09,5.177051289,10.09081492,1,predicted
1914-10,5.191196239,10.09534901,1,predicted
1914-11,5.205341189,10.0998831,1,predicted
1914-12,5.219486138,10.1044172,1,predicted
1915-01,5.233631088,10.10895129,1,predicted
1915-02,5.247776037,10.11348539,1,predicted
1915-03,5.261920987,10.11801948,1,predicted
1915-04,5.276065937,10.12255357,1,predicted
1915-05,5.290210886,10.12708767,1,predicted
1915-06,5.304355836,10.13162176,1,predicted
1915-07,5.318500786,10.13615585,1,predicted
1915-08,5.332645735,10.14068995,1,predicted
1915-09,5.346790685,10.14522404,1,predicted
1915-10,5.360935634,10.14975814,1,predicted
1915-11,5.375080584,10.15429223,1,predicted
1915-12,5.389225534,10.15882632,1,predicted
1916-01,5.403370483,10.16336042,1,predicted
1916-02,5.417515433,10.16789451,1,predicted
1916-03,5.431660383,10.1724286,1,predicted
1916-04,5.445805332,10.1769627,1,predicted
1916-05,5.459950282,10.18149679,1,predicted
1916-06,5.474095231,10.18603089,1,predicted
1916-07,5.488240181,10.19056498,1,predicted
1916-08,5.502385131,10.19509907,1,predicted
1916-09,5.51653008,10.19963317,1,predicted
1916-10,5.53067503,10.20416726,1,predicted
1916-11,5.54481998,10.20870135,1,predicted
1916-12,5.558964929,10.21323545,1,predicted
1917-01,5.573109879,10.21776954,1,predicted
1917-02,5.587254828,10.22230364,1,predicted
1917-03,5.601399778,10.22683773,1,predicted
1917-04,5.615544728,10.23137182,1,predicted
1917-05,5.629689677,10.23590592,1,predicted
1917-06,5.643834627,10.24044001,1,predicted
1917-07,5.657979577,10.2449741,1,predicted
1917-08,5.672124526,10.2495082,1,predicted
1917-09,5.686269476,10.25404229,1,predicted
1917-10,5.700414425,10.25857638,1,predicted
1917-11,5.714559375,10.26311048,1,predicted
1917-12,5.728704325,10.26764457,1,predicted
1918-01,5.742849274,10.27217867,1,predicted
1918-02,5.756994224,10.27671276,1,predicted
1918-03,5.771139174,10.28124685,1,predicted
1918-04,5.785284123,10.28578095,1,predicted
1918-05,5.799429073,10.29031504,1,predicted
1918-06,5.813574022,10.29484913,1,predicted
1918-07,5.827718972,10.29938323,1,predicted
1918-08,5.841863922,10.30391732,1,predicted
1918-09,5.856008871,10.30845142,1,predicted
1918-10,5.870153821,10.31298551,1,predicted
1918-11,5.884298771,10.3175196,1,predicted
1918-12,5.89844372,10.3220537,1,predicted
1919-01,5.91258867,10.32658779,1,predicted
1919-02,5.926733619,10.33112188,1.000960883,predicted
1919-03,5.940878569,10.33565598,1.016323352,predicted
1919-04,5.955023519,10.34019007,1.031685821,predicted
1919-05,5.969168468,10.34472417,1.04704829,predicted
1919-06,5.983313418,10.34925826,1.062410758,predicted
1919-07,5.997458368,10.35379235,1.077773227,predicted
1919-08,6.011603317,10.35832645,1.093135696,predicted
1919-09,6.025748267,10.36286054,1.108498165,predicted
1919-10,6.039893216,10.36739463,1.123860634,predicted
1919-11,6.054038166,10.37192873,1.139223103,predicted
1919-12,6.068183116,10.37646282,1.154585572,predicted
1920-01,6.082328065,10.38099692,1.169948041,predicted
1920-02,6.096473015,10.38553101,1.18531051,predicted
1920-03,6.110617965,10.3900651,1.200672979,predicted
1920-04,6.124762914,10.3945992,1.216035448,predicted
1920-05,6.138907864,10.39913329,1.231397917,predicted
1920-06,6.153052813,10.40366738,1.246760386,predicted
1920-07,6.167197763,10.40820148,1.262122855,predicted
1920-08,6.181342713,10.41273557,1.277485324,predicted
1920-09,6.195487662,10.41726966,1.292847793,predicted
1920-10,6.209632612,10.42180376,1.308210262,predicted
1920-11,6.223777562,10.42633785,1.32357273,predicted
1920-12,6.237922511,10.43087195,1.338935199,predicted
1921-01,6.252067461,10.43540604,1.354297668,predicted
1921-02,6.26621241,10.43994013,1.369660137,predicted
1921-03,6.28035736,10.44447423,1.385022606,predicted
1921-04,6.29450231,10.44900832,1.400385075,predicted
1921-05,6.308647259,10.45354241,1.415747544,predicted
1921-06,6.322792209,10.45807651,1.431110013,predicted
1921-07,6.336937159,10.4626106,1.446472482,predicted
1921-08,6.351082108,10.4671447,1.461834951,predicted
1921-09,6.365227058,10.47167879,1.47719742,predicted
1921-10,6.379372007,10.47621288,1.492559889,predicted
1921-11,6.393516957,10.48074698,1.507922358,predicted
1921-12,6.407661907,10.48528107,1.523284827,predicted
1922-01,6.421806856,10.48981516,1.538647296,predicted
1922-02,6.435951806,10.49434926,1.554009765,predicted
1922-03,6.450096756,10.49888335,1.569372234,predicted
1922-04,6.464241705,10.50341745,1.584734702,predicted
1922-05,6.478386655,10.50795154,1.600097171,predicted
1922-06,6.492531605,10.51248563,1.61545964,predicted
1922-07,6.506676554,10.51701973,1.630822109,predicted
1922-08,6.520821504,10.52155382,1.646184578,predicted
1922-09,6.534966453,10.52608791,1.661547047,predicted
1922-10,6.549111403,10.53062201,1.676909516,predicted
1922-11,6.563256353,10.5351561,1.692271985,predicted
1922-12,6.577401302,10.5396902,1.707634454,predicted
1923-01,6.591546252,10.54422429,1.722996923,predicted
1923-02,6.605691202,10.54875838,1.738359392,predicted
1923-03,6.619836151,10.55329248,1.753721861,predicted
1923-04,6.633981101,10.55782657,1.76908433,predicted
1923-05,6.64812605,10.56236066,1.784446799,predicted
1923-06,6.662271,10.56689476,1.799809268,predicted
1923-07,6.67641595,10.57142885,1.815171737,predicted
1923-08,6.690560899,10.57596294,1.830534206,predicted
1923-09,6.704705849,10.58049704,1.845896674,predicted
1923-10,6.718850799,10.58503113,1.861259143,predicted
1923-11,6.732995748,10.58956523,1.876621612,predicted
1923-12,6.747140698,10.59409932,1.891984081,predicted
1924-01,6.761285647,10.59863341,1.90734655,predicted
1924-02,6.775430597,10.60316751,1.922709019,predicted
1924-03,6.789575547,10.6077016,1.938071488,predicted
1924-04,6.803720496,10.61223569,1.953433957,predicted
1924-05,6.817865446,10.61676979,1.968796426,predicted
1924-06,6.832010396,10.62130388,1.984158895,predicted
1924-07,6.846155345,10.62583798,1.999521364,predicted
1924-08,6.860300295,10.63037207,2.014883833,predicted
1924-09,6.874445244,10.63490616,2.030246302,predicted
1924-10,6.888590194,10.63944026,2.045608771,predicted
1924-11,6.902735144,10.64397435,2.06097124,predicted
1924-12,6.916880093,10.64850844,2.076333709,predicted
1925-01,6.931025043,10.65304254,2.091696178,predicted
1925-02,6.945169993,10.65757663,2.107058646,predicted
1925-03,6.959314942,10.66211073,2.122421115,predicted
1925-04,6.973459892,10.66664482,2.137783584,predicted
1925-05,6.987604841,10.67117891,2.153146053,predicted
1925-06,7.001749791,10.67571301,2.168508522,predicted
1925-07,7.015894741,10.6802471,2.183870991,predicted
1925-08,7.03003969,10.68478119,2.19923346,predicted
1925-09,7.04418464,10.68931529,2.214595929,predicted
1925-10,7.05832959,10.69384938,2.229958398,predicted
1925-11,7.072474539,10.69838348,2.245320867,predicted
1925-12,7.086619489,10.70291757,2.260683336,predicted
1926-01,7.100764438,10.70745166,2.276045805,predicted
1926-02,7.114909388,10.71198576,2.291408274,predicted
1926-03,7.129054338,10.71651985,2.306770743,predicted
1926-04,7.143199287,10.72105394,2.322133212,predicted
1926-05,7.157344237,10.72558804,2.337495681,predicted
1926-06,7.171489187,10.73012213,2.35285815,predicted
1926-07,7.185634136,10.73465622,2.368220618,predicted
1926-08,7.199779086,10.73919032,2.383583087,predicted
1926-09,7.213924035,10.74372441,2.398945556,predicted
1926-10,7.228068985,10.74825851,2.414308025,predicted
1926-11,7.242213935,10.7527926,2.429670494,predicted
1926-12,7.256358884,10.75732669,2.445032963,predicted
1927-01,7.270503834,10.76186079,2.460395432,predicted
1927-02,7.284648784,10.76639488,2.475757901,predicted
1927-03,7.298793733,10.77092897,2.49112037,predicted
1927-04,7.312938683,10.77546307,2.506482839,predicted
1927-05,7.327083632,10.77999716,2.521845308,predicted
1927-06,7.341228582,10.78453126,2.537207777,predicted
1927-07,7.355373532,10.78906535,2.552570246,predicted
1927-08,7.369518481,10.79359944,2.567932715,predicted
1927-09,7.383663431,10.79813354,2.583295184,predicted
1927-10,7.397808381,10.80266763,2.598657653,predicted
1927-11,7.41195333,10.80720172,2.614020122,predicted
1927-12,7.42609828,10.81173582,2.62938259,predicted
1928-01,7.440243229,10.81626991,2.644745059,predicted
1928-02,7.454388179,10.82080401,2.660107528,predicted
1928-03,7.468533129,10.8253381,2.675469997,predicted
1928-04,7.482678078,10.82987219,2.690832466,predicted
1928-05,7.496823028,10.83440629,2.706194935,predicted
1928-06,7.510967978,10.83894038,2.721557404,predicted
1928-07,7.525112927,10.84347447,2.736919873,predicted
1928-08,7.539257877,10.84800857,2.752282342,predicted
1928-09,7.553402826,10.85254266,2.767644811,predicted
1928-10,7.567547776,10.85707676,2.78300728,predicted
1928-11,7.581692726,10.86161085,2.798369749,predicted
1928-12,7.595837675,10.86614494,2.813732218,predicted
1929-01,7.609982625,10.87067904,2.829094687,predicted
1929-02,7.624127575,10.87521313,2.844457156,predicted
1929-03,7.638272524,10.87974722,2.859819625,predicted
1929-04,7.652417474,10.88428132,2.875182093,predicted
1929-05,7.666562423,10.88881541,2.890544562,predicted
1929-06,7.680707373,10.8933495,2.905907031,predicted
1929-07,7.694852323,10.8978836,2.9212695,predicted
1929-08,7.708997272,10.90241769,2.936631969,predicted
1929-09,7.723142222,10.90695179,2.951994438,predicted
1929-10,7.737287172,10.91148588,2.967356907,predicted
1929-11,7.751432121,10.91601997,2.982719376,predicted
1929-12,7.765577071,10.92055407,2.998081845,predicted
1930-01,7.779722021,10.92508816,3.013444314,predicted
1930-02,7.79386697,10.92962225,3.028806783,predicted
1930-03,7.80801192,10.93415635,3.044169252,predicted
1930-04,7.822156869,10.93869044,3.059531721,predicted
1930-05,7.836301819,10.94322454,3.07489419,predicted
1930-06,7.850446769,10.94775863,3.090256659,predicted
1930-07,7.864591718,10.95229272,3.105619128,predicted
1930-08,7.878736668,10.95682682,3.120981597,predicted
1930-09,7.892881618,10.96136091,3.136344065,predicted
1930-10,7.907026567,10.965895,3.151706534,predicted
1930-11,7.921171517,10.9704291,3.167069003,predicted
1930-12,7.935316466,10.97496319,3.182431472,predicted
1931-01,7.949461416,10.97949729,3.197793941,predicted
1931-02,7.963606366,10.98403138,3.21315641,predicted
1931-03,7.977751315,10.98856547,3.228518879,predicted
1931-04,7.991896265,10.99309957,3.243881348,predicted
1931-05,8.006041215,10.99763366,3.259243817,predicted
1931-06,8.020186164,11.00216775,3.274606286,predicted
1931-07,8.034331114,11.00670185,3.289968755,predicted
1931-08,8.048476063,11.01123594,3.305331224,predicted
1931-09,8.062621013,11.01577004,3.320693693,predicted
1931-10,8.076765963,11.02030413,3.336056162,predicted
1931-11,8.090910912,11.02483822,3.351418631,predicted
1931-12,8.105055862,11.02937232,3.3667811,predicted
1932-01,8.119200812,11.03390641,3.382143569,predicted
1932-02,8.133345761,11.0384405,3.397506037,predicted
1932-03,8.147490711,11.0429746,3.412868506,predicted
1932-04,8.16163566,11.04750869,3.428230975,predicted
1932-05,8.17578061,11.05204278,3.443593444,predicted
1932-06,8.18992556,11.05657688,3.458955913,predicted
1932-07,8.204070509,11.06111097,3.474318382,predicted
1932-08,8.218215459,11.06564507,3.489680851,predicted
1932-09,8.232360409,11.07017916,3.50504332,predicted
1932-10,8.246505358,11.07471325,3.520405789,predicted
1932-11,8.260650308,11.07924735,3.535768258,predicted
1932-12,8.274795257,11.08378144,3.551130727,predicted
1933-01,8.288940207,11.08831553,3.566493196,predicted
1933-02,8.303085157,11.09284963,3.581855665,predicted
1933-03,8.317230106,11.09738372,3.597218134,predicted
1933-04,8.331375056,11.10191782,3.612580603,predicted
1933-05,8.345520006,11.10645191,3.627943072,predicted
1933-06,8.359664955,11.110986,3.643305541,predicted
1933-07,8.373809905,11.1155201,3.658668009,predicted
1933-08,8.387954854,11.12005419,3.674030478,predicted
1933-09,8.402099804,11.12458828,3.689392947,predicted
1933-10,8.416244754,11.12912238,3.704755416,predicted
1933-11,8.430389703,11.13365647,3.720117885,predicted
1933-12,8.444534653,11.13819057,3.735480354,predicted
1934-01,8.458679603,11.14272466,3.750842823,predicted
1934-02,8.472824552,11.14725875,3.766205292,predicted
1934-03,8.486969502,11.15179285,3.781567761,predicted
1934-04,8.501114451,11.15632694,3.79693023,predicted
1934-05,8.515259401,11.16086103,3.812292699,predicted
1934-06,8.529404351,11.16539513,3.827655168,predicted
1934-07,8.5435493,11.16992922,3.843017637,predicted
1934-08,8.55769425,11.17446332,3.858380106,predicted
1934-09,8.5718392,11.17899741,3.873742575,predicted
1934-10,8.585984149,11.1835315,3.889105044,predicted
1934-11,8.600129099,11.1880656,3.904467513,predicted
1934-12,8.614274048,11.19259969,3.919829981,predicted
1935-01,8.628418998,11.19713378,3.93519245,predicted
1935-02,8.642563948,11.20166788,3.950554919,predicted
1935-03,8.656708897,11.20620197,3.965917388,predicted
1935-04,8.670853847,11.21073606,3.981279857,predicted
1935-05,8.684998797,11.21527016,3.996642326,predicted
1935-06,8.699143746,11.21980425,4.012004795,predicted
1935-07,8.713288696,11.22433835,4.027367264,predicted
1935-08,8.727433645,11.22887244,4.042729733,predicted
1935-09,8.741578595,11.23340653,4.058092202,predicted
1935-10,8.755723545,11.23794063,4.073454671,predicted
1935-11,8.769868494,11.24247472,4.08881714,predicted
1935-12,8.784013444,11.24700881,4.104179609,predicted
1936-01,8.798158394,11.25154291,4.119542078,predicted
1936-02,8.812303343,11.256077,4.134904547,predicted
1936-03,8.826448293,11.2606111,4.150267016,predicted
1936-04,8.840593242,11.26514519,4.165629485,predicted
1936-05,8.854738192,11.26967928,4.180991953,predicted
1936-06,8.868883142,11.27421338,4.196354422,predicted
1936-07,8.883028091,11.27874747,4.211716891,predicted
1936-08,8.897173041,11.28328156,4.22707936,predicted
1936-09,8.911317991,11.28781566,4.242441829,predicted
1936-10,8.92546294,11.29234975,4.257804298,predicted
1936-11,8.93960789,11.29688385,4.273166767,predicted
1936-12,8.953752839,11.30141794,4.288529236,predicted
1937-01,8.967897789,11.30595203,4.303891705,predicted
1937-02,8.982042739,11.31048613,4.319254174,predicted
1937-03,8.996187688,11.31502022,4.334616643,predicted
1937-04,9.010332638,11.31955431,4.349979112,predicted
1937-05,9.024477588,11.32408841,4.365341581,predicted
1937-06,9.038622537,11.3286225,4.38070405,predicted
1937-07,9.052767487,11.3331566,4.396066519,predicted
1937-08,9.066912437,11.33769069,4.411428988,predicted
1937-09,9.081057386,11.34222478,4.426791457,predicted
1937-10,9.095202336,11.34675888,4.442153925,predicted
1937-11,9.109347285,11.35129297,4.457516394,predicted
1937-12,9.123492235,11.35582706,4.472878863,predicted
1938-01,9.137637185,11.36036116,4.488241332,predicted
1938-02,9.151782134,11.36489525,4.503603801,predicted
1938-03,9.165927084,11.36942934,4.51896627,predicted
1938-04,9.180072034,11.37396344,4.534328739,predicted
1938-05,9.194216983,11.37849753,4.549691208,predicted
1938-06,9.208361933,11.38303163,4.565053677,predicted
1938-07,9.222506882,11.38756572,4.580416146,predicted
1938-08,9.236651832,11.39209981,4.595778615,predicted
1938-09,9.250796782,11.39663391,4.611141084,predicted
1938-10,9.264941731,11.401168,4.626503553,predicted
1938-11,9.279086681,11.40570209,4.641866022,predicted
1938-12,9.293231631,11.41023619,4.657228491,predicted
1939-01,9.30737658,11.41477028,4.67259096,predicted
1939-02,9.32152153,11.41930438,4.687953428,predicted
1939-03,9.335666479,11.42383847,4.703315897,predicted
1939-04,9.349811429,11.42837256,4.718678366,predicted
1939-05,9.363956379,11.43290666,4.734040835,predicted
1939-06,9.378101328,11.43744075,4.749403304,predicted
1939-07,9.392246278,11.44197484,4.764765773,predicted
1939-08,9.406391228,11.44650894,4.780128242,predicted
1939-09,9.420536177,11.45104303,4.795490711,predicted
1939-10,9.434681127,11.45557713,4.81085318,predicted
1939-11,9.448826076,11.46011122,4.826215649,predicted
1939-12,9.462971026,11.46464531,4.841578118,predicted
1940-01,9.477115976,11.46917941,4.856940587,predicted
1940-02,9.491260925,11.4737135,4.872303056,predicted
1940-03,9.505405875,11.47824759,4.887665525,predicted
1940-04,9.519550825,11.48278169,4.903027994,predicted
1940-05,9.533695774,11.48731578,4.918390463,predicted
1940-06,9.547840724,11.49184988,4.933752932,predicted
1940-07,9.561985673,11.49638397,4.9491154,predicted
1940-08,9.576130623,11.50091806,4.964477869,predicted
1940-09,9.590275573,11.50545216,4.979840338,predicted
1940-10,9.604420522,11.50998625,4.995202807,predicted
1940-11,9.618565472,11.51452034,5.010565276,predicted
1940-12,9.632710422,11.51905444,5.025927745,predicted
1941-01,9.646855371,11.52358853,5.041290214,predicted
1941-02,9.661000321,11.52812262,5.056652683,predicted
1941-03,9.67514527,11.53265672,5.072015152,predicted
1941-04,9.68929022,11.53719081,5.087377621,predicted
1941-05,9.70343517,11.54172491,5.10274009,predicted
1941-06,9.717580119,11.546259,5.118102559,predicted
1941-07,9.731725069,11.55079309,5.133465028,predicted
1941-08,9.745870019,11.55532719,5.148827497,predicted
1941-09,9.760014968,11.55986128,5.164189966,predicted
1941-10,9.774159918,11.56439537,5.179552435,predicted
1941-11,9.788304867,11.56892947,5.194914904,predicted
1941-12,9.802449817,11.57346356,5.210277372,predicted
1942-01,9.816594767,11.57799766,5.225639841,predicted
1942-02,9.830739716,11.58253175,5.24100231,predicted
1942-03,9.844884666,11.58706584,5.256364779,predicted
1942-04,9.859029616,11.59159994,5.271727248,predicted
1942-05,9.873174565,11.59613403,5.287089717,predicted
1942-06,9.887319515,11.60066812,5.302452186,predicted
1942-07,9.901464464,11.60520222,5.317814655,predicted
1942-08,9.915609414,11.60973631,5.333177124,predicted
1942-09,9.929754364,11.61427041,5.348539593,predicted
1942-10,9.943899313,11.6188045,5.363902062,predicted
1942-11,9.958044263,11.62333859,5.379264531,predicted
1942-12,9.972189213,11.62787269,5.394627,predicted
1943-01,9.986334162,11.63240678,5.409989469,predicted
1943-02,10.00047911,11.63694087,5.425351938,predicted
1943-03,10.01462406,11.64147497,5.440714407,predicted
1943-04,10.02876901,11.64600906,5.456076876,predicted
1943-05,10.04291396,11.65054316,5.471439344,predicted
1943-06,10.05705891,11.65507725,5.486801813,predicted
1943-07,10.07120386,11.65961134,5.502164282,predicted
1943-08,10.08534881,11.66414544,5.517526751,predicted
1943-09,10.09949376,11.66867953,5.53288922,predicted
1943-10,10.11363871,11.67321362,5.548251689,predicted
1943-11,10.12778366,11.67774772,5.563614158,predicted
1943-12,10.14192861,11.68228181,5.578976627,predicted
1944-01,10.15607356,11.6868159,5.594339096,predicted
1944-02,10.17021851,11.69135,5.609701565,predicted
1944-03,10.18436346,11.69588409,5.625064034,predicted
1944-04,10.19850841,11.70041819,5.640426503,predicted
1944-05,10.21265336,11.70495228,5.655788972,predicted
1944-06,10.22679831,11.70948637,5.671151441,predicted
1944-07,10.24094326,11.71402047,5.68651391,predicted
1944-08,10.25508821,11.71855456,5.701876379,predicted
1944-09,10.26923315,11.72308865,5.717238848,predicted
1944-10,10.2833781,11.72762275,5.732601316,predicted
1944-11,10.29752305,11.73215684,5.747963785,predicted
1944-12,10.311668,11.73669094,5.763326254,predicted
1945-01,10.32581295,11.74122503,5.778688723,predicted
1945-02,10.3399579,11.74575912,5.794051192,predicted
1945-03,10.35410285,11.75029322,5.809413661,predicted
1945-04,10.3682478,11.75482731,5.82477613,predicted
1945-05,10.38239275,11.7593614,5.840138599,predicted
1945-06,10.3965377,11.7638955,5.855501068,predicted
1945-07,10.41068265,11.76842959,5.870863537,predicted
1945-08,10.4248276,11.77296369,5.886226006,predicted
1945-09,10.43897255,11.77749778,5.901588475,predicted
1945-10,10.4531175,11.78203187,5.916950944,predicted
1945-11,10.46726245,11.78656597,5.932313413,predicted
1945-12,10.4814074,11.79110006,5.947675882,predicted
1946-01,10.49555235,11.79563415,5.963038351,predicted
1946-02,10.5096973,11.80016825,5.97840082,predicted
1946-03,10.52384225,11.80470234,5.993763288,predicted
1946-04,10.5379872,11.80923644,6.009125757,predicted
1946-05,10.55213215,11.81377053,6.024488226,predicted
1946-06,10.5662771,11.81830462,6.039850695,predicted
1946-07,10.58042205,11.82283872,6.055213164,predicted
1946-08,10.594567,11.82737281,6.070575633,predicted
1946-09,10.60871195,11.8319069,6.085938102,predicted
1946-10,10.6228569,11.836441,6.101300571,predicted
1946-11,10.63700185,11.84097509,6.11666304,predicted
1946-12,10.65114679,11.84550918,6.132025509,predicted
1947-01,10.66529174,11.85004328,6.147387978,predicted
1947-02,10.67943669,11.85457737,6.162750447,predicted
1947-03,10.69358164,11.85911147,6.178112916,predicted
1947-04,10.70772659,11.86364556,6.193475385,predicted
1947-05,10.72187154,11.86817965,6.208837854,predicted
1947-06,10.73601649,11.87271375,6.224200323,predicted
1947-07,10.75016144,11.87724784,6.239562792,predicted
1947-08,10.76430639,11.88178193,6.25492526,predicted
1947-09,10.77845134,11.88631603,6.270287729,predicted
1947-10,10.79259629,11.89085012,6.285650198,predicted
1947-11,10.80674124,11.89538422,6.301012667,predicted
1947-12,10.82088619,11.89991831,6.316375136,predicted
1948-01,10.83503114,11.9044524,6.331737605,predicted
1948-02,10.84917609,11.9089865,6.347100074,predicted
1948-03,10.86332104,11.91352059,6.362462543,predicted
1948-04,10.87746599,11.91805468,6.377825012,predicted
1948-05,10.89161094,11.92258878,6.393187481,predicted
1948-06,10.90575589,11.92712287,6.40854995,predicted
1948-07,10.91990084,11.93165697,6.423912419,predicted
1948-08,10.93404579,11.93619106,6.439274888,predicted
1948-09,10.94819074,11.94072515,6.454637357,predicted
1948-10,10.96233569,11.94525925,6.469999826,predicted
1948-11,10.97648064,11.94979334,6.485362295,predicted
1948-12,10.99062559,11.95432743,6.500724763,predicted
1949-01,11.00477054,11.95886153,6.516087232,predicted
1949-02,11.01891548,11.96339562,6.531449701,predicted
1949-03,11.03306043,11.96792972,6.54681217,predicted
1949-04,11.04720538,11.97246381,6.562174639,predicted
1949-05,11.06135033,11.9769979,6.577537108,predicted
1949-06,11.07549528,11.981532,6.592899577,predicted
1949-07,11.08964023,11.98606609,6.608262046,predicted
1949-08,11.10378518,11.99060018,6.623624515,predicted
1949-09,11.11793013,11.99513428,6.638986984,predicted
1949-10,11.13207508,11.99966837,6.654349453,predicted
1949-11,11.14622003,12.00420246,6.669711922,predicted
1949-12,11.16036498,12.00873656,6.685074391,predicted
1950-01,11.17450993,12.01327065,6.70043686,predicted
1950-02,11.18865488,12.01780475,6.715799329,predicted
1950-03,11.20279983,12.02233884,6.731161798,predicted
1950-04,11.21694478,12.02687293,6.746524267,predicted
1950-05,11.23108973,12.03140703,6.761886735,predicted
1950-06,11.24523468,12.03594112,6.777249204,predicted
1950-07,11.25937963,12.04047521,6.792611673,predicted
1950-08,11.27352458,12.04500931,6.807974142,predicted
1950-09,11.28766953,12.0495434,6.823336611,predicted
1950-10,11.30181448,12.0540775,6.83869908,predicted
1950-11,11.31595943,12.05861159,6.854061549,predicted
1950-12,11.33010438,12.06314568,6.869424018,predicted
1951-01,11.34424933,12.06767978,6.884786487,predicted
1951-02,11.35839428,12.07221387,6.900148956,predicted
1951-03,11.37253923,12.07674796,6.915511425,predicted
1951-04,11.38668418,12.08128206,6.930873894,predicted
1951-05,11.40082912,12.08581615,6.946236363,predicted
1951-06,11.41497407,12.09035025,6.961598832,predicted
1951-07,11.42911902,12.09488434,6.976961301,predicted
1951-08,11.44326397,12.09941843,6.99232377,predicted
1951-09,11.45740892,12.10395253,7.007686239,predicted
1951-10,11.47155387,12.10848662,7.023048707,predicted
1951-11,11.48569882,12.11302071,7.038411176,predicted
1951-12,11.49984377,12.11755481,7.053773645,predicted
1952-01,11.51398872,12.1220889,7.069136114,predicted
1952-02,11.52813367,12.126623,7.084498583,predicted
1952-03,11.54227862,12.13115709,7.099861052,predicted
1952-04,11.55642357,12.13569118,7.115223521,predicted
1952-05,11.57056852,12.14022528,7.13058599,predicted
1952-06,11.58471347,12.14475937,7.145948459,predicted
1952-07,11.59885842,12.14929346,7.161310928,predicted
1952-08,11.61300337,12.15382756,7.176673397,predicted
1952-09,11.62714832,12.15836165,7.192035866,predicted
1952-10,11.64129327,12.16289574,7.207398335,predicted
1952-11,11.65543822,12.16742984,7.222760804,predicted
1952-12,11.66958317,12.17196393,7.238123273,predicted
1953-01,11.68372812,12.17649803,7.253485742,predicted
1953-02,11.69787307,12.18103212,7.268848211,predicted
1953-03,11.71201802,12.18556621,7.284210679,predicted
1953-04,11.72616297,12.19010031,7.299573148,predicted
1953-05,11.74030792,12.1946344,7.314935617,predicted
1953-06,11.75445287,12.19916849,7.330298086,predicted
1953-07,11.76859782,12.20370259,7.345660555,predicted
1953-08,11.78274276,12.20823668,7.361023024,predicted
1953-09,11.79688771,12.21277078,7.376385493,predicted
1953-10,11.81103266,12.21730487,7.391747962,predicted
1953-11,11.82517761,12.22183896,7.407110431,predicted
1953-12,11.83932256,12.22637306,7.4224729,predicted
1954-01,11.85346751,12.23090715,7.437835369,predicted
1954-02,11.86761246,12.23544124,7.453197838,predicted
1954-03,11.88175741,12.23997534,7.468560307,predicted
1954-04,11.89590236,12.24450943,7.483922776,predicted
1954-05,11.91004731,12.24904353,7.499285245,predicted
1954-06,11.92419226,12.25357762,7.514647714,predicted
1954-07,11.93833721,12.25811171,7.530010183,predicted
1954-08,11.95248216,12.26264581,7.545372651,predicted
1954-09,11.96662711,12.2671799,7.56073512,predicted
1954-10,11.98077206,12.27171399,7.576097589,predicted
1954-11,11.99491701,12.27624809,7.591460058,predicted
1954-12,12.00906196,12.28078218,7.606822527,predicted
1955-01,12.02320691,12.28531628,7.622184996,predicted
1955-02,12.03735186,12.28985037,7.637547465,predicted
1955-03,12.05149681,12.29438446,7.652909934,predicted
1955-04,12.06564176,12.29891856,7.668272403,predicted
1955-05,12.07978671,12.30345265,7.683634872,predicted
1955-06,12.09393166,12.30798674,7.698997341,predicted
1955-07,12.10807661,12.31252084,7.71435981,predicted
1955-08,12.12222156,12.31705493,7.729722279,predicted
1955-09,12.13636651,12.32158902,7.745084748,predicted
1955-10,12.15051146,12.32612312,7.760447217,predicted
1955-11,12.1646564,12.33065721,7.775809686,predicted
1955-12,12.17880135,12.33519131,7.791172155,predicted
1956-01,12.1929463,12.3397254,7.806534623,predicted
1956-02,12.20709125,12.34425949,7.821897092,predicted
1956-03,12.2212362,12.34879359,7.837259561,predicted
1956-04,12.23538115,12.35332768,7.85262203,predicted
1956-05,12.2495261,12.35786177,7.867984499,predicted
1956-06,12.26367105,12.36239587,7.883346968,predicted
1956-07,12.277816,12.36692996,7.898709437,predicted
1956-08,12.29196095,12.37146406,7.914071906,predicted
1956-09,12.3061059,12.37599815,7.929434375,predicted
1956-10,12.32025085,12.38053224,7.944796844,predicted
1956-11,12.3343958,12.38506634,7.960159313,predicted
1956-12,12.34854075,12.38960043,7.975521782,predicted
1957-01,12.3626857,12.39413452,7.990884251,predicted
1957-02,12.37683065,12.39866862,8.00624672,predicted
1957-03,12.3909756,12.40320271,8.021609189,predicted
1957-04,12.40512055,12.40773681,8.036971658,predicted
1957-05,12.4192655,12.4122709,8.052334126,predicted
1957-06,12.43341045,12.41680499,8.067696595,predicted
1957-07,12.4475554,12.42133909,8.083059064,predicted
1957-08,12.46170035,12.42587318,8.098421533,predicted
1957-09,12.4758453,12.43040727,8.113784002,predicted
1957-10,12.48999025,12.43494137,8.129146471,predicted
1957-11,12.5041352,12.43947546,8.14450894,predicted
1957-12,12.51828015,12.44400956,8.159871409,predicted
1958-01,12.53242509,12.44854365,8.175233878,predicted
1958-02,12.54657004,12.45307774,8.190596347,predicted
1958-03,12.56071499,12.45761184,8.205958816,predicted
1958-04,12.57485994,12.46214593,8.221321285,predicted
1958-05,12.58900489,12.46668002,8.236683754,predicted
1958-06,12.60314984,12.47121412,8.252046223,predicted
1958-07,12.61729479,12.47574821,8.267408692,predicted
1958-08,12.63143974,12.4802823,8.282771161,predicted
1958-09,12.64558469,12.4848164,8.29813363,predicted
1958-10,12.65972964,12.48935049,8.313496098,predicted
1958-11,12.67387459,12.49388459,8.328858567,predicted
1958-12,12.68801954,12.49841868,8.344221036,predicted
1959-01,12.70216449,12.50295277,8.359583505,predicted
1959-02,12.71630944,12.50748687,8.374945974,predicted
1959-03,12.73045439,12.51202096,8.390308443,predicted
1959-04,12.74459934,12.51655505,8.405670912,predicted
1959-05,12.75874429,12.52108915,8.421033381,predicted
1959-06,12.77288924,12.52562324,8.43639585,predicted
1959-07,12.78703419,12.53015734,8.451758319,predicted
1959-08,12.80117914,12.53469143,8.467120788,predicted
1959-09,12.81532409,12.53922552,8.482483257,predicted
1959-10,12.82946904,12.54375962,8.497845726,predicted
1959-11,12.84361399,12.54829371,8.513208195,predicted
1959-12,12.85775894,12.5528278,8.528570664,predicted
1960-01,12.92553682,12.57455367,8.602182494,actual
1960-02,12.92553682,12.57455367,8.602182494,actual
1960-03,12.92553682,12.57455367,8.602182494,actual
1960-04,12.92553682,12.57455367,8.602182494,actual
1960-05,12.92553682,12.57455367,8.602182494,actual
1960-06,12.92553682,12.57455367,8.602182494,actual
1960-07,12.92553682,12.57455367,8.602182494,actual
1960-08,12.92553682,12.57455367,8.602182494,actual
1960-09,12.92553682,12.57455367,8.602182494,actual
1960-10,12.92553682,12.57455367,8.602182494,actual
1960-11,12.92553682,12.57455367,8.602182494,actual
1960-12,12.92553682,12.57455367,8.602182494,actual
1961-01,13.19370149,12.66051253,8.893429301,actual
1961-02,13.19370149,12.66051253,8.893429301,actual
1961-03,13.19370149,12.66051253,8.893429301,actual
1961-04,13.19370149,12.66051253,8.893429301,actual
1961-05,13.19370149,12.66051253,8.893429301,actual
1961-06,13.19370149,12.66051253,8.893429301,actual
1961-07,13.19370149,12.66051253,8.893429301,actual
1961-08,13.19370149,12.66051253,8.893429301,actual
1961-09,13.19370149,12.66051253,8.893429301,actual
1961-10,13.19370149,12.66051253,8.893429301,actual
1961-11,13.19370149,12.66051253,8.893429301,actual
1961-12,13.19370149,12.66051253,8.893429301,actual
1962-01,12.88531212,12.23071822,8.831019271,actual
1962-02,12.88531212,12.23071822,8.831019271,actual
1962-03,12.88531212,12.23071822,8.831019271,actual
1962-04,12.88531212,12.23071822,8.831019271,actual
1962-05,12.88531212,12.23071822,8.831019271,actual
1962-06,12.88531212,12.23071822,8.831019271,actual
1962-07,12.88531212,12.23071822,8.831019271,actual
1962-08,12.88531212,12.23071822,8.831019271,actual
1962-09,12.88531212,12.23071822,8.831019271,actual
1962-10,12.88531212,12.23071822,8.831019271,actual
1962-11,12.88531212,12.23071822,8.831019271,actual
1962-12,12.88531212,12.23071822,8.831019271,actual
1963-01,12.63055569,11.78864406,8.955839331,actual
1963-02,12.63055569,11.78864406,8.955839331,actual
1963-03,12.63055569,11.78864406,8.955839331,actual
1963-04,12.63055569,11.78864406,8.955839331,actual
1963-05,12.63055569,11.78864406,8.955839331,actual
1963-06,12.63055569,11.78864406,8.955839331,actual
1963-07,12.63055569,11.78864406,8.955839331,actual
1963-08,12.63055569,11.78864406,8.955839331,actual
1963-09,12.63055569,11.78864406,8.955839331,actual
1963-10,12.63055569,11.78864406,8.955839331,actual
1963-11,12.63055569,11.78864406,8.955839331,actual
1963-12,12.63055569,11.78864406,8.955839331,actual
1964-01,12.65737216,11.76408439,9.143069422,actual
1964-02,12.65737216,11.76408439,9.143069422,actual
1964-03,12.65737216,11.76408439,9.143069422,actual
1964-04,12.65737216,11.76408439,9.143069422,actual
1964-05,12.65737216,11.76408439,9.143069422,actual
1964-06,12.65737216,11.76408439,9.143069422,actual
1964-07,12.65737216,11.76408439,9.143069422,actual
1964-08,12.65737216,11.76408439,9.143069422,actual
1964-09,12.65737216,11.76408439,9.143069422,actual
1964-10,12.65737216,11.76408439,9.143069422,actual
1964-11,12.65737216,11.76408439,9.143069422,actual
1964-12,12.65737216,11.76408439,9.143069422,actual
1965-01,13.08643562,12.10791984,9.611144648,actual
1965-02,13.08643562,12.10791984,9.611144648,actual
1965-03,13.08643562,12.10791984,9.611144648,actual
1965-04,13.08643562,12.10791984,9.611144648,actual
1965-05,13.08643562,12.10791984,9.611144648,actual
1965-06,13.08643562,12.10791984,9.611144648,actual
1965-07,13.08643562,12.10791984,9.611144648,actual
1965-08,13.08643562,12.10791984,9.611144648,actual
1965-09,13.08643562,12.10791984,9.611144648,actual
1965-10,13.08643562,12.10791984,9.611144648,actual
1965-11,13.08643562,12.10791984,9.611144648,actual
1965-12,13.08643562,12.10791984,9.611144648,actual
1966-01,13.20710972,12.12019968,10.01680984,actual
1966-02,13.20710972,12.12019968,10.01680984,actual
1966-03,13.20710972,12.12019968,10.01680984,actual
1966-04,13.20710972,12.12019968,10.01680984,actual
1966-05,13.20710972,12.12019968,10.01680984,actual
1966-06,13.20710972,12.12019968,10.01680984,actual
1966-07,13.20710972,12.12019968,10.01680984,actual
1966-08,13.20710972,12.12019968,10.01680984,actual
1966-09,13.20710972,12.12019968,10.01680984,actual
1966-10,13.20710972,12.12019968,10.01680984,actual
1966-11,13.20710972,12.12019968,10.01680984,actual
1966-12,13.20710972,12.12019968,10.01680984,actual
1967-01,13.40823322,12.27983757,10.4016717,actual
1967-02,13.40823322,12.27983757,10.4016717,actual
1967-03,13.40823322,12.27983757,10.4016717,actual
1967-04,13.40823322,12.27983757,10.4016717,actual
1967-05,13.40823322,12.27983757,10.4016717,actual
1967-06,13.40823322,12.27983757,10.4016717,actual
1967-07,13.40823322,12.27983757,10.4016717,actual
1967-08,13.40823322,12.27983757,10.4016717,actual
1967-09,13.40823322,12.27983757,10.4016717,actual
1967-10,13.40823322,12.27983757,10.4016717,actual
1967-11,13.40823322,12.27983757,10.4016717,actual
1967-12,13.40823322,12.27983757,10.4016717,actual
1968-01,12.68418863,11.06413365,10.4016717,actual
1968-02,12.68418863,11.06413365,10.4016717,actual
1968-03,12.68418863,11.06413365,10.4016717,actual
1968-04,12.68418863,11.06413365,10.4016717,actual
1968-05,12.68418863,11.06413365,10.4016717,actual
1968-06,12.68418863,11.06413365,10.4016717,actual
1968-07,12.68418863,11.06413365,10.4016717,actual
1968-08,12.68418863,11.06413365,10.4016717,actual
1968-09,12.68418863,11.06413365,10.4016717,actual
1968-10,12.68418863,11.06413365,10.4016717,actual
1968-11,12.68418863,11.06413365,10.4016717,actual
1968-12,12.68418863,11.06413365,10.4016717,actual
1969-01,10.61932071,8.841483048,9.496169027,actual
1969-02,10.61932071,8.841483048,9.496169027,actual
1969-03,10.61932071,8.841483048,9.496169027,actual
1969-04,10.61932071,8.841483048,9.496169027,actual
1969-05,10.61932071,8.841483048,9.496169027,actual
1969-06,10.61932071,8.841483048,9.496169027,actual
1969-07,10.61932071,8.841483048,9.496169027,actual
1969-08,10.61932071,8.841483048,9.496169027,actual
1969-09,10.61932071,8.841483048,9.496169027,actual
1969-10,10.61932071,8.841483048,9.496169027,actual
1969-11,10.61932071,8.841483048,9.496169027,actual
1969-12,10.61932071,8.841483048,9.496169027,actual
1970-01,10.04276668,8.509927433,9.101462735,actual
1970-02,10.04276668,8.509927433,9.101462735,actual
1970-03,10.04276668,8.509927433,9.101462735,actual
1970-04,10.04276668,8.509927433,9.101462735,actual
1970-05,10.04276668,8.509927433,9.101462735,actual
1970-06,10.04276668,8.509927433,9.101462735,actual
1970-07,10.04276668,8.509927433,9.101462735,actual
1970-08,10.04276668,8.509927433,9.101462735,actual
1970-09,10.04276668,8.509927433,9.101462735,actual
1970-10,10.04276668,8.509927433,9.101462735,actual
1970-11,10.04276668,8.509927433,9.101462735,actual
1970-12,10.04276668,8.509927433,9.101462735,actual
1971-01,10.10980785,8.706404834,9.542605062,actual
1971-02,10.10980785,8.706404834,9.542605062,actual
1971-03,10.10980785,8.706404834,9.542605062,actual
1971-04,10.10980785,8.706404834,9.542605062,actual
1971-05,10.10980785,8.706404834,9.542605062,actual
1971-06,10.10980785,8.706404834,9.542605062,actual
1971-07,10.10980785,8.706404834,9.542605062,actual
1971-08,10.10980785,8.706404834,9.542605062,actual
1971-09,10.10980785,8.706404834,9.542605062,actual
1971-10,10.10980785,8.706404834,9.542605062,actual
1971-11,10.10980785,8.706404834,9.542605062,actual
1971-12,10.10980785,8.706404834,9.542605062,actual
1972-01,9.975725515,8.755524185,9.403296958,actual
1972-02,9.975725515,8.755524185,9.403296958,actual
1972-03,9.975725515,8.755524185,9.403296958,actual
1972-04,9.975725515,8.755524185,9.403296958,actual
1972-05,9.975725515,8.755524185,9.403296958,actual
1972-06,9.975725515,8.755524185,9.403296958,actual
1972-07,9.975725515,8.755524185,9.403296958,actual
1972-08,9.975725515,8.755524185,9.403296958,actual
1972-09,9.975725515,8.755524185,9.403296958,actual
1972-10,9.975725515,8.755524185,9.403296958,actual
1972-11,9.975725515,8.755524185,9.403296958,actual
1972-12,9.975725515,8.755524185,9.403296958,actual
1973-01,10.33774781,9.271277362,9.983747388,actual
1973-02,10.33774781,9.271277362,9.983747388,actual
1973-03,10.33774781,9.271277362,9.983747388,actual
1973-04,10.33774781,9.271277362,9.983747388,actual
1973-05,10.33774781,9.271277362,9.983747388,actual
1973-06,10.33774781,9.271277362,9.983747388,actual
1973-07,10.33774781,9.271277362,9.983747388,actual
1973-08,10.33774781,9.271277362,9.983747388,actual
1973-09,10.33774781,9.271277362,9.983747388,actual
1973-10,10.33774781,9.271277362,9.983747388,actual
1973-11,10.33774781,9.271277362,9.983747388,actual
1973-12,10.33774781,9.271277362,9.983747388,actual
1974-01,16.65302566,15.58311387,14.00046436,actual
1974-02,16.65302566,15.58311387,14.00046436,actual
1974-03,16.65302566,15.58311387,14.00046436,actual
1974-04,16.65302566,15.58311387,14.00046436,actual
1974-05,16.65302566,15.58311387,14.00046436,actual
1974-06,16.65302566,15.58311387,14.00046436,actual
1974-07,16.65302566,15.58311387,14.00046436,actual
1974-08,16.65302566,15.58311387,14.00046436,actual
1974-09,16.65302566,15.58311387,14.00046436,actual
1974-10,16.65302566,15.58311387,14.00046436,actual
1974-11,16.65302566,15.58311387,14.00046436,actual
1974-12,16.65302566,15.58311387,14.00046436,actual
1975-01,26.65556764,21.93178989,19.64244254,actual
1975-02,26.65556764,21.93178989,19.64244254,actual
1975-03,26.65556764,21.93178989,19.64244254,actual
1975-04,26.65556764,21.93178989,19.64244254,actual
1975-05,26.65556764,21.93178989,19.64244254,actual
1975-06,26.65556764,21.93178989,19.64244254,actual
1975-07,26.65556764,21.93178989,19.64244254,actual
1975-08,26.65556764,21.93178989,19.64244254,actual
1975-09,26.65556764,21.93178989,19.64244254,actual
1975-10,26.65556764,21.93178989,19.64244254,actual
1975-11,26.65556764,21.93178989,19.64244254,actual
1975-12,26.65556764,21.93178989,19.64244254,actual
1976-01,21.93586955,20.93602191,16.29904806,actual
1976-02,21.93586955,20.93602191,16.29904806,actual
1976-03,21.93586955,20.93602191,16.29904806,actual
1976-04,21.93586955,20.93602191,16.29904806,actual
1976-05,21.93586955,20.93602191,16.29904806,actual
1976-06,21.93586955,20.93602191,16.29904806,actual
1976-07,21.93586955,20.93602191,16.29904806,actual
1976-08,21.93586955,20.93602191,16.29904806,actual
1976-09,21.93586955,20.93602191,16.29904806,actual
1976-10,21.93586955,20.93602191,16.29904806,actual
1976-11,21.93586955,20.93602191,16.29904806,actual
1976-12,21.93586955,20.93602191,16.29904806,actual
1977-01,21.50680608,21.4090117,16.64731832,actual
1977-02,21.50680608,21.4090117,16.64731832,actual
1977-03,21.50680608,21.4090117,16.64731832,actual
1977-04,21.50680608,21.4090117,16.64731832,actual
1977-05,21.50680608,21.4090117,16.64731832,actual
1977-06,21.50680608,21.4090117,16.64731832,actual
1977-07,21.50680608,21.4090117,16.64731832,actual
1977-08,21.50680608,21.4090117,16.64731832,actual
1977-09,21.50680608,21.4090117,16.64731832,actual
1977-10,21.50680608,21.4090117,16.64731832,actual
1977-11,21.50680608,21.4090117,16.64731832,actual
1977-12,21.50680608,21.4090117,16.64731832,actual
1978-01,21.65429665,21.1849639,17.25098677,actual
1978-02,21.65429665,21.1849639,17.25098677,actual
1978-03,21.65429665,21.1849639,17.25098677,actual
1978-04,21.65429665,21.1849639,17.25098677,actual
1978-05,21.65429665,21.1849639,17.25098677,actual
1978-06,21.65429665,21.1849639,17.25098677,actual
1978-07,21.65429665,21.1849639,17.25098677,actual
1978-08,21.65429665,21.1849639,17.25098677,actual
1978-09,21.65429665,21.1849639,17.25098677,actual
1978-10,21.65429665,21.1849639,17.25098677,actual
1978-11,21.65429665,21.1849639,17.25098677,actual
1978-12,21.65429665,21.1849639,17.25098677,actual
1979-01,23.571674,22.67861588,20.13776024,actual
1979-02,23.571674,22.67861588,20.13776024,actual
1979-03,23.571674,22.67861588,20.13776024,actual
1979-04,23.571674,22.67861588,20.13776024,actual
1979-05,23.571674,22.67861588,20.13776024,actual
1979-06,23.571674,22.67861588,20.13776024,actual
1979-07,23.571674,22.67861588,20.13776024,actual
1979-08,23.571674,22.67861588,20.13776024,actual
1979-09,23.571674,22.67861588,20.13776024,actual
1979-10,23.571674,22.67861588,20.13776024,actual
1979-11,23.571674,22.67861588,20.13776024,actual
1979-12,23.571674,22.67861588,20.13776024,actual
1980-01,29.87354361,28.9021658,25.49338287,actual
1980-02,29.87354361,28.9021658,25.49338287,actual
1980-03,29.87354361,28.9021658,25.49338287,actual
1980-04,29.87354361,28.9021658,25.49338287,actual
1980-05,29.87354361,28.9021658,25.49338287,actual
1980-06,29.87354361,28.9021658,25.49338287,actual
1980-07,29.87354361,28.9021658,25.49338287,actual
1980-08,29.87354361,28.9021658,25.49338287,actual
1980-09,29.87354361,28.9021658,25.49338287,actual
1980-10,29.87354361,28.9021658,25.49338287,actual
1980-11,29.87354361,28.9021658,25.49338287,actual
1980-12,29.87354361,28.9021658,25.49338287,actual
1981-01,32.99766195,31.31690316,26.39888554,actual
1981-02,32.99766195,31.31690316,26.39888554,actual
1981-03,32.99766195,31.31690316,26.39888554,actual
1981-04,32.99766195,31.31690316,26.39888554,actual
1981-05,32.99766195,31.31690316,26.39888554,actual
1981-06,32.99766195,31.31690316,26.39888554,actual
1981-07,32.99766195,31.31690316,26.39888554,actual
1981-08,32.99766195,31.31690316,26.39888554,actual
1981-09,32.99766195,31.31690316,26.39888554,actual
1981-10,32.99766195,31.31690316,26.39888554,actual
1981-11,32.99766195,31.31690316,26.39888554,actual
1981-12,32.99766195,31.31690316,26.39888554,actual
1982-01,32.62223142,30.34602938,26.2131414,actual
1982-02,32.62223142,30.34602938,26.2131414,actual
1982-03,32.62223142,30.34602938,26.2131414,actual
1982-04,32.62223142,30.34602938,26.2131414,actual
1982-05,32.62223142,30.34602938,26.2131414,actual
1982-06,32.62223142,30.34602938,26.2131414,actual
1982-07,32.62223142,30.34602938,26.2131414,actual
1982-08,32.62223142,30.34602938,26.2131414,actual
1982-09,32.62223142,30.34602938,26.2131414,actual
1982-10,32.62223142,30.34602938,26.2131414,actual
1982-11,32.62223142,30.34602938,26.2131414,actual
1982-12,32.62223142,30.34602938,26.2131414,actual
1983-01,30.38305648,28.6034354,24.68075226,actual
1983-02,30.38305648,28.6034354,24.68075226,actual
1983-03,30.38305648,28.6034354,24.68075226,actual
1983-04,30.38305648,28.6034354,24.68075226,actual
1983-05,30.38305648,28.6034354,24.68075226,actual
1983-06,30.38305648,28.6034354,24.68075226,actual
1983-07,30.38305648,28.6034354,24.68075226,actual
1983-08,30.38305648,28.6034354,24.68075226,actual
1983-09,30.38305648,28.6034354,24.68075226,actual
1983-10,30.38305648,28.6034354,24.68075226,actual
1983-11,30.38305648,28.6034354,24.68075226,actual
1983-12,30.38305648,28.6034354,24.68075226,actual
1984-01,31.71047156,30.74433657,25.28442071,actual
1984-02,31.71047156,30.74433657,25.28442071,actual
1984-03,31.71047156,30.74433657,25.28442071,actual
1984-04,31.71047156,30.74433657,25.28442071,actual
1984-05,31.71047156,30.74433657,25.28442071,actual
1984-06,31.71047156,30.74433657,25.28442071,actual
1984-07,31.71047156,30.74433657,25.28442071,actual
1984-08,31.71047156,30.74433657,25.28442071,actual
1984-09,31.71047156,30.74433657,25.28442071,actual
1984-10,31.71047156,30.74433657,25.28442071,actual
1984-11,31.71047156,30.74433657,25.28442071,actual
1984-12,31.71047156,30.74433657,25.28442071,actual
1985-01,30.76276423,30.47050037,24.47179011,actual
1985-02,30.76276423,30.47050037,24.47179011,actual
1985-03,30.76276423,30.47050037,24.47179011,actual
1985-04,30.76276423,30.47050037,24.47179011,actual
1985-05,30.76276423,30.47050037,24.47179011,actual
1985-06,30.76276423,30.47050037,24.47179011,actual
1985-07,30.76276423,30.47050037,24.47179011,actual
1985-08,30.76276423,30.47050037,24.47179011,actual
1985-09,30.76276423,30.47050037,24.47179011,actual
1985-10,30.76276423,30.47050037,24.47179011,actual
1985-11,30.76276423,30.47050037,24.47179011,actual
1985-12,30.76276423,30.47050037,24.47179011,actual
1986-01,28.08774126,26.98531242,23.98421175,actual
1986-02,28.08774126,26.98531242,23.98421175,actual
1986-03,28.08774126,26.98531242,23.98421175,actual
1986-04,28.08774126,26.98531242,23.98421175,actual
1986-05,28.08774126,26.98531242,23.98421175,actual
1986-06,28.08774126,26.98531242,23.98421175,actual
1986-07,28.08774126,26.98531242,23.98421175,actual
1986-08,28.08774126,26.98531242,23.98421175,actual
1986-09,28.08774126,26.98531242,23.98421175,actual
1986-10,28.08774126,26.98531242,23.98421175,actual
1986-11,28.08774126,26.98531242,23.98421175,actual
1986-12,28.08774126,26.98531242,23.98421175,actual
1987-01,28.67494142,25.84017924,25.74878105,actual
1987-02,28.67494142,25.84017924,25.74878105,actual
1987-03,28.67494142,25.84017924,25.74878105,actual
1987-04,28.67494142,25.84017924,25.74878105,actual
1987-05,28.67494142,25.84017924,25.74878105,actual
1987-06,28.67494142,25.84017924,25.74878105,actual
1987-07,28.67494142,25.84017924,25.74878105,actual
1987-08,28.67494142,25.84017924,25.74878105,actual
1987-09,28.67494142,25.84017924,25.74878105,actual
1987-10,28.67494142,25.84017924,25.74878105,actual
1987-11,28.67494142,25.84017924,25.74878105,actual
1987-12,28.67494142,25.84017924,25.74878105,actual
1988-01,32.36125357,29.82325118,29.55653587,actual
1988-02,32.36125357,29.82325118,29.55653587,actual
1988-03,32.36125357,29.82325118,29.55653587,actual
1988-04,32.36125357,29.82325118,29.55653587,actual
1988-05,32.36125357,29.82325118,29.55653587,actual
1988-06,32.36125357,29.82325118,29.55653587,actual
1988-07,32.36125357,29.82325118,29.55653587,actual
1988-08,32.36125357,29.82325118,29.55653587,actual
1988-09,32.36125357,29.82325118,29.55653587,actual
1988-10,32.36125357,29.82325118,29.55653587,actual
1988-11,32.36125357,29.82325118,29.55653587,actual
1988-12,32.36125357,29.82325118,29.55653587,actual
1989-01,33.0136982,30.07219318,29.25470165,actual
1989-02,33.0136982,30.07219318,29.25470165,actual
1989-03,33.0136982,30.07219318,29.25470165,actual
1989-04,33.0136982,30.07219318,29.25470165,actual
1989-05,33.0136982,30.07219318,29.25470165,actual
1989-06,33.0136982,30.07219318,29.25470165,actual
1989-07,33.0136982,30.07219318,29.25470165,actual
1989-08,33.0136982,30.07219318,29.25470165,actual
1989-09,33.0136982,30.07219318,29.25470165,actual
1989-10,33.0136982,30.07219318,29.25470165,actual
1989-11,33.0136982,30.07219318,29.25470165,actual
1989-12,33.0136982,30.07219318,29.25470165,actual
1990-01,31.05636432,29.84814538,26.86324588,actual
1990-02,31.05636432,29.84814538,26.86324588,actual
1990-03,31.05636432,29.84814538,26.86324588,actual
1990-04,31.05636432,29.84814538,26.86324588,actual
1990-05,31.05636432,29.84814538,26.86324588,actual
1990-06,31.05636432,29.84814538,26.86324588,actual
1990-07,31.05636432,29.84814538,26.86324588,actual
1990-08,31.05636432,29.84814538,26.86324588,actual
1990-09,31.05636432,29.84814538,26.86324588,actual
1990-10,31.05636432,29.84814538,26.86324588,actual
1990-11,31.05636432,29.84814538,26.86324588,actual
1990-12,31.05636432,29.84814538,26.86324588,actual
1991-01,32.29600911,31.44137416,27.37404226,actual
1991-02,32.29600911,31.44137416,27.37404226,actual
1991-03,32.29600911,31.44137416,27.37404226,actual
1991-04,32.29600911,31.44137416,27.37404226,actual
1991-05,32.29600911,31.44137416,27.37404226,actual
1991-06,32.29600911,31.44137416,27.37404226,actual
1991-07,32.29600911,31.44137416,27.37404226,actual
1991-08,32.29600911,31.44137416,27.37404226,actual
1991-09,32.29600911,31.44137416,27.37404226,actual
1991-10,32.29600911,31.44137416,27.37404226,actual
1991-11,32.29600911,31.44137416,27.37404226,actual
1991-12,32.29600911,31.44137416,27.37404226,actual
1992-01,30.8280087,30.29624098,24.98258649,actual
1992-02,30.8280087,30.29624098,24.98258649,actual
1992-03,30.8280087,30.29624098,24.98258649,actual
1992-04,30.8280087,30.29624098,24.98258649,actual
1992-05,30.8280087,30.29624098,24.98258649,actual
1992-06,30.8280087,30.29624098,24.98258649,actual
1992-07,30.8280087,30.29624098,24.98258649,actual
1992-08,30.8280087,30.29624098,24.98258649,actual
1992-09,30.8280087,30.29624098,24.98258649,actual
1992-10,30.8280087,30.29624098,24.98258649,actual
1992-11,30.8280087,30.29624098,24.98258649,actual
1992-12,30.8280087,30.29624098,24.98258649,actual
1993-01,29.5883639,30.59497137,22.63756675,actual
1993-02,29.5883639,30.59497137,22.63756675,actual
1993-03,29.5883639,30.59497137,22.63756675,actual
1993-04,29.5883639,30.59497137,22.63756675,actual
1993-05,29.5883639,30.59497137,22.63756675,actual
1993-06,29.5883639,30.59497137,22.63756675,actual
1993-07,29.5883639,30.59497137,22.63756675,actual
1993-08,29.5883639,30.59497137,22.63756675,actual
1993-09,29.5883639,30.59497137,22.63756675,actual
1993-10,29.5883639,30.59497137,22.63756675,actual
1993-11,29.5883639,30.59497137,22.63756675,actual
1993-12,29.5883639,30.59497137,22.63756675,actual
1994-01,33.82925399,34.00547672,27.53656838,actual
1994-02,33.82925399,34.00547672,27.53656838,actual
1994-03,33.82925399,34.00547672,27.53656838,actual
1994-04,33.82925399,34.00547672,27.53656838,actual
1994-05,33.82925399,34.00547672,27.53656838,actual
1994-06,33.82925399,34.00547672,27.53656838,actual
1994-07,33.82925399,34.00547672,27.53656838,actual
1994-08,33.82925399,34.00547672,27.53656838,actual
1994-09,33.82925399,34.00547672,27.53656838,actual
1994-10,33.82925399,34.00547672,27.53656838,actual
1994-11,33.82925399,34.00547672,27.53656838,actual
1994-12,33.82925399,34.00547672,27.53656838,actual
1995-01,38.82045539,39.20836445,32.2962619,actual
1995-02,38.82045539,39.20836445,32.2962619,actual
1995-03,38.82045539,39.20836445,32.2962619,actual
1995-04,38.82045539,39.20836445,32.2962619,actual
1995-05,38.82045539,39.20836445,32.2962619,actual
1995-06,38.82045539,39.20836445,32.2962619,actual
1995-07,38.82045539,39.20836445,32.2962619,actual
1995-08,38.82045539,39.20836445,32.2962619,actual
1995-09,38.82045539,39.20836445,32.2962619,actual
1995-10,38.82045539,39.20836445,32.2962619,actual
1995-11,38.82045539,39.20836445,32.2962619,actual
1995-12,38.82045539,39.20836445,32.2962619,actual
1996-01,40.28845581,39.60667165,34.91989784,actual
1996-02,40.28845581,39.60667165,34.91989784,actual
1996-03,40.28845581,39.60667165,34.91989784,actual
1996-04,40.28845581,39.60667165,34.91989784,actual
1996-05,40.28845581,39.60667165,34.91989784,actual
1996-06,40.28845581,39.60667165,34.91989784,actual
1996-07,40.28845581,39.60667165,34.91989784,actual
1996-08,40.28845581,39.60667165,34.91989784,actual
1996-09,40.28845581,39.60667165,34.91989784,actual
1996-10,40.28845581,39.60667165,34.91989784,actual
1996-11,40.28845581,39.60667165,34.91989784,actual
1996-12,40.28845581,39.60667165,34.91989784,actual
1997-01,39.37503333,39.93029624,32.64453216,actual
1997-02,39.37503333,39.93029624,32.64453216,actual
1997-03,39.37503333,39.93029624,32.64453216,actual
1997-04,39.37503333,39.93029624,32.64453216,actual
1997-05,39.37503333,39.93029624,32.64453216,actual
1997-06,39.37503333,39.93029624,32.64453216,actual
1997-07,39.37503333,39.93029624,32.64453216,actual
1997-08,39.37503333,39.93029624,32.64453216,actual
1997-09,39.37503333,39.93029624,32.64453216,actual
1997-10,39.37503333,39.93029624,32.64453216,actual
1997-11,39.37503333,39.93029624,32.64453216,actual
1997-12,39.37503333,39.93029624,32.64453216,actual
1998-01,36.50427696,33.25865073,32.18017181,actual
1998-02,36.50427696,33.25865073,32.18017181,actual
1998-03,36.50427696,33.25865073,32.18017181,actual
1998-04,36.50427696,33.25865073,32.18017181,actual
1998-05,36.50427696,33.25865073,32.18017181,actual
1998-06,36.50427696,33.25865073,32.18017181,actual
1998-07,36.50427696,33.25865073,32.18017181,actual
1998-08,36.50427696,33.25865073,32.18017181,actual
1998-09,36.50427696,33.25865073,32.18017181,actual
1998-10,36.50427696,33.25865073,32.18017181,actual
1998-11,36.50427696,33.25865073,32.18017181,actual
1998-12,36.50427696,33.25865073,32.18017181,actual
1999-01,34.57956531,29.52452079,30.74065475,actual
1999-02,34.57956531,29.52452079,30.74065475,actual
1999-03,34.57956531,29.52452079,30.74065475,actual
1999-04,34.57956531,29.52452079,30.74065475,actual
1999-05,34.57956531,29.52452079,30.74065475,actual
1999-06,34.57956531,29.52452079,30.74065475,actual
1999-07,34.57956531,29.52452079,30.74065475,actual
1999-08,34.57956531,29.52452079,30.74065475,actual
1999-09,34.57956531,29.52452079,30.74065475,actual
1999-10,34.57956531,29.52452079,30.74065475,actual
1999-11,34.57956531,29.52452079,30.74065475,actual
1999-12,34.57956531,29.52452079,30.74065475,actual
2000-01,34.84054316,36.0219069,27.62944045,actual
2000-02,34.84054316,36.0219069,27.62944045,actual
2000-03,34.84054316,36.0219069,27.62944045,actual
2000-04,34.84054316,36.0219069,27.62944045,actual
2000-05,34.84054316,36.0219069,27.62944045,actual
2000-06,34.84054316,36.0219069,27.62944045,actual
2000-07,34.84054316,36.0219069,27.62944045,actual
2000-08,34.84054316,36.0219069,27.62944045,actual
2000-09,34.84054316,36.0219069,27.62944045,actual
2000-10,34.84054316,36.0219069,27.62944045,actual
2000-11,34.84054316,36.0219069,27.62944045,actual
2000-12,34.84054316,36.0219069,27.62944045,actual
2001-01,37.87441068,42.7433408,30.04411423,actual
2001-02,37.87441068,42.7433408,30.04411423,actual
2001-03,37.87441068,42.7433408,30.04411423,actual
2001-04,37.87441068,42.7433408,30.04411423,actual
2001-05,37.87441068,42.7433408,30.04411423,actual
2001-06,37.87441068,42.7433408,30.04411423,actual
2001-07,37.87441068,42.7433408,30.04411423,actual
2001-08,37.87441068,42.7433408,30.04411423,actual
2001-09,37.87441068,42.7433408,30.04411423,actual
2001-10,37.87441068,42.7433408,30.04411423,actual
2001-11,37.87441068,42.7433408,30.04411423,actual
2001-12,37.87441068,42.7433408,30.04411423,actual
2002-01,33.86187622,32.76076674,30.83352682,actual
2002-02,33.86187622,32.76076674,30.83352682,actual
2002-03,33.86187622,32.76076674,30.83352682,actual
2002-04,33.86187622,32.76076674,30.83352682,actual
2002-05,33.86187622,32.76076674,30.83352682,actual
2002-06,33.86187622,32.76076674,30.83352682,actual
2002-07,33.86187622,32.76076674,30.83352682,actual
2002-08,33.86187622,32.76076674,30.83352682,actual
2002-09,33.86187622,32.76076674,30.83352682,actual
2002-10,33.86187622,32.76076674,30.83352682,actual
2002-11,33.86187622,32.76076674,30.83352682,actual
2002-12,33.86187622,32.76076674,30.83352682,actual
2003-01,45.84254755,44.06273338,33.75899698,actual
2003-02,45.84254755,44.06273338,33.75899698,actual
2003-03,45.84254755,44.06273338,33.75899698,actual
2003-04,45.84254755,44.06273338,33.75899698,actual
2003-05,45.84254755,44.06273338,33.75899698,actual
2003-06,45.84254755,44.06273338,33.75899698,actual
2003-07,45.84254755,44.06273338,33.75899698,actual
2003-08,45.84254755,44.06273338,33.75899698,actual
2003-09,45.84254755,44.06273338,33.75899698,actual
2003-10,45.84254755,44.06273338,33.75899698,actual
2003-11,45.84254755,44.06273338,33.75899698,actual
2003-12,45.84254755,44.06273338,33.75899698,actual
2004-01,47.45687749,50.75927309,37.45066171,actual
2004-02,47.45687749,50.75927309,37.45066171,actual
2004-03,47.45687749,50.75927309,37.45066171,actual
2004-04,47.45687749,50.75927309,37.45066171,actual
2004-05,47.45687749,50.75927309,37.45066171,actual
2004-06,47.45687749,50.75927309,37.45066171,actual
2004-07,47.45687749,50.75927309,37.45066171,actual
2004-08,47.45687749,50.75927309,37.45066171,actual
2004-09,47.45687749,50.75927309,37.45066171,actual
2004-10,47.45687749,50.75927309,37.45066171,actual
2004-11,47.45687749,50.75927309,37.45066171,actual
2004-12,47.45687749,50.75927309,37.45066171,actual
2005-01,52.23352499,58.97435897,40.23682378,actual
2005-02,52.23352499,58.97435897,40.23682378,actual
2005-03,52.23352499,58.97435897,40.23682378,actual
2005-04,52.23352499,58.97435897,40.23682378,actual
2005-05,52.23352499,58.97435897,40.23682378,actual
2005-06,52.23352499,58.97435897,40.23682378,actual
2005-07,52.23352499,58.97435897,40.23682378,actual
2005-08,52.23352499,58.97435897,40.23682378,actual
2005-09,52.23352499,58.97435897,40.23682378,actual
2005-10,52.23352499,58.97435897,40.23682378,actual
2005-11,52.23352499,58.97435897,40.23682378,actual
2005-12,52.23352499,58.97435897,40.23682378,actual
2006-01,54.62184874,61.14015434,42.65149756,actual
2006-02,54.62184874,61.14015434,42.65149756,actual
2006-03,54.62184874,61.14015434,42.65149756,actual
2006-04,54.62184874,61.14015434,42.65149756,actual
2006-05,54.62184874,61.14015434,42.65149756,actual
2006-06,54.62184874,61.14015434,42.65149756,actual
2006-07,54.62184874,61.14015434,42.65149756,actual
2006-08,54.62184874,61.14015434,42.65149756,actual
2006-09,54.62184874,61.14015434,42.65149756,actual
2006-10,54.62184874,61.14015434,42.65149756,actual
2006-11,54.62184874,61.14015434,42.65149756,actual
2006-12,54.62184874,61.14015434,42.65149756,actual
2007-01,67.13843432,69.33034603,59.76317622,actual
2007-02,67.13843432,69.33034603,59.76317622,actual
2007-03,67.13843432,69.33034603,59.76317622,actual
2007-04,67.13843432,69.33034603,59.76317622,actual
2007-05,67.13843432,69.33034603,59.76317622,actual
2007-06,67.13843432,69.33034603,59.76317622,actual
2007-07,67.13843432,69.33034603,59.76317622,actual
2007-08,67.13843432,69.33034603,59.76317622,actual
2007-09,67.13843432,69.33034603,59.76317622,actual
2007-10,67.13843432,69.33034603,59.76317622,actual
2007-11,67.13843432,69.33034603,59.76317622,actual
2007-12,67.13843432,69.33034603,59.76317622,actual
2008-01,122.7333038,106.2982325,134.7341537,actual
2008-02,122.7333038,106.2982325,134.7341537,actual
2008-03,122.7333038,106.2982325,134.7341537,actual
2008-04,122.7333038,106.2982325,134.7341537,actual
2008-05,122.7333038,106.2982325,134.7341537,actual
2008-06,122.7333038,106.2982325,134.7341537,actual
2008-07,122.7333038,106.2982325,134.7341537,actual
2008-08,122.7333038,106.2982325,134.7341537,actual
2008-09,122.7333038,106.2982325,134.7341537,actual
2008-10,122.7333038,106.2982325,134.7341537,actual
2008-11,122.7333038,106.2982325,134.7341537,actual
2008-12,122.7333038,106.2982325,134.7341537,actual
2009-01,71.69394073,68.55862584,61.69027165,actual
2009-02,71.69394073,68.55862584,61.69027165,actual
2009-03,71.69394073,68.55862584,61.69027165,actual
2009-04,71.69394073,68.55862584,61.69027165,actual
2009-05,71.69394073,68.55862584,61.69027165,actual
2009-06,71.69394073,68.55862584,61.69027165,actual
2009-07,71.69394073,68.55862584,61.69027165,actual
2009-08,71.69394073,68.55862584,61.69027165,actual
2009-09,71.69394073,68.55862584,61.69027165,actual
2009-10,71.69394073,68.55862584,61.69027165,actual
2009-11,71.69394073,68.55862584,61.69027165,actual
2009-12,71.69394073,68.55862584,61.69027165,actual
2010-01,75.14374171,71.7699776,71.58114697,actual
2010-02,75.14374171,71.7699776,71.58114697,actual
2010-03,75.14374171,71.7699776,71.58114697,actual
2010-04,75.14374171,71.7699776,71.58114697,actual
2010-05,75.14374171,71.7699776,71.58114697,actual
2010-06,75.14374171,71.7699776,71.58114697,actual
2010-07,75.14374171,71.7699776,71.58114697,actual
2010-08,75.14374171,71.7699776,71.58114697,actual
2010-09,75.14374171,71.7699776,71.58114697,actual
2010-10,75.14374171,71.7699776,71.58114697,actual
2010-11,75.14374171,71.7699776,71.58114697,actual
2010-12,75.14374171,71.7699776,71.58114697,actual
2011-01,100,100,100,actual
2011-02,100,100,100,actual
2011-03,100,100,100,actual
2011-04,100,100,100,actual
2011-05,100,100,100,actual
2011-06,100,100,100,actual
2011-07,100,100,100,actual
2011-08,100,100,100,actual
2011-09,100,100,100,actual
2011-10,100,100,100,actual
2011-11,100,100,100,actual
2011-12,100,100,100,actual
2012-01,100.5307386,107.9661439,94.21871372,actual
2012-02,100.5307386,107.9661439,94.21871372,actual
2012-03,100.5307386,107.9661439,94.21871372,actual
2012-04,100.5307386,107.9661439,94.21871372,actual
2012-05,100.5307386,107.9661439,94.21871372,actual
2012-06,100.5307386,107.9661439,94.21871372,actual
2012-07,100.5307386,107.9661439,94.21871372,actual
2012-08,100.5307386,107.9661439,94.21871372,actual
2012-09,100.5307386,107.9661439,94.21871372,actual
2012-10,100.5307386,107.9661439,94.21871372,actual
2012-11,100.5307386,107.9661439,94.21871372,actual
2012-12,100.5307386,107.9661439,94.21871372,actual
2013-01,93.89650597,103.9332835,84.88507081,actual
2013-02,93.89650597,103.9332835,84.88507081,actual
2013-03,93.89650597,103.9332835,84.88507081,actual
2013-04,93.89650597,103.9332835,84.88507081,actual
2013-05,93.89650597,103.9332835,84.88507081,actual
2013-06,93.89650597,103.9332835,84.88507081,actual
2013-07,93.89650597,103.9332835,84.88507081,actual
2013-08,93.89650597,103.9332835,84.88507081,actual
2013-09,93.89650597,103.9332835,84.88507081,actual
2013-10,93.89650597,103.9332835,84.88507081,actual
2013-11,93.89650597,103.9332835,84.88507081,actual
2013-12,93.89650597,103.9332835,84.88507081,actual
2014-01,89.87173817,96.04182226,81.54167634,actual
2014-02,89.87173817,96.04182226,81.54167634,actual
2014-03,89.87173817,96.04182226,81.54167634,actual
2014-04,89.87173817,96.04182226,81.54167634,actual
2014-05,89.87173817,96.04182226,81.54167634,actual
2014-06,89.87173817,96.04182226,81.54167634,actual
2014-07,89.87173817,96.04182226,81.54167634,actual
2014-08,89.87173817,96.04182226,81.54167634,actual
2014-09,89.87173817,96.04182226,81.54167634,actual
2014-10,89.87173817,96.04182226,81.54167634,actual
2014-11,89.87173817,96.04182226,81.54167634,actual
2014-12,89.87173817,96.04182226,81.54167634,actual
2015-01,87.70455551,90.68956933,80.70582772,actual
2015-02,87.70455551,90.68956933,80.70582772,actual
2015-03,87.70455551,90.68956933,80.70582772,actual
2015-04,87.70455551,90.68956933,80.70582772,actual
2015-05,87.70455551,90.68956933,80.70582772,actual
2015-06,87.70455551,90.68956933,80.70582772,actual
2015-07,87.70455551,90.68956933,80.70582772,actual
2015-08,87.70455551,90.68956933,80.70582772,actual
2015-09,87.70455551,90.68956933,80.70582772,actual
2015-10,87.70455551,90.68956933,80.70582772,actual
2015-11,87.70455551,90.68956933,80.70582772,actual
2015-12,87.70455551,90.68956933,80.70582772,actual
2016-01,74.65723131,73.61214837,65.86951474,actual
2016-02,74.65723131,73.61214837,65.86951474,actual
2016-03,74.65723131,73.61214837,65.86951474,actual
2016-04,74.65723131,73.61214837,65.86951474,actual
2016-05,74.65723131,73.61214837,65.86951474,actual
2016-06,74.65723131,73.61214837,65.86951474,actual
2016-07,74.65723131,73.61214837,65.86951474,actual
2016-08,74.65723131,73.61214837,65.86951474,actual
2016-09,74.65723131,73.61214837,65.86951474,actual
2016-10,74.65723131,73.61214837,65.86951474,actual
2016-11,74.65723131,73.61214837,65.86951474,actual
2016-12,74.65723131,73.61214837,65.86951474,actual
2017-01,71.64971252,70.45058501,61.73670769,actual
2017-02,71.64971252,70.45058501,61.73670769,actual
2017-03,71.64971252,70.45058501,61.73670769,actual
2017-04,71.64971252,70.45058501,61.73670769,actual
2017-05,71.64971252,70.45058501,61.73670769,actual
2017-06,71.64971252,70.45058501,61.73670769,actual
2017-07,71.64971252,70.45058501,61.73670769,actual
2017-08,71.64971252,70.45058501,61.73670769,actual
2017-09,71.64971252,70.45058501,61.73670769,actual
2017-10,71.64971252,70.45058501,61.73670769,actual
2017-11,71.64971252,70.45058501,61.73670769,actual
2017-12,71.64971252,70.45058501,61.73670769,actual
2018-01,78.01857585,75.92730894,70.86138844,actual
2018-02,78.01857585,75.92730894,70.86138844,actual
2018-03,78.01857585,75.92730894,70.86138844,actual
2018-04,78.01857585,75.92730894,70.86138844,actual
2018-05,78.01857585,75.92730894,70.86138844,actual
2018-06,78.01857585,75.92730894,70.86138844,actual
2018-07,78.01857585,75.92730894,70.86138844,actual
2018-08,78.01857585,75.92730894,70.86138844,actual
2018-09,78.01857585,75.92730894,70.86138844,actual
2018-10,78.01857585,75.92730894,70.86138844,actual
2018-11,78.01857585,75.92730894,70.86138844,actual
2018-12,78.01857585,75.92730894,70.86138844,actual
2019-01,79.72206714,80.67654801,72.2616157,predicted
2019-02,79.83712237,80.79567775,72.36984253,predicted
2019-03,79.9521776,80.91480748,72.47806936,predicted
2019-04,80.06723283,81.03393722,72.5862962,predicted
2019-05,80.18228806,81.15306695,72.69452303,predicted
2019-06,80.29734328,81.27219669,72.80274987,predicted
2019-07,80.41239851,81.39132643,72.9109767,predicted
2019-08,80.52745374,81.51045616,73.01920353,predicted
2019-09,80.64250897,81.6295859,73.12743037,predicted
2019-10,80.7575642,81.74871564,73.2356572,predicted
2019-11,80.87261943,81.86784537,73.34388404,predicted
2019-12,80.98767466,81.98697511,73.45211087,predicted
2020-01,81.10272989,82.10610484,73.5603377,predicted
2020-02,81.21778512,82.22523458,73.66856454,predicted
2020-03,81.33284035,82.34436432,73.77679137,predicted
2020-04,81.44789558,82.46349405,73.88501821,predicted
2020-05,81.56295081,82.58262379,73.99324504,predicted
2020-06,81.67800604,82.70175353,74.10147187,predicted
2020-07,81.79306127,82.82088326,74.20969871,predicted
2020-08,81.9081165,82.940013,74.31792554,predicted
2020-09,82.02317173,83.05914273,74.42615238,predicted
2020-10,82.13822695,83.17827247,74.53437921,predicted
2020-11,82.25328218,83.29740221,74.64260604,predicted
2020-12,82.36833741,83.41653194,74.75083288,predicted
2021-01,82.48339264,83.53566168,74.85905971,predicted
2021-02,82.59844787,83.65479142,74.96728655,predicted
2021-03,82.7135031,83.77392115,75.07551338,predicted
2021-04,82.82855833,83.89305089,75.18374021,predicted
2021-05,82.94361356,84.01218062,75.29196705,predicted
2021-06,83.05866879,84.13131036,75.40019388,predicted
2021-07,83.17372402,84.2504401,75.50842072,predicted
2021-08,83.28877925,84.36956983,75.61664755,predicted
2021-09,83.40383448,84.48869957,75.72487438,predicted
2021-10,83.51888971,84.6078293,75.83310122,predicted
2021-11,83.63394494,84.72695904,75.94132805,predicted
2021-12,83.74900017,84.84608878,76.04955488,predicted
2022-01,83.8640554,84.96521851,76.15778172,predicted
2022-02,83.97911062,85.08434825,76.26600855,predicted
2022-03,84.09416585,85.20347799,76.37423539,predicted
2022-04,84.20922108,85.32260772,76.48246222,predicted
2022-05,84.32427631,85.44173746,76.59068905,predicted
2022-06,84.43933154,85.56086719,76.69891589,predicted
2022-07,84.55438677,85.67999693,76.80714272,predicted
2022-08,84.669442,85.79912667,76.91536956,predicted
2022-09,84.78449723,85.9182564,77.02359639,predicted
2022-10,84.89955246,86.03738614,77.13182322,predicted
2022-11,85.01460769,86.15651588,77.24005006,predicted
2022-12,85.12966292,86.27564561,77.34827689,predicted
